-- MySQL dump 10.13  Distrib 8.4.5, for Linux (aarch64)
--
-- Host: 127.0.0.1    Database: db_pasar
-- ------------------------------------------------------
-- Server version	8.4.5

/*!40101 SET @OLD_CHARACTER_SET_CLIENT=@@CHARACTER_SET_CLIENT */;
/*!40101 SET @OLD_CHARACTER_SET_RESULTS=@@CHARACTER_SET_RESULTS */;
/*!40101 SET @OLD_COLLATION_CONNECTION=@@COLLATION_CONNECTION */;
/*!50503 SET NAMES utf8mb4 */;
/*!40103 SET @OLD_TIME_ZONE=@@TIME_ZONE */;
/*!40103 SET TIME_ZONE='+00:00' */;
/*!40014 SET @OLD_UNIQUE_CHECKS=@@UNIQUE_CHECKS, UNIQUE_CHECKS=0 */;
/*!40014 SET @OLD_FOREIGN_KEY_CHECKS=@@FOREIGN_KEY_CHECKS, FOREIGN_KEY_CHECKS=0 */;
/*!40101 SET @OLD_SQL_MODE=@@SQL_MODE, SQL_MODE='NO_AUTO_VALUE_ON_ZERO' */;
/*!40111 SET @OLD_SQL_NOTES=@@SQL_NOTES, SQL_NOTES=0 */;

--
-- Table structure for table `DB_IURAN`
--

DROP TABLE IF EXISTS `DB_IURAN`;
/*!40101 SET @saved_cs_client     = @@character_set_client */;
/*!50503 SET character_set_client = utf8mb4 */;
CREATE TABLE `DB_IURAN` (
  `IURAN_CODE` varchar(25) NOT NULL,
  `IURAN_PEDAGANG` varchar(50) NOT NULL,
  `IURAN_TANGGAL` datetime NOT NULL,
  `IURAN_JUMLAH` double NOT NULL,
  `IURAN_STATUS` enum('paid','pending','tidak berjualan','tidak bayar') NOT NULL DEFAULT 'pending',
  `IURAN_METODE_BAYAR` varchar(50) DEFAULT NULL,
  `IURAN_WAKTU_BAYAR` datetime DEFAULT NULL,
  `IURAN_USER` varchar(25) DEFAULT NULL,
  `createdAt` datetime NOT NULL DEFAULT CURRENT_TIMESTAMP,
  `updatedAt` datetime NOT NULL DEFAULT CURRENT_TIMESTAMP,
  PRIMARY KEY (`IURAN_CODE`),
  KEY `IURAN_PEDAGANG` (`IURAN_PEDAGANG`),
  CONSTRAINT `DB_IURAN_ibfk_1` FOREIGN KEY (`IURAN_PEDAGANG`) REFERENCES `DB_PEDAGANG` (`CUST_CODE`) ON DELETE CASCADE ON UPDATE CASCADE
) ENGINE=InnoDB DEFAULT CHARSET=utf8mb4 COLLATE=utf8mb4_0900_ai_ci;
/*!40101 SET character_set_client = @saved_cs_client */;

--
-- Dumping data for table `DB_IURAN`
--

LOCK TABLES `DB_IURAN` WRITE;
/*!40000 ALTER TABLE `DB_IURAN` DISABLE KEYS */;
INSERT INTO `DB_IURAN` VALUES ('IU2025050900004','CUST00001','2025-05-09 09:55:24',250000,'paid','transfer','2025-05-09 10:16:09','PSR0001001','2025-05-09 09:55:24','2025-05-09 10:16:09'),('IU2025050900005','CUST00001','2025-05-09 09:59:17',250000,'paid','qris','2025-05-09 10:16:04','PSR0001001','2025-05-09 09:59:17','2025-05-09 10:16:04'),('IU2025050900006','CUST00001','2025-05-09 10:15:42',250000,'paid','transfer','2025-05-10 10:15:55','PSR0001001','2025-05-09 10:15:42','2025-05-09 10:15:55'),('IU2025050900007','CUST00001','2025-05-09 11:17:52',250000,'paid','cash','2025-05-09 17:01:50','PSR0001002','2025-05-09 11:17:52','2025-05-09 17:01:50'),('IU2025050900008','CUST00001','2025-05-09 13:29:33',250000,'paid','cash','2025-05-08 17:01:59','PSR0001002','2025-05-09 13:29:33','2025-05-09 17:01:59'),('IU2025050900009','CUST00001','2025-05-09 15:40:13',250000,'paid','qris','2025-05-08 17:02:09','PSR0001002','2025-05-09 15:40:13','2025-05-09 17:02:09'),('IU2025050900010','CUST00001','2025-05-09 16:54:45',250000,'paid','cash','2025-05-08 17:02:20','PSR0001002','2025-05-09 16:54:45','2025-05-09 17:02:20'),('IU2025050900011','CUST00001','2025-05-09 16:55:26',250000,'paid','transfer','2025-05-08 17:02:29','PSR0001002','2025-05-09 16:55:26','2025-05-09 17:02:29'),('IU2025050900012','CUST00001','2025-05-09 16:55:54',250000,'paid','transfer','2025-05-08 17:02:38','PSR0001002','2025-05-09 16:55:54','2025-05-09 17:02:38'),('IU2025050900013','CUST00001','2025-05-09 16:58:11',250000,'paid','qris','2025-05-09 17:02:49','PSR0001002','2025-05-09 16:58:11','2025-05-09 17:02:49'),('IU2025050900014','CUST00001','2025-05-09 16:58:38',250000,'paid','transfer','2025-05-08 17:02:56','PSR0001002','2025-05-09 16:58:38','2025-05-09 17:02:56'),('IU2025051000001','CUST00001','2025-05-10 07:38:22',250000,'paid','transfer','2025-05-10 15:17:37','PSR0001002','2025-05-10 07:38:22','2025-05-10 15:17:37'),('IU2025051100002','CUST00001','2025-05-10 17:06:52',250000,'paid','transfer','2025-05-21 17:24:43','PSR0001002','2025-05-10 17:06:52','2025-05-10 17:24:43'),('IU2025051100009','CUST00002','2025-05-10 17:22:52',350000,'paid','cash','2025-05-13 17:23:18','PSR0002001','2025-05-10 17:22:52','2025-05-10 17:23:18'),('IU2025051100010','CUST00003','2025-05-10 17:22:52',150000,'paid','qris','2025-05-22 17:23:43','PSR0002001','2025-05-10 17:22:52','2025-05-10 17:23:43'),('IU2025051100017','CUST00004','2025-05-11 00:51:00',500000,'paid','cash','2025-05-13 00:51:37','PSR0002001','2025-05-11 00:51:00','2025-05-11 00:51:37'),('IU2025051100018','CUST00005','2025-05-11 13:45:54',150000,'paid','tunai','2025-05-15 07:21:40','USR001','2025-05-11 13:45:54','2025-05-15 07:21:40'),('IU2025051200001','CUST00001','2025-05-12 00:45:40',250000,'paid','qris','2025-05-15 06:30:24','USR001','2025-05-12 00:45:40','2025-05-15 06:30:24'),('IU2025051200002','CUST00002','2025-05-12 00:45:40',350000,'paid','tunai','2025-05-15 07:52:27','USR001','2025-05-12 00:45:40','2025-05-15 07:52:27'),('IU2025051200003','CUST00003','2025-05-12 00:45:40',150000,'paid','transfer','2025-05-15 04:03:31','USR001','2025-05-12 00:45:40','2025-05-15 04:03:31'),('IU2025051200004','CUST00004','2025-05-12 00:45:40',500000,'paid','qris','2025-05-15 02:49:07','USR001','2025-05-12 00:45:40','2025-05-15 02:49:07'),('IU2025051200005','CUST00005','2025-05-12 00:45:40',150000,'paid','tunai','2025-05-15 07:36:42','USR001','2025-05-12 00:45:40','2025-05-15 07:36:42'),('IU2025051300001','CUST00001','2025-05-13 01:26:44',250000,'paid','qris','2025-05-15 06:07:23','USR001','2025-05-13 01:26:44','2025-05-15 06:07:23'),('IU2025051300002','CUST00002','2025-05-13 01:26:44',350000,'paid','tunai','2025-05-15 07:58:23','USR001','2025-05-13 01:26:44','2025-05-15 07:58:23'),('IU2025051300003','CUST00003','2025-05-13 01:26:44',150000,'paid','transfer','2025-05-15 04:03:31','USR001','2025-05-13 01:26:44','2025-05-15 04:03:31'),('IU2025051300004','CUST00004','2025-05-13 01:26:44',500000,'paid','qris','2025-05-15 02:49:07','USR001','2025-05-13 01:26:44','2025-05-15 02:49:07'),('IU2025051300005','CUST00005','2025-05-13 01:26:44',150000,'paid','tunai','2025-05-15 07:36:42','USR001','2025-05-13 01:26:44','2025-05-15 07:36:42'),('IU2025051400001','CUST00001','2025-05-14 01:21:02',250000,'paid','qris','2025-05-15 06:44:26','USR001','2025-05-14 01:21:02','2025-05-15 06:44:26'),('IU2025051400002','CUST00002','2025-05-14 01:21:02',350000,'paid','tunai','2025-05-15 10:07:15','USR001','2025-05-14 01:21:02','2025-05-15 10:07:15'),('IU2025051400003','CUST00003','2025-05-14 01:21:02',150000,'paid','tunai','2025-05-15 09:53:51','USR001','2025-05-14 01:21:03','2025-05-15 09:53:51'),('IU2025051400004','CUST00004','2025-05-14 01:21:02',500000,'paid','tunai','2025-05-15 03:07:36','USR001','2025-05-14 01:21:03','2025-05-15 03:07:36'),('IU2025051400005','CUST00005','2025-05-14 01:21:02',150000,'paid','transfer','2025-05-15 07:39:22','USR001','2025-05-14 01:21:03','2025-05-15 07:39:22'),('IU2025051500001','CUST00001','2025-05-15 01:41:35',250000,'paid','tunai','2025-05-15 07:13:18','USR001','2025-05-15 01:41:35','2025-05-15 07:13:18'),('IU2025051500002','CUST00002','2025-05-15 01:41:35',350000,'paid','tunai','2025-05-15 10:11:20','USR001','2025-05-15 01:41:35','2025-05-15 10:11:20'),('IU2025051500003','CUST00003','2025-05-15 01:41:35',150000,'paid','qris','2025-05-15 10:18:08','USR001','2025-05-15 01:41:35','2025-05-15 10:18:08'),('IU2025051500004','CUST00004','2025-05-15 01:41:35',500000,'paid','tunai','2025-05-15 03:07:36','USR001','2025-05-15 01:41:35','2025-05-15 03:07:36'),('IU2025051500005','CUST00005','2025-05-15 01:41:35',150000,'paid','qris','2025-05-15 07:41:34','USR001','2025-05-15 01:41:35','2025-05-15 07:41:34'),('IU2025051500006','CUST00006','2025-05-15 12:02:24',25000,'paid','qris','2025-05-15 12:18:08','PSR0001002','2025-05-15 12:02:24','2025-05-15 12:18:08'),('IU2025051500007','CUST00007','2025-05-15 12:02:24',25000,'paid','transfer','2025-05-15 13:38:58','USR001','2025-05-15 12:02:24','2025-05-15 13:38:58'),('IU2025051500008','CUST00008','2025-05-15 12:02:24',250000,'paid','qris','2025-05-15 13:27:52','USR001','2025-05-15 12:02:24','2025-05-15 13:27:52'),('IU2025051500009','CUST00009','2025-05-15 12:02:24',25000,'paid','qris','2025-05-15 13:43:25','USR001','2025-05-15 12:02:24','2025-05-15 13:43:25'),('IU2025051500010','CUST00010','2025-05-15 14:00:56',25000,'paid','transfer','2025-05-15 14:59:07','USR001','2025-05-15 14:00:56','2025-05-15 14:59:07'),('IU2025051600001','CUST00001','2025-05-16 02:47:17',250000,'pending','',NULL,'','2025-05-16 02:47:17','2025-05-16 02:47:17'),('IU2025051600002','CUST00002','2025-05-16 02:47:17',350000,'pending','',NULL,'','2025-05-16 02:47:17','2025-05-16 02:47:17'),('IU2025051600003','CUST00003','2025-05-16 02:47:17',150000,'pending','',NULL,'','2025-05-16 02:47:17','2025-05-16 02:47:17'),('IU2025051600004','CUST00004','2025-05-16 02:47:17',500000,'pending','',NULL,'','2025-05-16 02:47:17','2025-05-16 02:47:17'),('IU2025051600005','CUST00005','2025-05-16 02:47:17',150000,'paid','transfer','2025-05-16 02:49:13','USR001','2025-05-16 02:47:17','2025-05-16 02:49:13'),('IU2025051600006','CUST00006','2025-05-16 02:47:17',25000,'pending','',NULL,'','2025-05-16 02:47:17','2025-05-16 02:47:17'),('IU2025051600007','CUST00007','2025-05-16 02:47:17',25000,'pending','',NULL,'','2025-05-16 02:47:17','2025-05-16 02:47:17'),('IU2025051600008','CUST00008','2025-05-16 02:47:17',250000,'paid','qris','2025-05-16 03:14:42','USR001','2025-05-16 02:47:17','2025-05-16 03:14:42'),('IU2025051600009','CUST00009','2025-05-16 02:47:17',25000,'pending','',NULL,'','2025-05-16 02:47:17','2025-05-16 02:47:17'),('IU2025051600010','CUST00010','2025-05-16 02:47:17',25000,'paid','qris','2025-05-16 04:15:53','PSR0001002','2025-05-16 02:47:17','2025-05-16 04:15:53');
/*!40000 ALTER TABLE `DB_IURAN` ENABLE KEYS */;
UNLOCK TABLES;

--
-- Table structure for table `DB_LAPAK`
--

DROP TABLE IF EXISTS `DB_LAPAK`;
/*!40101 SET @saved_cs_client     = @@character_set_client */;
/*!50503 SET character_set_client = utf8mb4 */;
CREATE TABLE `DB_LAPAK` (
  `LAPAK_CODE` varchar(50) NOT NULL,
  `LAPAK_NAMA` varchar(150) DEFAULT NULL,
  `LAPAK_BLOK` varchar(50) DEFAULT NULL,
  `LAPAK_UKURAN` varchar(50) DEFAULT NULL,
  `LAPAK_TYPE` varchar(50) DEFAULT NULL,
  `LAPAK_PENYEWA` varchar(50) DEFAULT NULL,
  `LAPAK_MULAI` datetime DEFAULT NULL,
  `LAPAK_AKHIR` datetime DEFAULT NULL,
  `LAPAK_STATUS` enum('aktif','kosong','rusak') DEFAULT 'kosong',
  `LAPAK_OWNER` varchar(50) DEFAULT NULL,
  `createdAt` datetime NOT NULL DEFAULT CURRENT_TIMESTAMP,
  `updatedAt` datetime NOT NULL DEFAULT CURRENT_TIMESTAMP,
  PRIMARY KEY (`LAPAK_CODE`)
) ENGINE=InnoDB DEFAULT CHARSET=utf8mb4 COLLATE=utf8mb4_0900_ai_ci;
/*!40101 SET character_set_client = @saved_cs_client */;

--
-- Dumping data for table `DB_LAPAK`
--

LOCK TABLES `DB_LAPAK` WRITE;
/*!40000 ALTER TABLE `DB_LAPAK` DISABLE KEYS */;
INSERT INTO `DB_LAPAK` VALUES ('PSR0001LAP001','Lapak 1','A5','3x3','TYPE003','CUST00001','2025-05-08 00:00:00','2025-05-29 00:00:00','aktif','PSR0001','2025-05-09 09:37:00','2025-05-09 09:37:26'),('PSR0001LAP002','Lapak 5','A5','3x3','TYPE001','CUST00006','2025-05-14 00:00:00','2025-05-21 00:00:00','aktif','PSR0001','2025-05-15 11:59:01','2025-05-15 12:00:24'),('PSR0001LAP003','Lapak 6','A5','3x3','TYPE001','CUST00007','2025-05-14 00:00:00','2025-05-21 00:00:00','aktif','PSR0001','2025-05-15 11:59:07','2025-05-15 12:00:45'),('PSR0001LAP004','Lapak 88','A5','3x3','TYPE001','CUST00008','2025-05-14 00:00:00','2025-05-21 00:00:00','aktif','PSR0001','2025-05-15 11:59:12','2025-05-15 12:01:37'),('PSR0001LAP005','Lapak 99','A5','3x3','TYPE001','CUST00009','2025-05-14 00:00:00','2025-05-28 00:00:00','aktif','PSR0001','2025-05-15 11:59:18','2025-05-15 12:02:10'),('PSR0001LAP006','Lapak 33','A5','3x3','TYPE001','CUST00010','2025-05-14 00:00:00','2025-05-28 00:00:00','aktif','PSR0001','2025-05-15 14:00:10','2025-05-15 14:00:38'),('PSR0002LAP001','Lapak 69','A8','5x5','TYPE004','CUST00002','2025-05-10 00:00:00','2025-05-14 00:00:00','aktif','PSR0002','2025-05-10 17:19:44','2025-05-10 17:21:13'),('PSR0002LAP002','Lapak 68','A5','5x5','TYPE003','CUST00003','2025-05-14 00:00:00','2025-06-06 00:00:00','aktif','PSR0002','2025-05-10 17:19:57','2025-05-10 17:22:36'),('PSR0002LAP003','Lapak 51','A6','7x5','TYPE005','CUST00004','2025-05-14 00:00:00','2025-06-29 00:00:00','aktif','PSR0002','2025-05-11 00:49:06','2025-05-11 00:49:59'),('PSR0002LAP004','lapak 77','A4','3x3','TYPE003','CUST00005','2025-05-10 00:00:00','2025-05-22 00:00:00','aktif','PSR0002','2025-05-11 13:44:07','2025-05-11 13:45:36');
/*!40000 ALTER TABLE `DB_LAPAK` ENABLE KEYS */;
UNLOCK TABLES;

--
-- Table structure for table `DB_PEDAGANG`
--

DROP TABLE IF EXISTS `DB_PEDAGANG`;
/*!40101 SET @saved_cs_client     = @@character_set_client */;
/*!50503 SET character_set_client = utf8mb4 */;
CREATE TABLE `DB_PEDAGANG` (
  `CUST_CODE` varchar(50) NOT NULL,
  `CUST_NAMA` varchar(150) NOT NULL,
  `CUST_NIK` varchar(50) NOT NULL,
  `CUST_PHONE` varchar(50) DEFAULT NULL,
  `CUST_OWNER` varchar(50) DEFAULT NULL,
  `CUST_IURAN` varchar(50) DEFAULT NULL,
  `CUST_STATUS` enum('aktif','nonaktif') DEFAULT NULL,
  `createdAt` datetime NOT NULL,
  `updatedAt` datetime NOT NULL,
  PRIMARY KEY (`CUST_CODE`)
) ENGINE=InnoDB DEFAULT CHARSET=utf8mb4 COLLATE=utf8mb4_0900_ai_ci;
/*!40101 SET character_set_client = @saved_cs_client */;

--
-- Dumping data for table `DB_PEDAGANG`
--

LOCK TABLES `DB_PEDAGANG` WRITE;
/*!40000 ALTER TABLE `DB_PEDAGANG` DISABLE KEYS */;
INSERT INTO `DB_PEDAGANG` VALUES ('CUST00001','Agus','1234567890999999','081234567898','PSR0001','250000','aktif','2025-05-09 09:37:26','2025-05-09 09:37:26'),('CUST00002','Celloz','1111111111111111','09876654432','PSR0002','350000','aktif','2025-05-10 17:21:13','2025-05-10 17:21:13'),('CUST00003','Dedy','1234567898765456','098765456712','PSR0002','150000','aktif','2025-05-10 17:22:36','2025-05-10 17:22:36'),('CUST00004','Supri','1234567898765432','089765435643','PSR0002','500000','aktif','2025-05-11 00:49:59','2025-05-11 00:49:59'),('CUST00005','Mubarok','1234526354637465','0812345645321','PSR0002','150000','aktif','2025-05-11 13:45:36','2025-05-11 13:45:36'),('CUST00006','Ahmad Yusuf Hari','1234567890999883','081234567333','PSR0001','25000','aktif','2025-05-15 12:00:24','2025-05-15 12:00:24'),('CUST00007','Hasyim','1234567890999882','081234567334','PSR0001','25000','aktif','2025-05-15 12:00:45','2025-05-15 12:00:45'),('CUST00008','Endang H','1234567890999997','081234567897','PSR0001','250000','aktif','2025-05-15 12:01:36','2025-05-15 12:01:36'),('CUST00009','Yusuf','1234567890987677','081234567877','PSR0001','25000','aktif','2025-05-15 12:02:10','2025-05-15 12:02:10'),('CUST00010','Ali','1234567890999221','081234567811','PSR0001','25000','aktif','2025-05-15 14:00:38','2025-05-15 14:00:38');
/*!40000 ALTER TABLE `DB_PEDAGANG` ENABLE KEYS */;
UNLOCK TABLES;

--
-- Table structure for table `DB_TYPE_LAPAK`
--

DROP TABLE IF EXISTS `DB_TYPE_LAPAK`;
/*!40101 SET @saved_cs_client     = @@character_set_client */;
/*!50503 SET character_set_client = utf8mb4 */;
CREATE TABLE `DB_TYPE_LAPAK` (
  `TYPE_CODE` varchar(50) NOT NULL,
  `TYPE_NAMA` varchar(150) NOT NULL,
  PRIMARY KEY (`TYPE_CODE`)
) ENGINE=InnoDB DEFAULT CHARSET=utf8mb4 COLLATE=utf8mb4_0900_ai_ci;
/*!40101 SET character_set_client = @saved_cs_client */;

--
-- Dumping data for table `DB_TYPE_LAPAK`
--

LOCK TABLES `DB_TYPE_LAPAK` WRITE;
/*!40000 ALTER TABLE `DB_TYPE_LAPAK` DISABLE KEYS */;
INSERT INTO `DB_TYPE_LAPAK` VALUES ('TYPE001','Luar'),('TYPE003','Emper'),('TYPE004','Diatas'),('TYPE005','Dalam');
/*!40000 ALTER TABLE `DB_TYPE_LAPAK` ENABLE KEYS */;
UNLOCK TABLES;

--
-- Table structure for table `LOG_ACTIVITY`
--

DROP TABLE IF EXISTS `LOG_ACTIVITY`;
/*!40101 SET @saved_cs_client     = @@character_set_client */;
/*!50503 SET character_set_client = utf8mb4 */;
CREATE TABLE `LOG_ACTIVITY` (
  `id` int NOT NULL AUTO_INCREMENT,
  `LOG_TARGET` varchar(255) DEFAULT NULL,
  `LOG_USER` varchar(255) DEFAULT NULL,
  `LOG_ACTION` text,
  `LOG_DETAIL` text,
  `LOG_SOURCE` text,
  `LOG_RECORD` datetime DEFAULT NULL,
  `LOG_OWNER` varchar(255) DEFAULT NULL,
  PRIMARY KEY (`id`)
) ENGINE=InnoDB AUTO_INCREMENT=211 DEFAULT CHARSET=utf8mb4 COLLATE=utf8mb4_0900_ai_ci;
/*!40101 SET character_set_client = @saved_cs_client */;

--
-- Dumping data for table `LOG_ACTIVITY`
--

LOCK TABLES `LOG_ACTIVITY` WRITE;
/*!40000 ALTER TABLE `LOG_ACTIVITY` DISABLE KEYS */;
INSERT INTO `LOG_ACTIVITY` VALUES (11,NULL,'petugas2','edit','success','eyJ1c2VyX25hbWUiOiJwZXR1Z2FzMiIsInVzZXJfcGFzcyI6IiIsInVzZXJfZW1haWwiOiJhZG1pbkBleGFtcGxlLmNvbSIsInVzZXJfcGhvbmUiOiIwODEyMzQ1Njc4OTAiLCJ1c2VyX3N0YXR1cyI6Ik4iLCJ1c2VyX2xldmVsX25hbWUiOiJQZXR1Z2FzIn0=','2025-05-08 08:45:52',NULL),(12,NULL,'petugas1','edit','success','eyJ1c2VyX25hbWUiOiJwZXR1Z2FzMSIsInVzZXJfcGFzcyI6IiIsInVzZXJfZW1haWwiOiJhZG1pbkBleGFtcGxlLmNvbSIsInVzZXJfcGhvbmUiOiIwODEyMzQ1Njc4OTAiLCJ1c2VyX3N0YXR1cyI6Ik4iLCJ1c2VyX2xldmVsX25hbWUiOiJQZXR1Z2FzIn0=','2025-05-08 08:46:04',NULL),(13,NULL,'petugas1','edit','success','eyJ1c2VyX25hbWUiOiJwZXR1Z2FzMSIsInVzZXJfcGFzcyI6IiIsInVzZXJfZW1haWwiOiJhZG1pbkBleGFtcGxlLmNvbSIsInVzZXJfcGhvbmUiOiIwODEyMzQ1Njc4OTAiLCJ1c2VyX3N0YXR1cyI6Ik4iLCJ1c2VyX2xldmVsX25hbWUiOiJQZXR1Z2FzIn0=','2025-05-08 08:57:30',NULL),(14,NULL,'petugas1','edit','success','eyJ1c2VyX25hbWUiOiJwZXR1Z2FzMSIsInVzZXJfcGFzcyI6IiIsInVzZXJfZW1haWwiOiJhZG1pbkBleGFtcGxlLmNvbSIsInVzZXJfcGhvbmUiOiIwODEyMzQ1Njc4OTAiLCJ1c2VyX3N0YXR1cyI6IkEiLCJ1c2VyX2xldmVsX25hbWUiOiJQZXR1Z2FzIiwicGFzYXJfY29kZSI6IlBTUjAwMTIifQ==','2025-05-08 08:58:17',NULL),(15,NULL,'petugas','edit','success','eyJ1c2VyX25hbWUiOiJwZXR1Z2FzIiwidXNlcl9wYXNzIjoiIiwidXNlcl9lbWFpbCI6ImFkbWluQGV4YW1wbGUuY29tIiwidXNlcl9waG9uZSI6IjA4MTIzNDU2Nzg5MCIsInVzZXJfc3RhdHVzIjoiQSIsInVzZXJfbGV2ZWxfbmFtZSI6IlBldHVnYXMifQ==','2025-05-08 09:00:11',NULL),(16,NULL,'petugas1','edit','success','eyJ1c2VyX25hbWUiOiJwZXR1Z2FzMSIsInVzZXJfcGFzcyI6IiIsInVzZXJfZW1haWwiOiJhZG1pbkBleGFtcGxlLmNvbSIsInVzZXJfcGhvbmUiOiIwODEyMzQ1Njc4OTAiLCJ1c2VyX3N0YXR1cyI6IkEiLCJ1c2VyX2xldmVsX25hbWUiOiJQZXR1Z2FzIn0=','2025-05-08 09:05:14',NULL),(17,NULL,'petugas4','edit','success','eyJ1c2VyX25hbWUiOiJwZXR1Z2FzNCIsInVzZXJfcGFzcyI6IiIsInVzZXJfZW1haWwiOiJwZXR1Z2FzMkBleGFtcGxlLmNvbSIsInVzZXJfcGhvbmUiOiIwODEyMzQ1Njc4OTAiLCJ1c2VyX3N0YXR1cyI6IkEiLCJ1c2VyX2xldmVsX25hbWUiOiJQZXR1Z2FzIn0=','2025-05-08 09:44:05',NULL),(18,NULL,'petugas2','edit','success','eyJ1c2VyX25hbWUiOiJwZXR1Z2FzMiIsInVzZXJfcGFzcyI6IiIsInVzZXJfZW1haWwiOiJwZXR1Z2FzM0BleGFtcGxlLmNvbSIsInVzZXJfcGhvbmUiOiIwODEyMzQ1Njc4NzkiLCJ1c2VyX3N0YXR1cyI6IkEiLCJ1c2VyX2xldmVsX25hbWUiOiJQZXR1Z2FzIn0=','2025-05-08 09:44:42',NULL),(19,NULL,'petugas11','edit','success','eyJ1c2VyX25hbWUiOiJwZXR1Z2FzMTEiLCJ1c2VyX3Bhc3MiOiIiLCJ1c2VyX2VtYWlsIjoicGV0dWdhczNAZXhhbXBsZS5jb20iLCJ1c2VyX3Bob25lIjoiMDgxMjM0NTY3ODc5IiwidXNlcl9zdGF0dXMiOiJBIiwidXNlcl9sZXZlbF9uYW1lIjoiUGV0dWdhcyJ9','2025-05-08 09:45:43',NULL),(20,'PSR0002001','superadmin','edit','failed','eyJ1c2VyX25hbWUiOiJwZXR1Z2FzMSIsInVzZXJfcGFzcyI6IiIsInVzZXJfZW1haWwiOiJwZXR1Z2FzM0BleGFtcGxlLmNvbSIsInVzZXJfcGhvbmUiOiIwODEyMzQ1Njc4NzkiLCJ1c2VyX3N0YXR1cyI6IkEiLCJ1c2VyX2xldmVsX25hbWUiOiJQZXR1Z2FzIn0=','2025-05-08 09:48:49','PSR0004'),(21,'PSR0002001','superadmin','edit','failed','eyJ1c2VyX25hbWUiOiJwZXR1Z2FzMiIsInVzZXJfcGFzcyI6IiIsInVzZXJfZW1haWwiOiJwZXR1Z2FzM0BleGFtcGxlLmNvbSIsInVzZXJfcGhvbmUiOiIwODEyMzQ1Njc4NzkiLCJ1c2VyX3N0YXR1cyI6IkEiLCJ1c2VyX2xldmVsX25hbWUiOiJQZXR1Z2FzIn0=','2025-05-08 09:48:57','PSR0004'),(22,'CUST00001','USR001','delete','success','eyJjb2RlIjoiQ1VTVDAwMDAxIn0=','2025-05-08 10:01:17','PSR0004'),(23,'PSR0004LAP006','USR001','create','success','e30=','2025-05-08 10:25:24','PSR0004'),(24,'CUST00026','USR001','create','success','e30=','2025-05-08 10:25:56','PSR0004'),(25,'PSR0002LAP004','USR001','update','success','eyJjb2RlIjoiUFNSMDAwMkxBUDAwNCJ9','2025-05-08 10:25:56','PSR0004'),(26,'PSR0011','USR001','delete','success','eyJwYXNhcl9jb2RlIjoiUFNSMDAxMSJ9','2025-05-08 10:26:05','PSR0004'),(27,'IU2025050600004','USR001','delete','success','eyJjb2RlIjoiSVUyMDI1MDUwNjAwMDA0In0=','2025-05-08 10:30:17','PSR0004'),(28,'IU2025050800003','USR001','create','success','e30=','2025-05-08 14:14:07','PSR0004'),(29,'IU2025050800001','USR001','delete','success','eyJjb2RlIjoiSVUyMDI1MDUwODAwMDAxIn0=','2025-05-08 14:14:22','PSR0004'),(30,'CUST00025','USR001','update','success','eyJjb2RlIjoiQ1VTVDAwMDI1In0=','2025-05-08 14:19:42','PSR0004'),(31,'PSR0002LAP002','USR001','update','success','eyJjb2RlIjoiUFNSMDAwMkxBUDAwMiJ9','2025-05-08 14:19:42','PSR0004'),(32,'PSR0004LAP001','USR001','update','success','eyJjb2RlIjoiUFNSMDAwNExBUDAwMSJ9','2025-05-08 14:19:42','PSR0004'),(33,'IU2025050800003','USR001','update','success','eyJjb2RlIjoiSVUyMDI1MDUwODAwMDAzIn0=','2025-05-08 14:21:26','PSR0004'),(34,'IU2025050800003','USR001','update','failed','eyJjb2RlIjoiSVUyMDI1MDUwODAwMDAzIn0=','2025-05-08 14:21:26','PSR0004'),(35,'IU2025050800003','USR001','update','success','eyJjb2RlIjoiSVUyMDI1MDUwODAwMDAzIn0=','2025-05-08 14:24:58','PSR0004'),(36,'PSR0001LAP001','USR001','update','success','eyJjb2RlIjoiUFNSMDAwMUxBUDAwMSJ9','2025-05-08 14:49:02','PSR0004'),(37,'PSR0001LAP001','USR001','update','success','eyJjb2RlIjoiUFNSMDAwMUxBUDAwMSJ9','2025-05-08 14:49:13','PSR0004'),(38,'PSR0001LAP001','USR001','update','success','eyJjb2RlIjoiUFNSMDAwMUxBUDAwMSJ9','2025-05-08 14:49:48','PSR0004'),(39,'PSR0001LAP001','USR001','update','success','eyJjb2RlIjoiUFNSMDAwMUxBUDAwMSJ9','2025-05-08 14:51:45','PSR0004'),(40,'PSR0004LAP006','USR001','update','success','eyJjb2RlIjoiUFNSMDAwNExBUDAwNiJ9','2025-05-08 14:52:18','PSR0004'),(41,'PSR0004LAP007','USR001','create','success','e30=','2025-05-09 03:22:16','PSR0004'),(42,'PSR0004LAP008','USR001','create','success','e30=','2025-05-09 03:22:23','PSR0004'),(43,'CUST00027','USR001','create','success','e30=','2025-05-09 03:23:13','PSR0004'),(44,'PSR0004LAP007','USR001','update','success','eyJjb2RlIjoiUFNSMDAwNExBUDAwNyJ9','2025-05-09 03:23:13','PSR0004'),(45,'PSR0004LAP008','USR001','update','success','eyJjb2RlIjoiUFNSMDAwNExBUDAwOCJ9','2025-05-09 03:23:14','PSR0004'),(46,'PSR0001LAP001','PSR0001001','delete','success','eyJjb2RlIjoiUFNSMDAwMUxBUDAwMSJ9','2025-05-09 03:31:05','PSR0001'),(47,'PSR0001LAP001','PSR0001001','create','success','e30=','2025-05-09 03:31:15','PSR0001'),(48,'CUST00028','PSR0001001','create','success','e30=','2025-05-09 03:32:14','PSR0001'),(49,'PSR0001LAP001','PSR0001001','update','success','eyJjb2RlIjoiUFNSMDAwMUxBUDAwMSJ9','2025-05-09 03:32:14','PSR0001'),(50,'IU2025050900001','PSR0001001','create','success','e30=','2025-05-09 03:33:00','PSR0001'),(51,'PSR0001LAP002','PSR0001001','create','success','e30=','2025-05-09 04:23:00','PSR0001'),(52,'CUST00029','PSR0001001','create','success','e30=','2025-05-09 04:24:22','PSR0001'),(53,'PSR0001LAP002','PSR0001001','update','success','eyJjb2RlIjoiUFNSMDAwMUxBUDAwMiJ9','2025-05-09 04:24:22','PSR0001'),(54,'CUST00028','PSR0001001','delete','success','eyJjb2RlIjoiQ1VTVDAwMDI4In0=','2025-05-09 04:24:48','PSR0001'),(55,'PSR0001LAP001','PSR0001001','delete','success','eyJjb2RlIjoiUFNSMDAwMUxBUDAwMSJ9','2025-05-09 04:24:54','PSR0001'),(56,'CUST00009','USR001','delete','success','eyJjb2RlIjoiQ1VTVDAwMDA5In0=','2025-05-09 04:25:37','PSR0004'),(57,'PSR0012','USR001','delete','success','eyJwYXNhcl9jb2RlIjoiUFNSMDAxMiJ9','2025-05-09 06:22:21','PSR0004'),(58,'CUST00011','USR001','delete','success','eyJ1c2VyIjp7ImlkIjoiVVNSMDAxIiwibmFtZSI6InN1cGVyYWRtaW4iLCJsZXZlbCI6IlNVQSIsIm93bmVyIjoiUFNSMDAwNCJ9LCJxdWVyeSI6IkV4ZWN1dGluZyAoZGVmYXVsdCk6IERFTEVURSBGUk9NIGBEQl9QRURBR0FOR2AgV0hFUkUgYENVU1RfQ09ERWAgPSAnQ1VTVDAwMDExJyJ9','2025-05-09 06:42:13','PSR0004'),(59,'PSR0021','USR001','create','success','eyJ1c2VyIjp7ImlkIjoiVVNSMDAxIiwibmFtZSI6InN1cGVyYWRtaW4iLCJsZXZlbCI6IlNVQSIsIm93bmVyIjoiUFNSMDAwNCJ9LCJxdWVyeSI6IkV4ZWN1dGluZyAoZGVmYXVsdCk6IElOU0VSVCBJTlRPIGBkYXRhX3Bhc2Fyc2AgKGBwYXNhcl9jb2RlYCxgcGFzYXJfbmFtYWAsYHBhc2FyX2xvZ29gLGBwYXNhcl9zdGF0dXNgLGBjcmVhdGVkQXRgLGB1cGRhdGVkQXRgKSBWQUxVRVMgKD8sPyw/LD8sPyw/KTsifQ==','2025-05-09 07:07:28','PSR0004'),(60,'PSR0014','USR001','delete','success','eyJ1c2VyIjp7ImlkIjoiVVNSMDAxIiwibmFtZSI6InN1cGVyYWRtaW4iLCJsZXZlbCI6IlNVQSIsIm93bmVyIjoiUFNSMDAwNCJ9LCJxdWVyeSI6IkV4ZWN1dGluZyAoZGVmYXVsdCk6IERFTEVURSBGUk9NIGBkYXRhX3Bhc2Fyc2AgV0hFUkUgYHBhc2FyX2NvZGVgID0gJ1BTUjAwMTQnIn0=','2025-05-09 07:13:20','PSR0004'),(61,'PSR0022','USR001','create','success','eyJ1c2VyIjp7ImlkIjoiVVNSMDAxIiwibmFtZSI6InN1cGVyYWRtaW4iLCJsZXZlbCI6IlNVQSIsIm93bmVyIjoiUFNSMDAwNCJ9LCJxdWVyeSI6IkV4ZWN1dGluZyAoZGVmYXVsdCk6IElOU0VSVCBJTlRPIGBkYXRhX3Bhc2Fyc2AgKGBwYXNhcl9jb2RlYCxgcGFzYXJfbmFtYWAsYHBhc2FyX2xvZ29gLGBwYXNhcl9zdGF0dXNgLGBjcmVhdGVkQXRgLGB1cGRhdGVkQXRgKSBWQUxVRVMgKD8sPyw/LD8sPyw/KTsiLCJkYXRhIjp7InBhc2FyX25hbWEiOiJQYXNhciBlbXBhdCIsInBhc2FyX3N0YXR1cyI6Ik4ifX0=','2025-05-09 07:13:31','PSR0004'),(62,'PSR0004LAP009','USR001','create','success','eyJ1c2VyIjp7ImlkIjoiVVNSMDAxIiwibmFtZSI6InN1cGVyYWRtaW4iLCJsZXZlbCI6IlNVQSIsIm93bmVyIjoiUFNSMDAwNCJ9LCJxdWVyeSI6IkV4ZWN1dGluZyAoZGVmYXVsdCk6IElOU0VSVCBJTlRPIGBEQl9MQVBBS2AgKGBMQVBBS19DT0RFYCxgTEFQQUtfTkFNQWAsYExBUEFLX0JMT0tgLGBMQVBBS19VS1VSQU5gLGBMQVBBS19UWVBFYCxgTEFQQUtfUEVOWUVXQWAsYExBUEFLX01VTEFJYCxgTEFQQUtfQUtISVJgLGBMQVBBS19TVEFUVVNgLGBMQVBBS19PV05FUmAsYGNyZWF0ZWRBdGAsYHVwZGF0ZWRBdGApIFZBTFVFUyAoPyw/LD8sPyw/LD8sPyw/LD8sPyw/LD8pOyJ9','2025-05-09 07:31:44','PSR0004'),(63,'PSR0001LAP003','PSR0001001','create','success','eyJ1c2VyIjp7ImlkIjoiUFNSMDAwMTAwMSIsIm5hbWUiOiJwZXR1Z2FzMSIsImxldmVsIjoiUFRHIiwib3duZXIiOiJQU1IwMDAxIn0sInF1ZXJ5IjoiRXhlY3V0aW5nIChkZWZhdWx0KTogSU5TRVJUIElOVE8gYERCX0xBUEFLYCAoYExBUEFLX0NPREVgLGBMQVBBS19OQU1BYCxgTEFQQUtfQkxPS2AsYExBUEFLX1VLVVJBTmAsYExBUEFLX1RZUEVgLGBMQVBBS19QRU5ZRVdBYCxgTEFQQUtfTVVMQUlgLGBMQVBBS19BS0hJUmAsYExBUEFLX1NUQVRVU2AsYExBUEFLX09XTkVSYCxgY3JlYXRlZEF0YCxgdXBkYXRlZEF0YCkgVkFMVUVTICg/LD8sPyw/LD8sPyw/LD8sPyw/LD8sPyk7In0=','2025-05-09 07:34:18','PSR0001'),(64,'CUST00030','PSR0001001','create','success','eyJ1c2VyIjp7ImlkIjoiUFNSMDAwMTAwMSIsIm5hbWUiOiJwZXR1Z2FzMSIsImxldmVsIjoiUFRHIiwib3duZXIiOiJQU1IwMDAxIn0sInF1ZXJ5IjoiRXhlY3V0aW5nICgyZmJkOTRmYS0wZjBjLTQ5Y2UtYjI3NS1hZjI5YmQzZmZjZGYpOiBJTlNFUlQgSU5UTyBgREJfUEVEQUdBTkdgIChgQ1VTVF9DT0RFYCxgQ1VTVF9OQU1BYCxgQ1VTVF9OSUtgLGBDVVNUX1BIT05FYCxgQ1VTVF9PV05FUmAsYENVU1RfU1RBVFVTYCxgY3JlYXRlZEF0YCxgdXBkYXRlZEF0YCkgVkFMVUVTICg/LD8sPyw/LD8sPyw/LD8pOyJ9','2025-05-09 07:35:00','PSR0001'),(65,'PSR0001LAP003','PSR0001001','update','success','eyJ1c2VyIjp7ImlkIjoiUFNSMDAwMTAwMSIsIm5hbWUiOiJwZXR1Z2FzMSIsImxldmVsIjoiUFRHIiwib3duZXIiOiJQU1IwMDAxIn0sInF1ZXJ5IjoiRXhlY3V0aW5nIChkZWZhdWx0KTogVVBEQVRFIGBEQl9MQVBBS2AgU0VUIGBMQVBBS19TVEFUVVNgPT8sYExBUEFLX1BFTllFV0FgPT8sYExBUEFLX01VTEFJYD0/LGBMQVBBS19BS0hJUmA9PyxgdXBkYXRlZEF0YD0/IFdIRVJFIGBMQVBBS19DT0RFYCA9ID8ifQ==','2025-05-09 07:35:00','PSR0001'),(66,'PSR0001LAP002','PSR0001001','update','success','eyJ1c2VyIjp7ImlkIjoiUFNSMDAwMTAwMSIsIm5hbWUiOiJwZXR1Z2FzMSIsImxldmVsIjoiUFRHIiwib3duZXIiOiJQU1IwMDAxIn0sInF1ZXJ5IjoiRXhlY3V0aW5nIChkZWZhdWx0KTogU0VMRUNUIGBMQVBBS19DT0RFYCwgYExBUEFLX05BTUFgLCBgTEFQQUtfQkxPS2AsIGBMQVBBS19VS1VSQU5gLCBgTEFQQUtfVFlQRWAsIGBMQVBBS19QRU5ZRVdBYCwgYExBUEFLX01VTEFJYCwgYExBUEFLX0FLSElSYCwgYExBUEFLX1NUQVRVU2AsIGBMQVBBS19PV05FUmAsIGBjcmVhdGVkQXRgLCBgdXBkYXRlZEF0YCBGUk9NIGBEQl9MQVBBS2AgQVMgYERCX0xBUEFLYCBXSEVSRSBgREJfTEFQQUtgLmBMQVBBS19DT0RFYCA9ICdQU1IwMDAxTEFQMDAyJzsifQ==','2025-05-09 07:35:38','PSR0001'),(67,'PSR0001LAP003','PSR0001001','update','success','eyJ1c2VyIjp7ImlkIjoiUFNSMDAwMTAwMSIsIm5hbWUiOiJwZXR1Z2FzMSIsImxldmVsIjoiUFRHIiwib3duZXIiOiJQU1IwMDAxIn0sInF1ZXJ5IjoiRXhlY3V0aW5nIChkZWZhdWx0KTogVVBEQVRFIGBEQl9MQVBBS2AgU0VUIGBMQVBBS19OQU1BYD0/LGBMQVBBS19CTE9LYD0/LGBMQVBBS19VS1VSQU5gPT8sYExBUEFLX1RZUEVgPT8sYExBUEFLX1BFTllFV0FgPT8sYExBUEFLX01VTEFJYD0/LGBMQVBBS19BS0hJUmA9PyxgTEFQQUtfU1RBVFVTYD0/LGB1cGRhdGVkQXRgPT8gV0hFUkUgYExBUEFLX0NPREVgID0gPyJ9','2025-05-09 07:37:18','PSR0001'),(68,'CUST00031','USR001','create','success','eyJ1c2VyIjp7ImlkIjoiVVNSMDAxIiwibmFtZSI6InN1cGVyYWRtaW4iLCJsZXZlbCI6IlNVQSIsIm93bmVyIjoiUFNSMDAwNCJ9LCJxdWVyeSI6IkV4ZWN1dGluZyAoM2U2N2UxNGEtOTliNy00MWY0LTkyYWQtODZlNjIzYjAzYjVmKTogSU5TRVJUIElOVE8gYERCX1BFREFHQU5HYCAoYENVU1RfQ09ERWAsYENVU1RfTkFNQWAsYENVU1RfTklLYCxgQ1VTVF9QSE9ORWAsYENVU1RfT1dORVJgLGBDVVNUX1NUQVRVU2AsYGNyZWF0ZWRBdGAsYHVwZGF0ZWRBdGApIFZBTFVFUyAoPyw/LD8sPyw/LD8sPyw/KTsifQ==','2025-05-09 09:05:50','PSR0004'),(69,'PSR0004LAP009','USR001','update','success','eyJ1c2VyIjp7ImlkIjoiVVNSMDAxIiwibmFtZSI6InN1cGVyYWRtaW4iLCJsZXZlbCI6IlNVQSIsIm93bmVyIjoiUFNSMDAwNCJ9LCJxdWVyeSI6IkV4ZWN1dGluZyAoZGVmYXVsdCk6IFVQREFURSBgREJfTEFQQUtgIFNFVCBgTEFQQUtfU1RBVFVTYD0/LGBMQVBBS19QRU5ZRVdBYD0/LGBMQVBBS19NVUxBSWA9PyxgTEFQQUtfQUtISVJgPT8sYHVwZGF0ZWRBdGA9PyBXSEVSRSBgTEFQQUtfQ09ERWAgPSA/In0=','2025-05-09 09:05:50','PSR0004'),(70,'CUST00031','USR001','delete','success','eyJ1c2VyIjp7ImlkIjoiVVNSMDAxIiwibmFtZSI6InN1cGVyYWRtaW4iLCJsZXZlbCI6IlNVQSIsIm93bmVyIjoiUFNSMDAwNCJ9LCJxdWVyeSI6IkV4ZWN1dGluZyAoZGVmYXVsdCk6IERFTEVURSBGUk9NIGBEQl9QRURBR0FOR2AgV0hFUkUgYENVU1RfQ09ERWAgPSAnQ1VTVDAwMDMxJyJ9','2025-05-09 09:11:19','PSR0004'),(71,'PSR0004LAP009','USR001','update','success','eyJ1c2VyIjp7ImlkIjoiVVNSMDAxIiwibmFtZSI6InN1cGVyYWRtaW4iLCJsZXZlbCI6IlNVQSIsIm93bmVyIjoiUFNSMDAwNCJ9LCJxdWVyeSI6IkV4ZWN1dGluZyAoZGVmYXVsdCk6IFVQREFURSBgREJfTEFQQUtgIFNFVCBgTEFQQUtfTkFNQWA9PyxgTEFQQUtfQkxPS2A9PyxgTEFQQUtfVUtVUkFOYD0/LGBMQVBBS19UWVBFYD0/LGBMQVBBS19QRU5ZRVdBYD0/LGBMQVBBS19NVUxBSWA9PyxgTEFQQUtfQUtISVJgPT8sYExBUEFLX1NUQVRVU2A9PyxgdXBkYXRlZEF0YD0/IFdIRVJFIGBMQVBBS19DT0RFYCA9ID8ifQ==','2025-05-09 09:11:42','PSR0004'),(72,'CUST00031','USR001','create','success','eyJ1c2VyIjp7ImlkIjoiVVNSMDAxIiwibmFtZSI6InN1cGVyYWRtaW4iLCJsZXZlbCI6IlNVQSIsIm93bmVyIjoiUFNSMDAwNCJ9LCJxdWVyeSI6IkV4ZWN1dGluZyAoNmNhNTNhYzUtMDZlNC00MGUwLWE3OGQtMzI2ODRkYzI0OTY5KTogSU5TRVJUIElOVE8gYERCX1BFREFHQU5HYCAoYENVU1RfQ09ERWAsYENVU1RfTkFNQWAsYENVU1RfTklLYCxgQ1VTVF9QSE9ORWAsYENVU1RfT1dORVJgLGBDVVNUX0lVUkFOYCxgQ1VTVF9TVEFUVVNgLGBjcmVhdGVkQXRgLGB1cGRhdGVkQXRgKSBWQUxVRVMgKD8sPyw/LD8sPyw/LD8sPyw/KTsifQ==','2025-05-09 09:12:23','PSR0004'),(73,'PSR0004LAP009','USR001','update','success','eyJ1c2VyIjp7ImlkIjoiVVNSMDAxIiwibmFtZSI6InN1cGVyYWRtaW4iLCJsZXZlbCI6IlNVQSIsIm93bmVyIjoiUFNSMDAwNCJ9LCJxdWVyeSI6IkV4ZWN1dGluZyAoZGVmYXVsdCk6IFVQREFURSBgREJfTEFQQUtgIFNFVCBgTEFQQUtfU1RBVFVTYD0/LGBMQVBBS19QRU5ZRVdBYD0/LGBMQVBBS19NVUxBSWA9PyxgTEFQQUtfQUtISVJgPT8sYHVwZGF0ZWRBdGA9PyBXSEVSRSBgTEFQQUtfQ09ERWAgPSA/In0=','2025-05-09 09:12:23','PSR0004'),(74,'PSR0001LAP001','PSR0001001','create','success','eyJ1c2VyIjp7ImlkIjoiUFNSMDAwMTAwMSIsIm5hbWUiOiJwZXR1Z2FzMSIsImxldmVsIjoiUFRHIiwib3duZXIiOiJQU1IwMDAxIn0sInF1ZXJ5IjoiRXhlY3V0aW5nIChkZWZhdWx0KTogSU5TRVJUIElOVE8gYERCX0xBUEFLYCAoYExBUEFLX0NPREVgLGBMQVBBS19OQU1BYCxgTEFQQUtfQkxPS2AsYExBUEFLX1VLVVJBTmAsYExBUEFLX1RZUEVgLGBMQVBBS19QRU5ZRVdBYCxgTEFQQUtfTVVMQUlgLGBMQVBBS19BS0hJUmAsYExBUEFLX1NUQVRVU2AsYExBUEFLX09XTkVSYCxgY3JlYXRlZEF0YCxgdXBkYXRlZEF0YCkgVkFMVUVTICg/LD8sPyw/LD8sPyw/LD8sPyw/LD8sPyk7In0=','2025-05-09 09:37:00','PSR0001'),(75,'CUST00001','PSR0001001','create','success','eyJ1c2VyIjp7ImlkIjoiUFNSMDAwMTAwMSIsIm5hbWUiOiJwZXR1Z2FzMSIsImxldmVsIjoiUFRHIiwib3duZXIiOiJQU1IwMDAxIn0sInF1ZXJ5IjoiRXhlY3V0aW5nICgyODAxMzU2NS1mOTAwLTRiMzAtODkwNy1iZjFhNmJlMGJiZWUpOiBJTlNFUlQgSU5UTyBgREJfUEVEQUdBTkdgIChgQ1VTVF9DT0RFYCxgQ1VTVF9OQU1BYCxgQ1VTVF9OSUtgLGBDVVNUX1BIT05FYCxgQ1VTVF9PV05FUmAsYENVU1RfSVVSQU5gLGBDVVNUX1NUQVRVU2AsYGNyZWF0ZWRBdGAsYHVwZGF0ZWRBdGApIFZBTFVFUyAoPyw/LD8sPyw/LD8sPyw/LD8pOyJ9','2025-05-09 09:37:26','PSR0001'),(76,'PSR0001LAP001','PSR0001001','update','success','eyJ1c2VyIjp7ImlkIjoiUFNSMDAwMTAwMSIsIm5hbWUiOiJwZXR1Z2FzMSIsImxldmVsIjoiUFRHIiwib3duZXIiOiJQU1IwMDAxIn0sInF1ZXJ5IjoiRXhlY3V0aW5nIChkZWZhdWx0KTogVVBEQVRFIGBEQl9MQVBBS2AgU0VUIGBMQVBBS19TVEFUVVNgPT8sYExBUEFLX1BFTllFV0FgPT8sYExBUEFLX01VTEFJYD0/LGBMQVBBS19BS0hJUmA9PyxgdXBkYXRlZEF0YD0/IFdIRVJFIGBMQVBBS19DT0RFYCA9ID8ifQ==','2025-05-09 09:37:26','PSR0001'),(77,'IU2025050900001','PSR0001001','delete','success','eyJ1c2VyIjp7ImlkIjoiUFNSMDAwMTAwMSIsIm5hbWUiOiJwZXR1Z2FzMSIsImxldmVsIjoiUFRHIiwib3duZXIiOiJQU1IwMDAxIn0sInF1ZXJ5IjoiRXhlY3V0aW5nIChkZWZhdWx0KTogREVMRVRFIEZST00gYERCX0lVUkFOYCBXSEVSRSBgSVVSQU5fQ09ERWAgPSAnSVUyMDI1MDUwOTAwMDAxJyJ9','2025-05-09 09:38:29','PSR0001'),(78,'IU2025050900004','PSR0001001','update','success','eyJ1c2VyIjp7ImlkIjoiUFNSMDAwMTAwMSIsIm5hbWUiOiJwZXR1Z2FzMSIsImxldmVsIjoiUFRHIiwib3duZXIiOiJQU1IwMDAxIn0sInF1ZXJ5IjoiRXhlY3V0aW5nIChkZWZhdWx0KTogVVBEQVRFIGBEQl9JVVJBTmAgU0VUIGBJVVJBTl9QRURBR0FOR2A9PyxgSVVSQU5fVEFOR0dBTGA9PyxgSVVSQU5fSlVNTEFIYD0/LGBJVVJBTl9TVEFUVVNgPT8sYElVUkFOX01FVE9ERV9CQVlBUmA9PyxgSVVSQU5fV0FLVFVfQkFZQVJgPT8sYElVUkFOX1VTRVJgPT8sYHVwZGF0ZWRBdGA9PyBXSEVSRSBgSVVSQU5fQ09ERWAgPSA/In0=','2025-05-09 09:55:45','PSR0001'),(79,'IU2025050900004','PSR0001001','update','success','eyJ1c2VyIjp7ImlkIjoiUFNSMDAwMTAwMSIsIm5hbWUiOiJwZXR1Z2FzMSIsImxldmVsIjoiUFRHIiwib3duZXIiOiJQU1IwMDAxIn0sInF1ZXJ5IjoiRXhlY3V0aW5nIChkZWZhdWx0KTogVVBEQVRFIGBEQl9JVVJBTmAgU0VUIGBJVVJBTl9QRURBR0FOR2A9PyxgSVVSQU5fVEFOR0dBTGA9PyxgSVVSQU5fSlVNTEFIYD0/LGBJVVJBTl9TVEFUVVNgPT8sYElVUkFOX01FVE9ERV9CQVlBUmA9PyxgSVVSQU5fV0FLVFVfQkFZQVJgPT8sYElVUkFOX1VTRVJgPT8sYHVwZGF0ZWRBdGA9PyBXSEVSRSBgSVVSQU5fQ09ERWAgPSA/In0=','2025-05-09 09:59:35','PSR0001'),(80,'IU2025050900004','PSR0001001','update','success','eyJ1c2VyIjp7ImlkIjoiUFNSMDAwMTAwMSIsIm5hbWUiOiJwZXR1Z2FzMSIsImxldmVsIjoiUFRHIiwib3duZXIiOiJQU1IwMDAxIn0sInF1ZXJ5IjoiRXhlY3V0aW5nIChkZWZhdWx0KTogVVBEQVRFIGBEQl9JVVJBTmAgU0VUIGBJVVJBTl9QRURBR0FOR2A9PyxgSVVSQU5fVEFOR0dBTGA9PyxgSVVSQU5fSlVNTEFIYD0/LGBJVVJBTl9TVEFUVVNgPT8sYElVUkFOX01FVE9ERV9CQVlBUmA9PyxgSVVSQU5fV0FLVFVfQkFZQVJgPT8sYElVUkFOX1VTRVJgPT8sYHVwZGF0ZWRBdGA9PyBXSEVSRSBgSVVSQU5fQ09ERWAgPSA/In0=','2025-05-09 10:01:51','PSR0001'),(81,'IU2025050900004','PSR0001001','update','success','eyJ1c2VyIjp7ImlkIjoiUFNSMDAwMTAwMSIsIm5hbWUiOiJwZXR1Z2FzMSIsImxldmVsIjoiUFRHIiwib3duZXIiOiJQU1IwMDAxIn0sInF1ZXJ5IjoiRXhlY3V0aW5nIChkZWZhdWx0KTogVVBEQVRFIGBEQl9JVVJBTmAgU0VUIGBJVVJBTl9QRURBR0FOR2A9PyxgSVVSQU5fVEFOR0dBTGA9PyxgSVVSQU5fSlVNTEFIYD0/LGBJVVJBTl9TVEFUVVNgPT8sYElVUkFOX01FVE9ERV9CQVlBUmA9PyxgSVVSQU5fV0FLVFVfQkFZQVJgPT8sYElVUkFOX1VTRVJgPT8sYHVwZGF0ZWRBdGA9PyBXSEVSRSBgSVVSQU5fQ09ERWAgPSA/In0=','2025-05-09 10:02:36','PSR0001'),(82,'IU2025050900005','PSR0001001','update','success','eyJ1c2VyIjp7ImlkIjoiUFNSMDAwMTAwMSIsIm5hbWUiOiJwZXR1Z2FzMSIsImxldmVsIjoiUFRHIiwib3duZXIiOiJQU1IwMDAxIn0sInF1ZXJ5IjoiRXhlY3V0aW5nIChkZWZhdWx0KTogVVBEQVRFIGBEQl9JVVJBTmAgU0VUIGBJVVJBTl9QRURBR0FOR2A9PyxgSVVSQU5fVEFOR0dBTGA9PyxgSVVSQU5fSlVNTEFIYD0/LGBJVVJBTl9TVEFUVVNgPT8sYElVUkFOX01FVE9ERV9CQVlBUmA9PyxgSVVSQU5fV0FLVFVfQkFZQVJgPT8sYElVUkFOX1VTRVJgPT8sYHVwZGF0ZWRBdGA9PyBXSEVSRSBgSVVSQU5fQ09ERWAgPSA/In0=','2025-05-09 10:12:33','PSR0001'),(83,'IU2025050900006','PSR0001001','update','success','eyJ1c2VyIjp7ImlkIjoiUFNSMDAwMTAwMSIsIm5hbWUiOiJwZXR1Z2FzMSIsImxldmVsIjoiUFRHIiwib3duZXIiOiJQU1IwMDAxIn0sInF1ZXJ5IjoiRXhlY3V0aW5nIChkZWZhdWx0KTogVVBEQVRFIGBEQl9JVVJBTmAgU0VUIGBJVVJBTl9QRURBR0FOR2A9PyxgSVVSQU5fVEFOR0dBTGA9PyxgSVVSQU5fSlVNTEFIYD0/LGBJVVJBTl9TVEFUVVNgPT8sYElVUkFOX01FVE9ERV9CQVlBUmA9PyxgSVVSQU5fV0FLVFVfQkFZQVJgPT8sYElVUkFOX1VTRVJgPT8sYHVwZGF0ZWRBdGA9PyBXSEVSRSBgSVVSQU5fQ09ERWAgPSA/In0=','2025-05-09 10:15:55','PSR0001'),(84,'IU2025050900005','PSR0001001','update','success','eyJ1c2VyIjp7ImlkIjoiUFNSMDAwMTAwMSIsIm5hbWUiOiJwZXR1Z2FzMSIsImxldmVsIjoiUFRHIiwib3duZXIiOiJQU1IwMDAxIn0sInF1ZXJ5IjoiRXhlY3V0aW5nIChkZWZhdWx0KTogVVBEQVRFIGBEQl9JVVJBTmAgU0VUIGBJVVJBTl9QRURBR0FOR2A9PyxgSVVSQU5fVEFOR0dBTGA9PyxgSVVSQU5fSlVNTEFIYD0/LGBJVVJBTl9TVEFUVVNgPT8sYElVUkFOX01FVE9ERV9CQVlBUmA9PyxgSVVSQU5fV0FLVFVfQkFZQVJgPT8sYElVUkFOX1VTRVJgPT8sYHVwZGF0ZWRBdGA9PyBXSEVSRSBgSVVSQU5fQ09ERWAgPSA/In0=','2025-05-09 10:16:04','PSR0001'),(85,'IU2025050900004','PSR0001001','update','success','eyJ1c2VyIjp7ImlkIjoiUFNSMDAwMTAwMSIsIm5hbWUiOiJwZXR1Z2FzMSIsImxldmVsIjoiUFRHIiwib3duZXIiOiJQU1IwMDAxIn0sInF1ZXJ5IjoiRXhlY3V0aW5nIChkZWZhdWx0KTogVVBEQVRFIGBEQl9JVVJBTmAgU0VUIGBJVVJBTl9QRURBR0FOR2A9PyxgSVVSQU5fVEFOR0dBTGA9PyxgSVVSQU5fSlVNTEFIYD0/LGBJVVJBTl9TVEFUVVNgPT8sYElVUkFOX01FVE9ERV9CQVlBUmA9PyxgSVVSQU5fV0FLVFVfQkFZQVJgPT8sYElVUkFOX1VTRVJgPT8sYHVwZGF0ZWRBdGA9PyBXSEVSRSBgSVVSQU5fQ09ERWAgPSA/In0=','2025-05-09 10:16:09','PSR0001'),(86,'IU2025050900007','PSR0001001','delete','success','eyJ1c2VyIjp7ImlkIjoiUFNSMDAwMTAwMSIsIm5hbWUiOiJwZXR1Z2FzMSIsImxldmVsIjoiUFRHIiwib3duZXIiOiJQU1IwMDAxIn0sInF1ZXJ5IjoiRXhlY3V0aW5nIChkZWZhdWx0KTogREVMRVRFIEZST00gYERCX0lVUkFOYCBXSEVSRSBgSVVSQU5fQ09ERWAgPSAnSVUyMDI1MDUwOTAwMDA3JyJ9','2025-05-09 11:13:28','PSR0001'),(87,NULL,'USR001','update','success','eyJ1c2VyIjp7ImlkIjoiVVNSMDAxIiwibmFtZSI6InN1cGVyYWRtaW4iLCJsZXZlbCI6IlNVQSIsIm93bmVyIjoiUFNSMDAwNCJ9fQ==','2025-05-09 11:18:00','PSR0004'),(88,'PSR0018','USR001','delete','success','eyJ1c2VyIjp7ImlkIjoiVVNSMDAxIiwibmFtZSI6InN1cGVyYWRtaW4iLCJsZXZlbCI6IlNVQSIsIm93bmVyIjoiUFNSMDAwNCJ9LCJxdWVyeSI6IkV4ZWN1dGluZyAoZGVmYXVsdCk6IERFTEVURSBGUk9NIGBkYXRhX3Bhc2Fyc2AgV0hFUkUgYHBhc2FyX2NvZGVgID0gJ1BTUjAwMTgnIn0=','2025-05-09 11:18:43','PSR0004'),(89,NULL,'PSR0001002','update','success','eyJ1c2VyIjp7ImlkIjoiUFNSMDAwMTAwMiIsIm5hbWUiOiJwZXR1Z2FzNCIsImxldmVsIjoiUFRHIiwib3duZXIiOiJQU1IwMDAxIn0sInF1ZXJ5IjoiRXhlY3V0aW5nIChkZWZhdWx0KTogVVBEQVRFIGBEQl9JVVJBTmAgU0VUIGBJVVJBTl9QRURBR0FOR2A9PyxgSVVSQU5fVEFOR0dBTGA9PyxgSVVSQU5fSlVNTEFIYD0/LGBJVVJBTl9TVEFUVVNgPT8sYElVUkFOX01FVE9ERV9CQVlBUmA9PyxgSVVSQU5fV0FLVFVfQkFZQVJgPT8sYElVUkFOX1VTRVJgPT8sYHVwZGF0ZWRBdGA9PyBXSEVSRSBgSVVSQU5fQ09ERWAgPSA/In0=','2025-05-09 17:01:50','PSR0001'),(90,NULL,'PSR0001002','update','success','eyJ1c2VyIjp7ImlkIjoiUFNSMDAwMTAwMiIsIm5hbWUiOiJwZXR1Z2FzNCIsImxldmVsIjoiUFRHIiwib3duZXIiOiJQU1IwMDAxIn0sInF1ZXJ5IjoiRXhlY3V0aW5nIChkZWZhdWx0KTogVVBEQVRFIGBEQl9JVVJBTmAgU0VUIGBJVVJBTl9QRURBR0FOR2A9PyxgSVVSQU5fVEFOR0dBTGA9PyxgSVVSQU5fSlVNTEFIYD0/LGBJVVJBTl9TVEFUVVNgPT8sYElVUkFOX01FVE9ERV9CQVlBUmA9PyxgSVVSQU5fV0FLVFVfQkFZQVJgPT8sYElVUkFOX1VTRVJgPT8sYHVwZGF0ZWRBdGA9PyBXSEVSRSBgSVVSQU5fQ09ERWAgPSA/In0=','2025-05-09 17:01:59','PSR0001'),(91,NULL,'PSR0001002','update','success','eyJ1c2VyIjp7ImlkIjoiUFNSMDAwMTAwMiIsIm5hbWUiOiJwZXR1Z2FzNCIsImxldmVsIjoiUFRHIiwib3duZXIiOiJQU1IwMDAxIn0sInF1ZXJ5IjoiRXhlY3V0aW5nIChkZWZhdWx0KTogVVBEQVRFIGBEQl9JVVJBTmAgU0VUIGBJVVJBTl9QRURBR0FOR2A9PyxgSVVSQU5fVEFOR0dBTGA9PyxgSVVSQU5fSlVNTEFIYD0/LGBJVVJBTl9TVEFUVVNgPT8sYElVUkFOX01FVE9ERV9CQVlBUmA9PyxgSVVSQU5fV0FLVFVfQkFZQVJgPT8sYElVUkFOX1VTRVJgPT8sYHVwZGF0ZWRBdGA9PyBXSEVSRSBgSVVSQU5fQ09ERWAgPSA/In0=','2025-05-09 17:02:09','PSR0001'),(92,NULL,'PSR0001002','update','success','eyJ1c2VyIjp7ImlkIjoiUFNSMDAwMTAwMiIsIm5hbWUiOiJwZXR1Z2FzNCIsImxldmVsIjoiUFRHIiwib3duZXIiOiJQU1IwMDAxIn0sInF1ZXJ5IjoiRXhlY3V0aW5nIChkZWZhdWx0KTogVVBEQVRFIGBEQl9JVVJBTmAgU0VUIGBJVVJBTl9QRURBR0FOR2A9PyxgSVVSQU5fVEFOR0dBTGA9PyxgSVVSQU5fSlVNTEFIYD0/LGBJVVJBTl9TVEFUVVNgPT8sYElVUkFOX01FVE9ERV9CQVlBUmA9PyxgSVVSQU5fV0FLVFVfQkFZQVJgPT8sYElVUkFOX1VTRVJgPT8sYHVwZGF0ZWRBdGA9PyBXSEVSRSBgSVVSQU5fQ09ERWAgPSA/In0=','2025-05-09 17:02:15','PSR0001'),(93,NULL,'PSR0001002','update','success','eyJ1c2VyIjp7ImlkIjoiUFNSMDAwMTAwMiIsIm5hbWUiOiJwZXR1Z2FzNCIsImxldmVsIjoiUFRHIiwib3duZXIiOiJQU1IwMDAxIn0sInF1ZXJ5IjoiRXhlY3V0aW5nIChkZWZhdWx0KTogVVBEQVRFIGBEQl9JVVJBTmAgU0VUIGBJVVJBTl9QRURBR0FOR2A9PyxgSVVSQU5fVEFOR0dBTGA9PyxgSVVSQU5fSlVNTEFIYD0/LGBJVVJBTl9TVEFUVVNgPT8sYElVUkFOX01FVE9ERV9CQVlBUmA9PyxgSVVSQU5fV0FLVFVfQkFZQVJgPT8sYElVUkFOX1VTRVJgPT8sYHVwZGF0ZWRBdGA9PyBXSEVSRSBgSVVSQU5fQ09ERWAgPSA/In0=','2025-05-09 17:02:20','PSR0001'),(94,NULL,'PSR0001002','update','success','eyJ1c2VyIjp7ImlkIjoiUFNSMDAwMTAwMiIsIm5hbWUiOiJwZXR1Z2FzNCIsImxldmVsIjoiUFRHIiwib3duZXIiOiJQU1IwMDAxIn0sInF1ZXJ5IjoiRXhlY3V0aW5nIChkZWZhdWx0KTogVVBEQVRFIGBEQl9JVVJBTmAgU0VUIGBJVVJBTl9QRURBR0FOR2A9PyxgSVVSQU5fVEFOR0dBTGA9PyxgSVVSQU5fSlVNTEFIYD0/LGBJVVJBTl9TVEFUVVNgPT8sYElVUkFOX01FVE9ERV9CQVlBUmA9PyxgSVVSQU5fV0FLVFVfQkFZQVJgPT8sYElVUkFOX1VTRVJgPT8sYHVwZGF0ZWRBdGA9PyBXSEVSRSBgSVVSQU5fQ09ERWAgPSA/In0=','2025-05-09 17:02:29','PSR0001'),(95,NULL,'PSR0001002','update','success','eyJ1c2VyIjp7ImlkIjoiUFNSMDAwMTAwMiIsIm5hbWUiOiJwZXR1Z2FzNCIsImxldmVsIjoiUFRHIiwib3duZXIiOiJQU1IwMDAxIn0sInF1ZXJ5IjoiRXhlY3V0aW5nIChkZWZhdWx0KTogVVBEQVRFIGBEQl9JVVJBTmAgU0VUIGBJVVJBTl9QRURBR0FOR2A9PyxgSVVSQU5fVEFOR0dBTGA9PyxgSVVSQU5fSlVNTEFIYD0/LGBJVVJBTl9TVEFUVVNgPT8sYElVUkFOX01FVE9ERV9CQVlBUmA9PyxgSVVSQU5fV0FLVFVfQkFZQVJgPT8sYElVUkFOX1VTRVJgPT8sYHVwZGF0ZWRBdGA9PyBXSEVSRSBgSVVSQU5fQ09ERWAgPSA/In0=','2025-05-09 17:02:38','PSR0001'),(96,NULL,'PSR0001002','update','success','eyJ1c2VyIjp7ImlkIjoiUFNSMDAwMTAwMiIsIm5hbWUiOiJwZXR1Z2FzNCIsImxldmVsIjoiUFRHIiwib3duZXIiOiJQU1IwMDAxIn0sInF1ZXJ5IjoiRXhlY3V0aW5nIChkZWZhdWx0KTogVVBEQVRFIGBEQl9JVVJBTmAgU0VUIGBJVVJBTl9QRURBR0FOR2A9PyxgSVVSQU5fVEFOR0dBTGA9PyxgSVVSQU5fSlVNTEFIYD0/LGBJVVJBTl9TVEFUVVNgPT8sYElVUkFOX01FVE9ERV9CQVlBUmA9PyxgSVVSQU5fV0FLVFVfQkFZQVJgPT8sYElVUkFOX1VTRVJgPT8sYHVwZGF0ZWRBdGA9PyBXSEVSRSBgSVVSQU5fQ09ERWAgPSA/In0=','2025-05-09 17:02:45','PSR0001'),(97,NULL,'PSR0001002','update','success','eyJ1c2VyIjp7ImlkIjoiUFNSMDAwMTAwMiIsIm5hbWUiOiJwZXR1Z2FzNCIsImxldmVsIjoiUFRHIiwib3duZXIiOiJQU1IwMDAxIn0sInF1ZXJ5IjoiRXhlY3V0aW5nIChkZWZhdWx0KTogVVBEQVRFIGBEQl9JVVJBTmAgU0VUIGBJVVJBTl9QRURBR0FOR2A9PyxgSVVSQU5fVEFOR0dBTGA9PyxgSVVSQU5fSlVNTEFIYD0/LGBJVVJBTl9TVEFUVVNgPT8sYElVUkFOX01FVE9ERV9CQVlBUmA9PyxgSVVSQU5fV0FLVFVfQkFZQVJgPT8sYElVUkFOX1VTRVJgPT8sYHVwZGF0ZWRBdGA9PyBXSEVSRSBgSVVSQU5fQ09ERWAgPSA/In0=','2025-05-09 17:02:49','PSR0001'),(98,NULL,'PSR0001002','update','success','eyJ1c2VyIjp7ImlkIjoiUFNSMDAwMTAwMiIsIm5hbWUiOiJwZXR1Z2FzNCIsImxldmVsIjoiUFRHIiwib3duZXIiOiJQU1IwMDAxIn0sInF1ZXJ5IjoiRXhlY3V0aW5nIChkZWZhdWx0KTogVVBEQVRFIGBEQl9JVVJBTmAgU0VUIGBJVVJBTl9QRURBR0FOR2A9PyxgSVVSQU5fVEFOR0dBTGA9PyxgSVVSQU5fSlVNTEFIYD0/LGBJVVJBTl9TVEFUVVNgPT8sYElVUkFOX01FVE9ERV9CQVlBUmA9PyxgSVVSQU5fV0FLVFVfQkFZQVJgPT8sYElVUkFOX1VTRVJgPT8sYHVwZGF0ZWRBdGA9PyBXSEVSRSBgSVVSQU5fQ09ERWAgPSA/In0=','2025-05-09 17:02:56','PSR0001'),(99,'IU2025050900003','PSR0001002','delete','success','eyJ1c2VyIjp7ImlkIjoiUFNSMDAwMTAwMiIsIm5hbWUiOiJwZXR1Z2FzNCIsImxldmVsIjoiUFRHIiwib3duZXIiOiJQU1IwMDAxIn0sInF1ZXJ5IjoiRXhlY3V0aW5nIChkZWZhdWx0KTogREVMRVRFIEZST00gYERCX0lVUkFOYCBXSEVSRSBgSVVSQU5fQ09ERWAgPSAnSVUyMDI1MDUwOTAwMDAzJyJ9','2025-05-09 17:03:43','PSR0001'),(100,'IU2025050900002','PSR0001002','delete','success','eyJ1c2VyIjp7ImlkIjoiUFNSMDAwMTAwMiIsIm5hbWUiOiJwZXR1Z2FzNCIsImxldmVsIjoiUFRHIiwib3duZXIiOiJQU1IwMDAxIn0sInF1ZXJ5IjoiRXhlY3V0aW5nIChkZWZhdWx0KTogREVMRVRFIEZST00gYERCX0lVUkFOYCBXSEVSRSBgSVVSQU5fQ09ERWAgPSAnSVUyMDI1MDUwOTAwMDAyJyJ9','2025-05-09 17:03:53','PSR0001'),(101,NULL,'PSR0001002','update','success','eyJ1c2VyIjp7ImlkIjoiUFNSMDAwMTAwMiIsIm5hbWUiOiJwZXR1Z2FzNCIsImxldmVsIjoiUFRHIiwib3duZXIiOiJQU1IwMDAxIn0sInF1ZXJ5IjoiRXhlY3V0aW5nIChkZWZhdWx0KTogVVBEQVRFIGBEQl9JVVJBTmAgU0VUIGBJVVJBTl9QRURBR0FOR2A9PyxgSVVSQU5fVEFOR0dBTGA9PyxgSVVSQU5fSlVNTEFIYD0/LGBJVVJBTl9TVEFUVVNgPT8sYElVUkFOX01FVE9ERV9CQVlBUmA9PyxgSVVSQU5fV0FLVFVfQkFZQVJgPT8sYElVUkFOX1VTRVJgPT8sYHVwZGF0ZWRBdGA9PyBXSEVSRSBgSVVSQU5fQ09ERWAgPSA/In0=','2025-05-10 15:17:37','PSR0001'),(102,'PSR0002LAP001','PSR0002001','create','success','eyJ1c2VyIjp7ImlkIjoiUFNSMDAwMjAwMSIsIm5hbWUiOiJwZXR1Z2FzMTEiLCJsZXZlbCI6IlBURyIsIm93bmVyIjoiUFNSMDAwMiJ9LCJxdWVyeSI6IkV4ZWN1dGluZyAoZGVmYXVsdCk6IElOU0VSVCBJTlRPIGBEQl9MQVBBS2AgKGBMQVBBS19DT0RFYCxgTEFQQUtfTkFNQWAsYExBUEFLX0JMT0tgLGBMQVBBS19VS1VSQU5gLGBMQVBBS19UWVBFYCxgTEFQQUtfUEVOWUVXQWAsYExBUEFLX01VTEFJYCxgTEFQQUtfQUtISVJgLGBMQVBBS19TVEFUVVNgLGBMQVBBS19PV05FUmAsYGNyZWF0ZWRBdGAsYHVwZGF0ZWRBdGApIFZBTFVFUyAoPyw/LD8sPyw/LD8sPyw/LD8sPyw/LD8pOyJ9','2025-05-10 17:19:44','PSR0002'),(103,'PSR0002LAP002','PSR0002001','create','success','eyJ1c2VyIjp7ImlkIjoiUFNSMDAwMjAwMSIsIm5hbWUiOiJwZXR1Z2FzMTEiLCJsZXZlbCI6IlBURyIsIm93bmVyIjoiUFNSMDAwMiJ9LCJxdWVyeSI6IkV4ZWN1dGluZyAoZGVmYXVsdCk6IElOU0VSVCBJTlRPIGBEQl9MQVBBS2AgKGBMQVBBS19DT0RFYCxgTEFQQUtfTkFNQWAsYExBUEFLX0JMT0tgLGBMQVBBS19VS1VSQU5gLGBMQVBBS19UWVBFYCxgTEFQQUtfUEVOWUVXQWAsYExBUEFLX01VTEFJYCxgTEFQQUtfQUtISVJgLGBMQVBBS19TVEFUVVNgLGBMQVBBS19PV05FUmAsYGNyZWF0ZWRBdGAsYHVwZGF0ZWRBdGApIFZBTFVFUyAoPyw/LD8sPyw/LD8sPyw/LD8sPyw/LD8pOyJ9','2025-05-10 17:19:57','PSR0002'),(104,'TYPE005','PSR0002001','create','success','eyJ1c2VyIjp7ImlkIjoiUFNSMDAwMjAwMSIsIm5hbWUiOiJwZXR1Z2FzMTEiLCJsZXZlbCI6IlBURyIsIm93bmVyIjoiUFNSMDAwMiJ9LCJxdWVyeSI6IkV4ZWN1dGluZyAoZGVmYXVsdCk6IElOU0VSVCBJTlRPIGBEQl9UWVBFX0xBUEFLYCAoYFRZUEVfQ09ERWAsYFRZUEVfTkFNQWApIFZBTFVFUyAoPyw/KTsifQ==','2025-05-10 17:20:04','PSR0002'),(105,'CUST00002','PSR0002001','create','success','eyJ1c2VyIjp7ImlkIjoiUFNSMDAwMjAwMSIsIm5hbWUiOiJwZXR1Z2FzMTEiLCJsZXZlbCI6IlBURyIsIm93bmVyIjoiUFNSMDAwMiJ9LCJxdWVyeSI6IkV4ZWN1dGluZyAoNTQzMzljMjgtZjI0OS00MGRiLTliM2ItYzQ3NzcyNDU1ZGEyKTogSU5TRVJUIElOVE8gYERCX1BFREFHQU5HYCAoYENVU1RfQ09ERWAsYENVU1RfTkFNQWAsYENVU1RfTklLYCxgQ1VTVF9QSE9ORWAsYENVU1RfT1dORVJgLGBDVVNUX0lVUkFOYCxgQ1VTVF9TVEFUVVNgLGBjcmVhdGVkQXRgLGB1cGRhdGVkQXRgKSBWQUxVRVMgKD8sPyw/LD8sPyw/LD8sPyw/KTsifQ==','2025-05-10 17:21:13','PSR0002'),(106,'PSR0002LAP001','PSR0002001','update','success','eyJ1c2VyIjp7ImlkIjoiUFNSMDAwMjAwMSIsIm5hbWUiOiJwZXR1Z2FzMTEiLCJsZXZlbCI6IlBURyIsIm93bmVyIjoiUFNSMDAwMiJ9LCJxdWVyeSI6IkV4ZWN1dGluZyAoZGVmYXVsdCk6IFVQREFURSBgREJfTEFQQUtgIFNFVCBgTEFQQUtfU1RBVFVTYD0/LGBMQVBBS19QRU5ZRVdBYD0/LGBMQVBBS19NVUxBSWA9PyxgTEFQQUtfQUtISVJgPT8sYHVwZGF0ZWRBdGA9PyBXSEVSRSBgTEFQQUtfQ09ERWAgPSA/In0=','2025-05-10 17:21:13','PSR0002'),(107,'CUST00003','PSR0002001','create','success','eyJ1c2VyIjp7ImlkIjoiUFNSMDAwMjAwMSIsIm5hbWUiOiJwZXR1Z2FzMTEiLCJsZXZlbCI6IlBURyIsIm93bmVyIjoiUFNSMDAwMiJ9LCJxdWVyeSI6IkV4ZWN1dGluZyAoMzVlMzExYTctMzU1MC00YzdkLWJkZjItMDYwOGFhNjdjZGQ2KTogSU5TRVJUIElOVE8gYERCX1BFREFHQU5HYCAoYENVU1RfQ09ERWAsYENVU1RfTkFNQWAsYENVU1RfTklLYCxgQ1VTVF9QSE9ORWAsYENVU1RfT1dORVJgLGBDVVNUX0lVUkFOYCxgQ1VTVF9TVEFUVVNgLGBjcmVhdGVkQXRgLGB1cGRhdGVkQXRgKSBWQUxVRVMgKD8sPyw/LD8sPyw/LD8sPyw/KTsifQ==','2025-05-10 17:22:36','PSR0002'),(108,'PSR0002LAP002','PSR0002001','update','success','eyJ1c2VyIjp7ImlkIjoiUFNSMDAwMjAwMSIsIm5hbWUiOiJwZXR1Z2FzMTEiLCJsZXZlbCI6IlBURyIsIm93bmVyIjoiUFNSMDAwMiJ9LCJxdWVyeSI6IkV4ZWN1dGluZyAoZGVmYXVsdCk6IFVQREFURSBgREJfTEFQQUtgIFNFVCBgTEFQQUtfU1RBVFVTYD0/LGBMQVBBS19QRU5ZRVdBYD0/LGBMQVBBS19NVUxBSWA9PyxgTEFQQUtfQUtISVJgPT8sYHVwZGF0ZWRBdGA9PyBXSEVSRSBgTEFQQUtfQ09ERWAgPSA/In0=','2025-05-10 17:22:36','PSR0002'),(109,NULL,'PSR0002001','update','success','eyJ1c2VyIjp7ImlkIjoiUFNSMDAwMjAwMSIsIm5hbWUiOiJwZXR1Z2FzMTEiLCJsZXZlbCI6IlBURyIsIm93bmVyIjoiUFNSMDAwMiJ9LCJxdWVyeSI6IkV4ZWN1dGluZyAoZGVmYXVsdCk6IFVQREFURSBgREJfSVVSQU5gIFNFVCBgSVVSQU5fUEVEQUdBTkdgPT8sYElVUkFOX1RBTkdHQUxgPT8sYElVUkFOX0pVTUxBSGA9PyxgSVVSQU5fU1RBVFVTYD0/LGBJVVJBTl9NRVRPREVfQkFZQVJgPT8sYElVUkFOX1dBS1RVX0JBWUFSYD0/LGBJVVJBTl9VU0VSYD0/LGB1cGRhdGVkQXRgPT8gV0hFUkUgYElVUkFOX0NPREVgID0gPyJ9','2025-05-10 17:23:18','PSR0002'),(110,NULL,'PSR0002001','update','success','eyJ1c2VyIjp7ImlkIjoiUFNSMDAwMjAwMSIsIm5hbWUiOiJwZXR1Z2FzMTEiLCJsZXZlbCI6IlBURyIsIm93bmVyIjoiUFNSMDAwMiJ9LCJxdWVyeSI6IkV4ZWN1dGluZyAoZGVmYXVsdCk6IFVQREFURSBgREJfSVVSQU5gIFNFVCBgSVVSQU5fUEVEQUdBTkdgPT8sYElVUkFOX1RBTkdHQUxgPT8sYElVUkFOX0pVTUxBSGA9PyxgSVVSQU5fU1RBVFVTYD0/LGBJVVJBTl9NRVRPREVfQkFZQVJgPT8sYElVUkFOX1dBS1RVX0JBWUFSYD0/LGBJVVJBTl9VU0VSYD0/LGB1cGRhdGVkQXRgPT8gV0hFUkUgYElVUkFOX0NPREVgID0gPyJ9','2025-05-10 17:23:36','PSR0002'),(111,NULL,'PSR0002001','update','success','eyJ1c2VyIjp7ImlkIjoiUFNSMDAwMjAwMSIsIm5hbWUiOiJwZXR1Z2FzMTEiLCJsZXZlbCI6IlBURyIsIm93bmVyIjoiUFNSMDAwMiJ9LCJxdWVyeSI6IkV4ZWN1dGluZyAoZGVmYXVsdCk6IFVQREFURSBgREJfSVVSQU5gIFNFVCBgSVVSQU5fUEVEQUdBTkdgPT8sYElVUkFOX1RBTkdHQUxgPT8sYElVUkFOX0pVTUxBSGA9PyxgSVVSQU5fU1RBVFVTYD0/LGBJVVJBTl9NRVRPREVfQkFZQVJgPT8sYElVUkFOX1dBS1RVX0JBWUFSYD0/LGBJVVJBTl9VU0VSYD0/LGB1cGRhdGVkQXRgPT8gV0hFUkUgYElVUkFOX0NPREVgID0gPyJ9','2025-05-10 17:23:43','PSR0002'),(112,'IU2025051100008','PSR0001002','delete','success','eyJ1c2VyIjp7ImlkIjoiUFNSMDAwMTAwMiIsIm5hbWUiOiJwZXR1Z2FzNCIsImxldmVsIjoiUFRHIiwib3duZXIiOiJQU1IwMDAxIn0sInF1ZXJ5IjoiRXhlY3V0aW5nIChkZWZhdWx0KTogREVMRVRFIEZST00gYERCX0lVUkFOYCBXSEVSRSBgSVVSQU5fQ09ERWAgPSAnSVUyMDI1MDUxMTAwMDA4JyJ9','2025-05-10 17:24:29','PSR0001'),(113,'IU2025051100007','PSR0001002','delete','success','eyJ1c2VyIjp7ImlkIjoiUFNSMDAwMTAwMiIsIm5hbWUiOiJwZXR1Z2FzNCIsImxldmVsIjoiUFRHIiwib3duZXIiOiJQU1IwMDAxIn0sInF1ZXJ5IjoiRXhlY3V0aW5nIChkZWZhdWx0KTogREVMRVRFIEZST00gYERCX0lVUkFOYCBXSEVSRSBgSVVSQU5fQ09ERWAgPSAnSVUyMDI1MDUxMTAwMDA3JyJ9','2025-05-10 17:24:31','PSR0001'),(114,'IU2025051100005','PSR0001002','delete','success','eyJ1c2VyIjp7ImlkIjoiUFNSMDAwMTAwMiIsIm5hbWUiOiJwZXR1Z2FzNCIsImxldmVsIjoiUFRHIiwib3duZXIiOiJQU1IwMDAxIn0sInF1ZXJ5IjoiRXhlY3V0aW5nIChkZWZhdWx0KTogREVMRVRFIEZST00gYERCX0lVUkFOYCBXSEVSRSBgSVVSQU5fQ09ERWAgPSAnSVUyMDI1MDUxMTAwMDA1JyJ9','2025-05-10 17:24:33','PSR0001'),(115,NULL,'PSR0001002','update','success','eyJ1c2VyIjp7ImlkIjoiUFNSMDAwMTAwMiIsIm5hbWUiOiJwZXR1Z2FzNCIsImxldmVsIjoiUFRHIiwib3duZXIiOiJQU1IwMDAxIn0sInF1ZXJ5IjoiRXhlY3V0aW5nIChkZWZhdWx0KTogVVBEQVRFIGBEQl9JVVJBTmAgU0VUIGBJVVJBTl9QRURBR0FOR2A9PyxgSVVSQU5fVEFOR0dBTGA9PyxgSVVSQU5fSlVNTEFIYD0/LGBJVVJBTl9TVEFUVVNgPT8sYElVUkFOX01FVE9ERV9CQVlBUmA9PyxgSVVSQU5fV0FLVFVfQkFZQVJgPT8sYElVUkFOX1VTRVJgPT8sYHVwZGF0ZWRBdGA9PyBXSEVSRSBgSVVSQU5fQ09ERWAgPSA/In0=','2025-05-10 17:24:43','PSR0001'),(116,'PSR0002LAP003','PSR0002001','create','success','eyJ1c2VyIjp7ImlkIjoiUFNSMDAwMjAwMSIsIm5hbWUiOiJwZXR1Z2FzMTEiLCJsZXZlbCI6IlBURyIsIm93bmVyIjoiUFNSMDAwMiJ9LCJxdWVyeSI6IkV4ZWN1dGluZyAoZGVmYXVsdCk6IElOU0VSVCBJTlRPIGBEQl9MQVBBS2AgKGBMQVBBS19DT0RFYCxgTEFQQUtfTkFNQWAsYExBUEFLX0JMT0tgLGBMQVBBS19VS1VSQU5gLGBMQVBBS19UWVBFYCxgTEFQQUtfUEVOWUVXQWAsYExBUEFLX01VTEFJYCxgTEFQQUtfQUtISVJgLGBMQVBBS19TVEFUVVNgLGBMQVBBS19PV05FUmAsYGNyZWF0ZWRBdGAsYHVwZGF0ZWRBdGApIFZBTFVFUyAoPyw/LD8sPyw/LD8sPyw/LD8sPyw/LD8pOyJ9','2025-05-11 00:49:06','PSR0002'),(117,'CUST00004','PSR0002001','create','success','eyJ1c2VyIjp7ImlkIjoiUFNSMDAwMjAwMSIsIm5hbWUiOiJwZXR1Z2FzMTEiLCJsZXZlbCI6IlBURyIsIm93bmVyIjoiUFNSMDAwMiJ9LCJxdWVyeSI6IkV4ZWN1dGluZyAoODMxY2EyZTItNzg0My00ZDFiLTkyNzMtNmU4YzNmMTU1OWQyKTogSU5TRVJUIElOVE8gYERCX1BFREFHQU5HYCAoYENVU1RfQ09ERWAsYENVU1RfTkFNQWAsYENVU1RfTklLYCxgQ1VTVF9QSE9ORWAsYENVU1RfT1dORVJgLGBDVVNUX0lVUkFOYCxgQ1VTVF9TVEFUVVNgLGBjcmVhdGVkQXRgLGB1cGRhdGVkQXRgKSBWQUxVRVMgKD8sPyw/LD8sPyw/LD8sPyw/KTsifQ==','2025-05-11 00:49:59','PSR0002'),(118,'PSR0002LAP003','PSR0002001','update','success','eyJ1c2VyIjp7ImlkIjoiUFNSMDAwMjAwMSIsIm5hbWUiOiJwZXR1Z2FzMTEiLCJsZXZlbCI6IlBURyIsIm93bmVyIjoiUFNSMDAwMiJ9LCJxdWVyeSI6IkV4ZWN1dGluZyAoZGVmYXVsdCk6IFVQREFURSBgREJfTEFQQUtgIFNFVCBgTEFQQUtfU1RBVFVTYD0/LGBMQVBBS19QRU5ZRVdBYD0/LGBMQVBBS19NVUxBSWA9PyxgTEFQQUtfQUtISVJgPT8sYHVwZGF0ZWRBdGA9PyBXSEVSRSBgTEFQQUtfQ09ERWAgPSA/In0=','2025-05-11 00:49:59','PSR0002'),(119,'IU2025051100013','PSR0002001','delete','success','eyJ1c2VyIjp7ImlkIjoiUFNSMDAwMjAwMSIsIm5hbWUiOiJwZXR1Z2FzMTEiLCJsZXZlbCI6IlBURyIsIm93bmVyIjoiUFNSMDAwMiJ9LCJxdWVyeSI6IkV4ZWN1dGluZyAoZGVmYXVsdCk6IERFTEVURSBGUk9NIGBEQl9JVVJBTmAgV0hFUkUgYElVUkFOX0NPREVgID0gJ0lVMjAyNTA1MTEwMDAxMycifQ==','2025-05-11 00:51:18','PSR0002'),(120,'IU2025051100016','PSR0002001','delete','success','eyJ1c2VyIjp7ImlkIjoiUFNSMDAwMjAwMSIsIm5hbWUiOiJwZXR1Z2FzMTEiLCJsZXZlbCI6IlBURyIsIm93bmVyIjoiUFNSMDAwMiJ9LCJxdWVyeSI6IkV4ZWN1dGluZyAoZGVmYXVsdCk6IERFTEVURSBGUk9NIGBEQl9JVVJBTmAgV0hFUkUgYElVUkFOX0NPREVgID0gJ0lVMjAyNTA1MTEwMDAxNicifQ==','2025-05-11 00:51:20','PSR0002'),(121,'IU2025051100012','PSR0002001','delete','success','eyJ1c2VyIjp7ImlkIjoiUFNSMDAwMjAwMSIsIm5hbWUiOiJwZXR1Z2FzMTEiLCJsZXZlbCI6IlBURyIsIm93bmVyIjoiUFNSMDAwMiJ9LCJxdWVyeSI6IkV4ZWN1dGluZyAoZGVmYXVsdCk6IERFTEVURSBGUk9NIGBEQl9JVVJBTmAgV0hFUkUgYElVUkFOX0NPREVgID0gJ0lVMjAyNTA1MTEwMDAxMicifQ==','2025-05-11 00:51:22','PSR0002'),(122,'IU2025051100015','PSR0002001','delete','success','eyJ1c2VyIjp7ImlkIjoiUFNSMDAwMjAwMSIsIm5hbWUiOiJwZXR1Z2FzMTEiLCJsZXZlbCI6IlBURyIsIm93bmVyIjoiUFNSMDAwMiJ9LCJxdWVyeSI6IkV4ZWN1dGluZyAoZGVmYXVsdCk6IERFTEVURSBGUk9NIGBEQl9JVVJBTmAgV0hFUkUgYElVUkFOX0NPREVgID0gJ0lVMjAyNTA1MTEwMDAxNScifQ==','2025-05-11 00:51:24','PSR0002'),(123,NULL,'PSR0002001','update','success','eyJ1c2VyIjp7ImlkIjoiUFNSMDAwMjAwMSIsIm5hbWUiOiJwZXR1Z2FzMTEiLCJsZXZlbCI6IlBURyIsIm93bmVyIjoiUFNSMDAwMiJ9LCJxdWVyeSI6IkV4ZWN1dGluZyAoZGVmYXVsdCk6IFVQREFURSBgREJfSVVSQU5gIFNFVCBgSVVSQU5fUEVEQUdBTkdgPT8sYElVUkFOX1RBTkdHQUxgPT8sYElVUkFOX0pVTUxBSGA9PyxgSVVSQU5fU1RBVFVTYD0/LGBJVVJBTl9NRVRPREVfQkFZQVJgPT8sYElVUkFOX1dBS1RVX0JBWUFSYD0/LGBJVVJBTl9VU0VSYD0/LGB1cGRhdGVkQXRgPT8gV0hFUkUgYElVUkFOX0NPREVgID0gPyJ9','2025-05-11 00:51:37','PSR0002'),(124,'IU2025051100014','USR001','delete','success','eyJ1c2VyIjp7ImlkIjoiVVNSMDAxIiwibmFtZSI6InN1cGVyYWRtaW4iLCJsZXZlbCI6IlNVQSIsIm93bmVyIjoiUFNSMDAwNCJ9LCJxdWVyeSI6IkV4ZWN1dGluZyAoZGVmYXVsdCk6IERFTEVURSBGUk9NIGBEQl9JVVJBTmAgV0hFUkUgYElVUkFOX0NPREVgID0gJ0lVMjAyNTA1MTEwMDAxNCcifQ==','2025-05-11 00:52:06','PSR0004'),(125,'IU2025051100011','USR001','delete','success','eyJ1c2VyIjp7ImlkIjoiVVNSMDAxIiwibmFtZSI6InN1cGVyYWRtaW4iLCJsZXZlbCI6IlNVQSIsIm93bmVyIjoiUFNSMDAwNCJ9LCJxdWVyeSI6IkV4ZWN1dGluZyAoZGVmYXVsdCk6IERFTEVURSBGUk9NIGBEQl9JVVJBTmAgV0hFUkUgYElVUkFOX0NPREVgID0gJ0lVMjAyNTA1MTEwMDAxMScifQ==','2025-05-11 00:52:09','PSR0004'),(126,'IU2025051100006','USR001','delete','success','eyJ1c2VyIjp7ImlkIjoiVVNSMDAxIiwibmFtZSI6InN1cGVyYWRtaW4iLCJsZXZlbCI6IlNVQSIsIm93bmVyIjoiUFNSMDAwNCJ9LCJxdWVyeSI6IkV4ZWN1dGluZyAoZGVmYXVsdCk6IERFTEVURSBGUk9NIGBEQl9JVVJBTmAgV0hFUkUgYElVUkFOX0NPREVgID0gJ0lVMjAyNTA1MTEwMDAwNicifQ==','2025-05-11 00:52:22','PSR0004'),(127,'IU2025051100004','USR001','delete','success','eyJ1c2VyIjp7ImlkIjoiVVNSMDAxIiwibmFtZSI6InN1cGVyYWRtaW4iLCJsZXZlbCI6IlNVQSIsIm93bmVyIjoiUFNSMDAwNCJ9LCJxdWVyeSI6IkV4ZWN1dGluZyAoZGVmYXVsdCk6IERFTEVURSBGUk9NIGBEQl9JVVJBTmAgV0hFUkUgYElVUkFOX0NPREVgID0gJ0lVMjAyNTA1MTEwMDAwNCcifQ==','2025-05-11 00:52:24','PSR0004'),(128,'IU2025051100003','USR001','delete','success','eyJ1c2VyIjp7ImlkIjoiVVNSMDAxIiwibmFtZSI6InN1cGVyYWRtaW4iLCJsZXZlbCI6IlNVQSIsIm93bmVyIjoiUFNSMDAwNCJ9LCJxdWVyeSI6IkV4ZWN1dGluZyAoZGVmYXVsdCk6IERFTEVURSBGUk9NIGBEQl9JVVJBTmAgV0hFUkUgYElVUkFOX0NPREVgID0gJ0lVMjAyNTA1MTEwMDAwMycifQ==','2025-05-11 00:52:26','PSR0004'),(129,'IU2025051100001','USR001','delete','success','eyJ1c2VyIjp7ImlkIjoiVVNSMDAxIiwibmFtZSI6InN1cGVyYWRtaW4iLCJsZXZlbCI6IlNVQSIsIm93bmVyIjoiUFNSMDAwNCJ9LCJxdWVyeSI6IkV4ZWN1dGluZyAoZGVmYXVsdCk6IERFTEVURSBGUk9NIGBEQl9JVVJBTmAgV0hFUkUgYElVUkFOX0NPREVgID0gJ0lVMjAyNTA1MTEwMDAwMScifQ==','2025-05-11 00:52:29','PSR0004'),(130,'IU2025051000006','USR001','delete','success','eyJ1c2VyIjp7ImlkIjoiVVNSMDAxIiwibmFtZSI6InN1cGVyYWRtaW4iLCJsZXZlbCI6IlNVQSIsIm93bmVyIjoiUFNSMDAwNCJ9LCJxdWVyeSI6IkV4ZWN1dGluZyAoZGVmYXVsdCk6IERFTEVURSBGUk9NIGBEQl9JVVJBTmAgV0hFUkUgYElVUkFOX0NPREVgID0gJ0lVMjAyNTA1MTAwMDAwNicifQ==','2025-05-11 00:52:31','PSR0004'),(131,'IU2025051000005','USR001','delete','success','eyJ1c2VyIjp7ImlkIjoiVVNSMDAxIiwibmFtZSI6InN1cGVyYWRtaW4iLCJsZXZlbCI6IlNVQSIsIm93bmVyIjoiUFNSMDAwNCJ9LCJxdWVyeSI6IkV4ZWN1dGluZyAoZGVmYXVsdCk6IERFTEVURSBGUk9NIGBEQl9JVVJBTmAgV0hFUkUgYElVUkFOX0NPREVgID0gJ0lVMjAyNTA1MTAwMDAwNScifQ==','2025-05-11 00:52:33','PSR0004'),(132,'IU2025051000004','USR001','delete','success','eyJ1c2VyIjp7ImlkIjoiVVNSMDAxIiwibmFtZSI6InN1cGVyYWRtaW4iLCJsZXZlbCI6IlNVQSIsIm93bmVyIjoiUFNSMDAwNCJ9LCJxdWVyeSI6IkV4ZWN1dGluZyAoZGVmYXVsdCk6IERFTEVURSBGUk9NIGBEQl9JVVJBTmAgV0hFUkUgYElVUkFOX0NPREVgID0gJ0lVMjAyNTA1MTAwMDAwNCcifQ==','2025-05-11 00:52:37','PSR0004'),(133,'IU2025051000003','USR001','delete','success','eyJ1c2VyIjp7ImlkIjoiVVNSMDAxIiwibmFtZSI6InN1cGVyYWRtaW4iLCJsZXZlbCI6IlNVQSIsIm93bmVyIjoiUFNSMDAwNCJ9LCJxdWVyeSI6IkV4ZWN1dGluZyAoZGVmYXVsdCk6IERFTEVURSBGUk9NIGBEQl9JVVJBTmAgV0hFUkUgYElVUkFOX0NPREVgID0gJ0lVMjAyNTA1MTAwMDAwMycifQ==','2025-05-11 00:52:39','PSR0004'),(134,'IU2025051000002','USR001','delete','success','eyJ1c2VyIjp7ImlkIjoiVVNSMDAxIiwibmFtZSI6InN1cGVyYWRtaW4iLCJsZXZlbCI6IlNVQSIsIm93bmVyIjoiUFNSMDAwNCJ9LCJxdWVyeSI6IkV4ZWN1dGluZyAoZGVmYXVsdCk6IERFTEVURSBGUk9NIGBEQl9JVVJBTmAgV0hFUkUgYElVUkFOX0NPREVgID0gJ0lVMjAyNTA1MTAwMDAwMicifQ==','2025-05-11 00:52:41','PSR0004'),(135,'PSR0002LAP004','PSR0002001','create','success','eyJ1c2VyIjp7ImlkIjoiUFNSMDAwMjAwMSIsIm5hbWUiOiJwZXR1Z2FzMTEiLCJsZXZlbCI6IlBURyIsIm93bmVyIjoiUFNSMDAwMiJ9LCJxdWVyeSI6IkV4ZWN1dGluZyAoZGVmYXVsdCk6IElOU0VSVCBJTlRPIGBEQl9MQVBBS2AgKGBMQVBBS19DT0RFYCxgTEFQQUtfTkFNQWAsYExBUEFLX0JMT0tgLGBMQVBBS19VS1VSQU5gLGBMQVBBS19UWVBFYCxgTEFQQUtfUEVOWUVXQWAsYExBUEFLX01VTEFJYCxgTEFQQUtfQUtISVJgLGBMQVBBS19TVEFUVVNgLGBMQVBBS19PV05FUmAsYGNyZWF0ZWRBdGAsYHVwZGF0ZWRBdGApIFZBTFVFUyAoPyw/LD8sPyw/LD8sPyw/LD8sPyw/LD8pOyJ9','2025-05-11 13:44:07','PSR0002'),(136,'CUST00005','PSR0002001','create','success','eyJ1c2VyIjp7ImlkIjoiUFNSMDAwMjAwMSIsIm5hbWUiOiJwZXR1Z2FzMTEiLCJsZXZlbCI6IlBURyIsIm93bmVyIjoiUFNSMDAwMiJ9LCJxdWVyeSI6IkV4ZWN1dGluZyAoODM0NTdkMTItOWZkOS00OWMzLTk0M2YtNGM5MTE1OTNlMDlmKTogSU5TRVJUIElOVE8gYERCX1BFREFHQU5HYCAoYENVU1RfQ09ERWAsYENVU1RfTkFNQWAsYENVU1RfTklLYCxgQ1VTVF9QSE9ORWAsYENVU1RfT1dORVJgLGBDVVNUX0lVUkFOYCxgQ1VTVF9TVEFUVVNgLGBjcmVhdGVkQXRgLGB1cGRhdGVkQXRgKSBWQUxVRVMgKD8sPyw/LD8sPyw/LD8sPyw/KTsifQ==','2025-05-11 13:45:36','PSR0002'),(137,'PSR0002LAP004','PSR0002001','update','success','eyJ1c2VyIjp7ImlkIjoiUFNSMDAwMjAwMSIsIm5hbWUiOiJwZXR1Z2FzMTEiLCJsZXZlbCI6IlBURyIsIm93bmVyIjoiUFNSMDAwMiJ9LCJxdWVyeSI6IkV4ZWN1dGluZyAoZGVmYXVsdCk6IFVQREFURSBgREJfTEFQQUtgIFNFVCBgTEFQQUtfU1RBVFVTYD0/LGBMQVBBS19QRU5ZRVdBYD0/LGBMQVBBS19NVUxBSWA9PyxgTEFQQUtfQUtISVJgPT8sYHVwZGF0ZWRBdGA9PyBXSEVSRSBgTEFQQUtfQ09ERWAgPSA/In0=','2025-05-11 13:45:36','PSR0002'),(138,'PSR0004002','USR001','delete','success','eyJ1c2VyIjp7ImlkIjoiVVNSMDAxIiwibmFtZSI6InN1cGVyYWRtaW4iLCJsZXZlbCI6IlNVQSIsIm93bmVyIjoiUFNSMDAwNCJ9LCJxdWVyeSI6IkV4ZWN1dGluZyAoZGVmYXVsdCk6IERFTEVURSBGUk9NIGB1c2VyYWtzZXNgIFdIRVJFIGB1c2VyX2NvZGVgID0gJ1BTUjAwMDQwMDInIn0=','2025-05-13 08:33:01','PSR0004'),(139,'PSR0004002','USR001','create','success','e30=','2025-05-13 08:37:58','PSR0004'),(140,NULL,'USR001','update','success','eyJ1c2VyIjp7ImlkIjoiVVNSMDAxIiwibmFtZSI6InN1cGVyYWRtaW4iLCJsZXZlbCI6IlNVQSIsIm93bmVyIjoiUFNSMDAwNCJ9LCJxdWVyeSI6IkV4ZWN1dGluZyAoZGVmYXVsdCk6IFVQREFURSBgREJfSVVSQU5gIFNFVCBgSVVSQU5fU1RBVFVTYD0/LGBJVVJBTl9NRVRPREVfQkFZQVJgPT8sYElVUkFOX1VTRVJgPT8sYElVUkFOX1dBS1RVX0JBWUFSYD0/LGB1cGRhdGVkQXRgPT8gV0hFUkUgYElVUkFOX0NPREVgID0gPyJ9','2025-05-15 02:35:52','PSR0004'),(141,NULL,'USR001','update','success','eyJ1c2VyIjp7ImlkIjoiVVNSMDAxIiwibmFtZSI6InN1cGVyYWRtaW4iLCJsZXZlbCI6IlNVQSIsIm93bmVyIjoiUFNSMDAwNCJ9LCJxdWVyeSI6IkV4ZWN1dGluZyAoZGVmYXVsdCk6IFVQREFURSBgREJfSVVSQU5gIFNFVCBgSVVSQU5fU1RBVFVTYD0/LGBJVVJBTl9NRVRPREVfQkFZQVJgPT8sYElVUkFOX1VTRVJgPT8sYElVUkFOX1dBS1RVX0JBWUFSYD0/LGB1cGRhdGVkQXRgPT8gV0hFUkUgYElVUkFOX0NPREVgID0gPyJ9','2025-05-15 02:35:52','PSR0004'),(142,NULL,'USR001','update','failed','eyJ1c2VyIjp7ImlkIjoiVVNSMDAxIiwibmFtZSI6InN1cGVyYWRtaW4iLCJsZXZlbCI6IlNVQSIsIm93bmVyIjoiUFNSMDAwNCJ9LCJxdWVyeSI6IkV4ZWN1dGluZyAoZGVmYXVsdCk6IFVQREFURSBgREJfSVVSQU5gIFNFVCBgSVVSQU5fU1RBVFVTYD0/LGBJVVJBTl9NRVRPREVfQkFZQVJgPT8sYElVUkFOX1VTRVJgPT8sYElVUkFOX1dBS1RVX0JBWUFSYD0/LGB1cGRhdGVkQXRgPT8gV0hFUkUgYElVUkFOX0NPREVgID0gPyJ9','2025-05-15 02:35:52','PSR0004'),(143,NULL,'USR001','update','failed','eyJ1c2VyIjp7ImlkIjoiVVNSMDAxIiwibmFtZSI6InN1cGVyYWRtaW4iLCJsZXZlbCI6IlNVQSIsIm93bmVyIjoiUFNSMDAwNCJ9LCJxdWVyeSI6IkV4ZWN1dGluZyAoZGVmYXVsdCk6IFVQREFURSBgREJfSVVSQU5gIFNFVCBgSVVSQU5fU1RBVFVTYD0/LGBJVVJBTl9NRVRPREVfQkFZQVJgPT8sYElVUkFOX1VTRVJgPT8sYElVUkFOX1dBS1RVX0JBWUFSYD0/LGB1cGRhdGVkQXRgPT8gV0hFUkUgYElVUkFOX0NPREVgID0gPyJ9','2025-05-15 02:35:52','PSR0004'),(144,NULL,'USR001','update','success','eyJ1c2VyIjp7ImlkIjoiVVNSMDAxIiwibmFtZSI6InN1cGVyYWRtaW4iLCJsZXZlbCI6IlNVQSIsIm93bmVyIjoiUFNSMDAwNCJ9LCJxdWVyeSI6IkV4ZWN1dGluZyAoZGVmYXVsdCk6IFVQREFURSBgREJfSVVSQU5gIFNFVCBgSVVSQU5fU1RBVFVTYD0/LGBJVVJBTl9NRVRPREVfQkFZQVJgPT8sYElVUkFOX1VTRVJgPT8sYElVUkFOX1dBS1RVX0JBWUFSYD0/LGB1cGRhdGVkQXRgPT8gV0hFUkUgYElVUkFOX0NPREVgID0gPyJ9','2025-05-15 02:36:10','PSR0004'),(145,NULL,'USR001','update','success','eyJ1c2VyIjp7ImlkIjoiVVNSMDAxIiwibmFtZSI6InN1cGVyYWRtaW4iLCJsZXZlbCI6IlNVQSIsIm93bmVyIjoiUFNSMDAwNCJ9LCJxdWVyeSI6IkV4ZWN1dGluZyAoZGVmYXVsdCk6IFVQREFURSBgREJfSVVSQU5gIFNFVCBgSVVSQU5fU1RBVFVTYD0/LGBJVVJBTl9NRVRPREVfQkFZQVJgPT8sYElVUkFOX1VTRVJgPT8sYElVUkFOX1dBS1RVX0JBWUFSYD0/LGB1cGRhdGVkQXRgPT8gV0hFUkUgYElVUkFOX0NPREVgID0gPyJ9','2025-05-15 02:36:10','PSR0004'),(146,NULL,'USR001','update','failed','eyJ1c2VyIjp7ImlkIjoiVVNSMDAxIiwibmFtZSI6InN1cGVyYWRtaW4iLCJsZXZlbCI6IlNVQSIsIm93bmVyIjoiUFNSMDAwNCJ9LCJxdWVyeSI6IkV4ZWN1dGluZyAoZGVmYXVsdCk6IFVQREFURSBgREJfSVVSQU5gIFNFVCBgSVVSQU5fU1RBVFVTYD0/LGBJVVJBTl9NRVRPREVfQkFZQVJgPT8sYElVUkFOX1VTRVJgPT8sYElVUkFOX1dBS1RVX0JBWUFSYD0/LGB1cGRhdGVkQXRgPT8gV0hFUkUgYElVUkFOX0NPREVgID0gPyJ9','2025-05-15 02:36:10','PSR0004'),(147,NULL,'USR001','update','failed','eyJ1c2VyIjp7ImlkIjoiVVNSMDAxIiwibmFtZSI6InN1cGVyYWRtaW4iLCJsZXZlbCI6IlNVQSIsIm93bmVyIjoiUFNSMDAwNCJ9LCJxdWVyeSI6IkV4ZWN1dGluZyAoZGVmYXVsdCk6IFVQREFURSBgREJfSVVSQU5gIFNFVCBgSVVSQU5fU1RBVFVTYD0/LGBJVVJBTl9NRVRPREVfQkFZQVJgPT8sYElVUkFOX1VTRVJgPT8sYElVUkFOX1dBS1RVX0JBWUFSYD0/LGB1cGRhdGVkQXRgPT8gV0hFUkUgYElVUkFOX0NPREVgID0gPyJ9','2025-05-15 02:36:10','PSR0004'),(148,NULL,'USR001','update','success','eyJ1c2VyIjp7ImlkIjoiVVNSMDAxIiwibmFtZSI6InN1cGVyYWRtaW4iLCJsZXZlbCI6IlNVQSIsIm93bmVyIjoiUFNSMDAwNCJ9LCJxdWVyeSI6IkV4ZWN1dGluZyAoZGVmYXVsdCk6IFVQREFURSBgREJfSVVSQU5gIFNFVCBgSVVSQU5fU1RBVFVTYD0/LGBJVVJBTl9NRVRPREVfQkFZQVJgPT8sYElVUkFOX1VTRVJgPT8sYElVUkFOX1dBS1RVX0JBWUFSYD0/LGB1cGRhdGVkQXRgPT8gV0hFUkUgYElVUkFOX0NPREVgID0gPyJ9','2025-05-15 02:48:43','PSR0004'),(149,NULL,'USR001','update','success','eyJ1c2VyIjp7ImlkIjoiVVNSMDAxIiwibmFtZSI6InN1cGVyYWRtaW4iLCJsZXZlbCI6IlNVQSIsIm93bmVyIjoiUFNSMDAwNCJ9LCJxdWVyeSI6IkV4ZWN1dGluZyAoZGVmYXVsdCk6IFVQREFURSBgREJfSVVSQU5gIFNFVCBgSVVSQU5fU1RBVFVTYD0/LGBJVVJBTl9NRVRPREVfQkFZQVJgPT8sYElVUkFOX1VTRVJgPT8sYElVUkFOX1dBS1RVX0JBWUFSYD0/LGB1cGRhdGVkQXRgPT8gV0hFUkUgYElVUkFOX0NPREVgID0gPyJ9','2025-05-15 02:48:43','PSR0004'),(150,NULL,'USR001','update','success','eyJ1c2VyIjp7ImlkIjoiVVNSMDAxIiwibmFtZSI6InN1cGVyYWRtaW4iLCJsZXZlbCI6IlNVQSIsIm93bmVyIjoiUFNSMDAwNCJ9LCJxdWVyeSI6IkV4ZWN1dGluZyAoZGVmYXVsdCk6IFVQREFURSBgREJfSVVSQU5gIFNFVCBgSVVSQU5fU1RBVFVTYD0/LGBJVVJBTl9NRVRPREVfQkFZQVJgPT8sYElVUkFOX1VTRVJgPT8sYElVUkFOX1dBS1RVX0JBWUFSYD0/LGB1cGRhdGVkQXRgPT8gV0hFUkUgYElVUkFOX0NPREVgID0gPyJ9','2025-05-15 02:49:07','PSR0004'),(151,NULL,'USR001','update','success','eyJ1c2VyIjp7ImlkIjoiVVNSMDAxIiwibmFtZSI6InN1cGVyYWRtaW4iLCJsZXZlbCI6IlNVQSIsIm93bmVyIjoiUFNSMDAwNCJ9LCJxdWVyeSI6IkV4ZWN1dGluZyAoZGVmYXVsdCk6IFVQREFURSBgREJfSVVSQU5gIFNFVCBgSVVSQU5fU1RBVFVTYD0/LGBJVVJBTl9NRVRPREVfQkFZQVJgPT8sYElVUkFOX1VTRVJgPT8sYElVUkFOX1dBS1RVX0JBWUFSYD0/LGB1cGRhdGVkQXRgPT8gV0hFUkUgYElVUkFOX0NPREVgID0gPyJ9','2025-05-15 02:49:07','PSR0004'),(152,NULL,'USR001','update','success','eyJ1c2VyIjp7ImlkIjoiVVNSMDAxIiwibmFtZSI6InN1cGVyYWRtaW4iLCJsZXZlbCI6IlNVQSIsIm93bmVyIjoiUFNSMDAwNCJ9LCJxdWVyeSI6IkV4ZWN1dGluZyAoZGVmYXVsdCk6IFVQREFURSBgREJfSVVSQU5gIFNFVCBgSVVSQU5fU1RBVFVTYD0/LGBJVVJBTl9NRVRPREVfQkFZQVJgPT8sYElVUkFOX1VTRVJgPT8sYElVUkFOX1dBS1RVX0JBWUFSYD0/LGB1cGRhdGVkQXRgPT8gV0hFUkUgYElVUkFOX0NPREVgID0gPyJ9','2025-05-15 03:07:36','PSR0004'),(153,NULL,'USR001','update','success','eyJ1c2VyIjp7ImlkIjoiVVNSMDAxIiwibmFtZSI6InN1cGVyYWRtaW4iLCJsZXZlbCI6IlNVQSIsIm93bmVyIjoiUFNSMDAwNCJ9LCJxdWVyeSI6IkV4ZWN1dGluZyAoZGVmYXVsdCk6IFVQREFURSBgREJfSVVSQU5gIFNFVCBgSVVSQU5fU1RBVFVTYD0/LGBJVVJBTl9NRVRPREVfQkFZQVJgPT8sYElVUkFOX1VTRVJgPT8sYElVUkFOX1dBS1RVX0JBWUFSYD0/LGB1cGRhdGVkQXRgPT8gV0hFUkUgYElVUkFOX0NPREVgID0gPyJ9','2025-05-15 03:07:36','PSR0004'),(154,NULL,'USR001','update','success','eyJ1c2VyIjp7ImlkIjoiVVNSMDAxIiwibmFtZSI6InN1cGVyYWRtaW4iLCJsZXZlbCI6IlNVQSIsIm93bmVyIjoiUFNSMDAwNCJ9LCJxdWVyeSI6IkV4ZWN1dGluZyAoZGVmYXVsdCk6IFVQREFURSBgREJfSVVSQU5gIFNFVCBgSVVSQU5fU1RBVFVTYD0/LGBJVVJBTl9NRVRPREVfQkFZQVJgPT8sYElVUkFOX1VTRVJgPT8sYElVUkFOX1dBS1RVX0JBWUFSYD0/LGB1cGRhdGVkQXRgPT8gV0hFUkUgYElVUkFOX0NPREVgID0gPyJ9','2025-05-15 04:03:31','PSR0004'),(155,NULL,'USR001','update','success','eyJ1c2VyIjp7ImlkIjoiVVNSMDAxIiwibmFtZSI6InN1cGVyYWRtaW4iLCJsZXZlbCI6IlNVQSIsIm93bmVyIjoiUFNSMDAwNCJ9LCJxdWVyeSI6IkV4ZWN1dGluZyAoZGVmYXVsdCk6IFVQREFURSBgREJfSVVSQU5gIFNFVCBgSVVSQU5fU1RBVFVTYD0/LGBJVVJBTl9NRVRPREVfQkFZQVJgPT8sYElVUkFOX1VTRVJgPT8sYElVUkFOX1dBS1RVX0JBWUFSYD0/LGB1cGRhdGVkQXRgPT8gV0hFUkUgYElVUkFOX0NPREVgID0gPyJ9','2025-05-15 04:03:31','PSR0004'),(156,NULL,'USR001','update','success','eyJ1c2VyIjp7ImlkIjoiVVNSMDAxIiwibmFtZSI6InN1cGVyYWRtaW4iLCJsZXZlbCI6IlNVQSIsIm93bmVyIjoiUFNSMDAwNCJ9LCJxdWVyeSI6IkV4ZWN1dGluZyAoZGVmYXVsdCk6IFVQREFURSBgREJfSVVSQU5gIFNFVCBgSVVSQU5fU1RBVFVTYD0/LGBJVVJBTl9NRVRPREVfQkFZQVJgPT8sYElVUkFOX1VTRVJgPT8sYElVUkFOX1dBS1RVX0JBWUFSYD0/LGB1cGRhdGVkQXRgPT8gV0hFUkUgYElVUkFOX0NPREVgID0gPyJ9','2025-05-15 06:07:23','PSR0004'),(157,NULL,'USR001','update','success','eyJ1c2VyIjp7ImlkIjoiVVNSMDAxIiwibmFtZSI6InN1cGVyYWRtaW4iLCJsZXZlbCI6IlNVQSIsIm93bmVyIjoiUFNSMDAwNCJ9LCJxdWVyeSI6IkV4ZWN1dGluZyAoZGVmYXVsdCk6IFVQREFURSBgREJfSVVSQU5gIFNFVCBgSVVSQU5fU1RBVFVTYD0/LGBJVVJBTl9NRVRPREVfQkFZQVJgPT8sYElVUkFOX1VTRVJgPT8sYElVUkFOX1dBS1RVX0JBWUFSYD0/LGB1cGRhdGVkQXRgPT8gV0hFUkUgYElVUkFOX0NPREVgID0gPyJ9','2025-05-15 06:30:24','PSR0004'),(158,NULL,'USR001','update','success','eyJ1c2VyIjp7ImlkIjoiVVNSMDAxIiwibmFtZSI6InN1cGVyYWRtaW4iLCJsZXZlbCI6IlNVQSIsIm93bmVyIjoiUFNSMDAwNCJ9LCJxdWVyeSI6IkV4ZWN1dGluZyAoZGVmYXVsdCk6IFVQREFURSBgREJfSVVSQU5gIFNFVCBgSVVSQU5fU1RBVFVTYD0/LGBJVVJBTl9NRVRPREVfQkFZQVJgPT8sYElVUkFOX1VTRVJgPT8sYElVUkFOX1dBS1RVX0JBWUFSYD0/LGB1cGRhdGVkQXRgPT8gV0hFUkUgYElVUkFOX0NPREVgID0gPyJ9','2025-05-15 06:44:26','PSR0004'),(159,NULL,'USR001','update','success','eyJ1c2VyIjp7ImlkIjoiVVNSMDAxIiwibmFtZSI6InN1cGVyYWRtaW4iLCJsZXZlbCI6IlNVQSIsIm93bmVyIjoiUFNSMDAwNCJ9LCJxdWVyeSI6IkV4ZWN1dGluZyAoZGVmYXVsdCk6IFVQREFURSBgREJfSVVSQU5gIFNFVCBgSVVSQU5fU1RBVFVTYD0/LGBJVVJBTl9NRVRPREVfQkFZQVJgPT8sYElVUkFOX1VTRVJgPT8sYElVUkFOX1dBS1RVX0JBWUFSYD0/LGB1cGRhdGVkQXRgPT8gV0hFUkUgYElVUkFOX0NPREVgID0gPyJ9','2025-05-15 07:13:19','PSR0004'),(160,NULL,'USR001','update','success','eyJ1c2VyIjp7ImlkIjoiVVNSMDAxIiwibmFtZSI6InN1cGVyYWRtaW4iLCJsZXZlbCI6IlNVQSIsIm93bmVyIjoiUFNSMDAwNCJ9LCJxdWVyeSI6IkV4ZWN1dGluZyAoZGVmYXVsdCk6IFVQREFURSBgREJfSVVSQU5gIFNFVCBgSVVSQU5fU1RBVFVTYD0/LGBJVVJBTl9NRVRPREVfQkFZQVJgPT8sYElVUkFOX1VTRVJgPT8sYElVUkFOX1dBS1RVX0JBWUFSYD0/LGB1cGRhdGVkQXRgPT8gV0hFUkUgYElVUkFOX0NPREVgID0gPyJ9','2025-05-15 07:21:40','PSR0004'),(161,NULL,'USR001','update','success','eyJ1c2VyIjp7ImlkIjoiVVNSMDAxIiwibmFtZSI6InN1cGVyYWRtaW4iLCJsZXZlbCI6IlNVQSIsIm93bmVyIjoiUFNSMDAwNCJ9LCJxdWVyeSI6IkV4ZWN1dGluZyAoZGVmYXVsdCk6IFVQREFURSBgREJfSVVSQU5gIFNFVCBgSVVSQU5fU1RBVFVTYD0/LGBJVVJBTl9NRVRPREVfQkFZQVJgPT8sYElVUkFOX1VTRVJgPT8sYElVUkFOX1dBS1RVX0JBWUFSYD0/LGB1cGRhdGVkQXRgPT8gV0hFUkUgYElVUkFOX0NPREVgID0gPyJ9','2025-05-15 07:36:42','PSR0004'),(162,NULL,'USR001','update','success','eyJ1c2VyIjp7ImlkIjoiVVNSMDAxIiwibmFtZSI6InN1cGVyYWRtaW4iLCJsZXZlbCI6IlNVQSIsIm93bmVyIjoiUFNSMDAwNCJ9LCJxdWVyeSI6IkV4ZWN1dGluZyAoZGVmYXVsdCk6IFVQREFURSBgREJfSVVSQU5gIFNFVCBgSVVSQU5fU1RBVFVTYD0/LGBJVVJBTl9NRVRPREVfQkFZQVJgPT8sYElVUkFOX1VTRVJgPT8sYElVUkFOX1dBS1RVX0JBWUFSYD0/LGB1cGRhdGVkQXRgPT8gV0hFUkUgYElVUkFOX0NPREVgID0gPyJ9','2025-05-15 07:36:42','PSR0004'),(163,NULL,'USR001','update','success','eyJ1c2VyIjp7ImlkIjoiVVNSMDAxIiwibmFtZSI6InN1cGVyYWRtaW4iLCJsZXZlbCI6IlNVQSIsIm93bmVyIjoiUFNSMDAwNCJ9LCJxdWVyeSI6IkV4ZWN1dGluZyAoZGVmYXVsdCk6IFVQREFURSBgREJfSVVSQU5gIFNFVCBgSVVSQU5fU1RBVFVTYD0/LGBJVVJBTl9NRVRPREVfQkFZQVJgPT8sYElVUkFOX1VTRVJgPT8sYElVUkFOX1dBS1RVX0JBWUFSYD0/LGB1cGRhdGVkQXRgPT8gV0hFUkUgYElVUkFOX0NPREVgID0gPyJ9','2025-05-15 07:39:22','PSR0004'),(164,NULL,'USR001','update','success','eyJ1c2VyIjp7ImlkIjoiVVNSMDAxIiwibmFtZSI6InN1cGVyYWRtaW4iLCJsZXZlbCI6IlNVQSIsIm93bmVyIjoiUFNSMDAwNCJ9LCJxdWVyeSI6IkV4ZWN1dGluZyAoZGVmYXVsdCk6IFVQREFURSBgREJfSVVSQU5gIFNFVCBgSVVSQU5fU1RBVFVTYD0/LGBJVVJBTl9NRVRPREVfQkFZQVJgPT8sYElVUkFOX1VTRVJgPT8sYElVUkFOX1dBS1RVX0JBWUFSYD0/LGB1cGRhdGVkQXRgPT8gV0hFUkUgYElVUkFOX0NPREVgID0gPyJ9','2025-05-15 07:40:39','PSR0004'),(165,NULL,'USR001','update','success','eyJ1c2VyIjp7ImlkIjoiVVNSMDAxIiwibmFtZSI6InN1cGVyYWRtaW4iLCJsZXZlbCI6IlNVQSIsIm93bmVyIjoiUFNSMDAwNCJ9LCJxdWVyeSI6IkV4ZWN1dGluZyAoZGVmYXVsdCk6IFVQREFURSBgREJfSVVSQU5gIFNFVCBgSVVSQU5fU1RBVFVTYD0/LGBJVVJBTl9NRVRPREVfQkFZQVJgPT8sYElVUkFOX1VTRVJgPT8sYElVUkFOX1dBS1RVX0JBWUFSYD0/LGB1cGRhdGVkQXRgPT8gV0hFUkUgYElVUkFOX0NPREVgID0gPyJ9','2025-05-15 07:41:34','PSR0004'),(166,NULL,'USR001','update','success','eyJ1c2VyIjp7ImlkIjoiVVNSMDAxIiwibmFtZSI6InN1cGVyYWRtaW4iLCJsZXZlbCI6IlNVQSIsIm93bmVyIjoiUFNSMDAwNCJ9LCJxdWVyeSI6IkV4ZWN1dGluZyAoZGVmYXVsdCk6IFVQREFURSBgREJfSVVSQU5gIFNFVCBgSVVSQU5fU1RBVFVTYD0/LGBJVVJBTl9NRVRPREVfQkFZQVJgPT8sYElVUkFOX1VTRVJgPT8sYElVUkFOX1dBS1RVX0JBWUFSYD0/LGB1cGRhdGVkQXRgPT8gV0hFUkUgYElVUkFOX0NPREVgID0gPyJ9','2025-05-15 07:52:27','PSR0004'),(167,NULL,'USR001','update','success','eyJ1c2VyIjp7ImlkIjoiVVNSMDAxIiwibmFtZSI6InN1cGVyYWRtaW4iLCJsZXZlbCI6IlNVQSIsIm93bmVyIjoiUFNSMDAwNCJ9LCJxdWVyeSI6IkV4ZWN1dGluZyAoZGVmYXVsdCk6IFVQREFURSBgREJfSVVSQU5gIFNFVCBgSVVSQU5fU1RBVFVTYD0/LGBJVVJBTl9NRVRPREVfQkFZQVJgPT8sYElVUkFOX1VTRVJgPT8sYElVUkFOX1dBS1RVX0JBWUFSYD0/LGB1cGRhdGVkQXRgPT8gV0hFUkUgYElVUkFOX0NPREVgID0gPyJ9','2025-05-15 07:57:36','PSR0004'),(168,NULL,'USR001','update','success','eyJ1c2VyIjp7ImlkIjoiVVNSMDAxIiwibmFtZSI6InN1cGVyYWRtaW4iLCJsZXZlbCI6IlNVQSIsIm93bmVyIjoiUFNSMDAwNCJ9LCJxdWVyeSI6IkV4ZWN1dGluZyAoZGVmYXVsdCk6IFVQREFURSBgREJfSVVSQU5gIFNFVCBgSVVSQU5fU1RBVFVTYD0/LGBJVVJBTl9NRVRPREVfQkFZQVJgPT8sYElVUkFOX1VTRVJgPT8sYElVUkFOX1dBS1RVX0JBWUFSYD0/LGB1cGRhdGVkQXRgPT8gV0hFUkUgYElVUkFOX0NPREVgID0gPyJ9','2025-05-15 07:58:23','PSR0004'),(169,NULL,'USR001','update','success','eyJ1c2VyIjp7ImlkIjoiVVNSMDAxIiwibmFtZSI6InN1cGVyYWRtaW4iLCJsZXZlbCI6IlNVQSIsIm93bmVyIjoiUFNSMDAwNCJ9LCJxdWVyeSI6IkV4ZWN1dGluZyAoZGVmYXVsdCk6IFVQREFURSBgREJfSVVSQU5gIFNFVCBgSVVSQU5fU1RBVFVTYD0/LGBJVVJBTl9NRVRPREVfQkFZQVJgPT8sYElVUkFOX1VTRVJgPT8sYElVUkFOX1dBS1RVX0JBWUFSYD0/LGB1cGRhdGVkQXRgPT8gV0hFUkUgYElVUkFOX0NPREVgID0gPyJ9','2025-05-15 09:53:51','PSR0004'),(170,NULL,'USR001','update','success','eyJ1c2VyIjp7ImlkIjoiVVNSMDAxIiwibmFtZSI6InN1cGVyYWRtaW4iLCJsZXZlbCI6IlNVQSIsIm93bmVyIjoiUFNSMDAwNCJ9LCJxdWVyeSI6IkV4ZWN1dGluZyAoZGVmYXVsdCk6IFVQREFURSBgREJfSVVSQU5gIFNFVCBgSVVSQU5fU1RBVFVTYD0/LGBJVVJBTl9NRVRPREVfQkFZQVJgPT8sYElVUkFOX1VTRVJgPT8sYElVUkFOX1dBS1RVX0JBWUFSYD0/LGB1cGRhdGVkQXRgPT8gV0hFUkUgYElVUkFOX0NPREVgID0gPyJ9','2025-05-15 10:07:15','PSR0004'),(171,NULL,'USR001','update','success','eyJ1c2VyIjp7ImlkIjoiVVNSMDAxIiwibmFtZSI6InN1cGVyYWRtaW4iLCJsZXZlbCI6IlNVQSIsIm93bmVyIjoiUFNSMDAwNCJ9LCJxdWVyeSI6IkV4ZWN1dGluZyAoZGVmYXVsdCk6IFVQREFURSBgREJfSVVSQU5gIFNFVCBgSVVSQU5fU1RBVFVTYD0/LGBJVVJBTl9NRVRPREVfQkFZQVJgPT8sYElVUkFOX1VTRVJgPT8sYElVUkFOX1dBS1RVX0JBWUFSYD0/LGB1cGRhdGVkQXRgPT8gV0hFUkUgYElVUkFOX0NPREVgID0gPyJ9','2025-05-15 10:11:20','PSR0004'),(172,NULL,'USR001','update','success','eyJ1c2VyIjp7ImlkIjoiVVNSMDAxIiwibmFtZSI6InN1cGVyYWRtaW4iLCJsZXZlbCI6IlNVQSIsIm93bmVyIjoiUFNSMDAwNCJ9LCJxdWVyeSI6IkV4ZWN1dGluZyAoZGVmYXVsdCk6IFVQREFURSBgREJfSVVSQU5gIFNFVCBgSVVSQU5fU1RBVFVTYD0/LGBJVVJBTl9NRVRPREVfQkFZQVJgPT8sYElVUkFOX1VTRVJgPT8sYElVUkFOX1dBS1RVX0JBWUFSYD0/LGB1cGRhdGVkQXRgPT8gV0hFUkUgYElVUkFOX0NPREVgID0gPyJ9','2025-05-15 10:16:59','PSR0004'),(173,NULL,'USR001','update','success','eyJ1c2VyIjp7ImlkIjoiVVNSMDAxIiwibmFtZSI6InN1cGVyYWRtaW4iLCJsZXZlbCI6IlNVQSIsIm93bmVyIjoiUFNSMDAwNCJ9LCJxdWVyeSI6IkV4ZWN1dGluZyAoZGVmYXVsdCk6IFVQREFURSBgREJfSVVSQU5gIFNFVCBgSVVSQU5fU1RBVFVTYD0/LGBJVVJBTl9NRVRPREVfQkFZQVJgPT8sYElVUkFOX1VTRVJgPT8sYElVUkFOX1dBS1RVX0JBWUFSYD0/LGB1cGRhdGVkQXRgPT8gV0hFUkUgYElVUkFOX0NPREVgID0gPyJ9','2025-05-15 10:18:08','PSR0004'),(174,'TYPE006','PSR0001002','create','success','eyJ1c2VyIjp7ImlkIjoiUFNSMDAwMTAwMiIsIm5hbWUiOiJwZXR1Z2FzNCIsImxldmVsIjoiUFRHIiwib3duZXIiOiJQU1IwMDAxIn0sInF1ZXJ5IjoiRXhlY3V0aW5nIChkZWZhdWx0KTogSU5TRVJUIElOVE8gYERCX1RZUEVfTEFQQUtgIChgVFlQRV9DT0RFYCxgVFlQRV9OQU1BYCkgVkFMVUVTICg/LD8pOyJ9','2025-05-15 11:58:46','PSR0001'),(175,'TYPE006','PSR0001002','delete','success','eyJ1c2VyIjp7ImlkIjoiUFNSMDAwMTAwMiIsIm5hbWUiOiJwZXR1Z2FzNCIsImxldmVsIjoiUFRHIiwib3duZXIiOiJQU1IwMDAxIn0sInF1ZXJ5IjoiRXhlY3V0aW5nIChkZWZhdWx0KTogREVMRVRFIEZST00gYERCX1RZUEVfTEFQQUtgIFdIRVJFIGBUWVBFX0NPREVgID0gJ1RZUEUwMDYnIn0=','2025-05-15 11:58:51','PSR0001'),(176,'PSR0001LAP002','PSR0001002','create','success','eyJ1c2VyIjp7ImlkIjoiUFNSMDAwMTAwMiIsIm5hbWUiOiJwZXR1Z2FzNCIsImxldmVsIjoiUFRHIiwib3duZXIiOiJQU1IwMDAxIn0sInF1ZXJ5IjoiRXhlY3V0aW5nIChkZWZhdWx0KTogSU5TRVJUIElOVE8gYERCX0xBUEFLYCAoYExBUEFLX0NPREVgLGBMQVBBS19OQU1BYCxgTEFQQUtfQkxPS2AsYExBUEFLX1VLVVJBTmAsYExBUEFLX1RZUEVgLGBMQVBBS19QRU5ZRVdBYCxgTEFQQUtfTVVMQUlgLGBMQVBBS19BS0hJUmAsYExBUEFLX1NUQVRVU2AsYExBUEFLX09XTkVSYCxgY3JlYXRlZEF0YCxgdXBkYXRlZEF0YCkgVkFMVUVTICg/LD8sPyw/LD8sPyw/LD8sPyw/LD8sPyk7In0=','2025-05-15 11:59:01','PSR0001'),(177,'PSR0001LAP003','PSR0001002','create','success','eyJ1c2VyIjp7ImlkIjoiUFNSMDAwMTAwMiIsIm5hbWUiOiJwZXR1Z2FzNCIsImxldmVsIjoiUFRHIiwib3duZXIiOiJQU1IwMDAxIn0sInF1ZXJ5IjoiRXhlY3V0aW5nIChkZWZhdWx0KTogSU5TRVJUIElOVE8gYERCX0xBUEFLYCAoYExBUEFLX0NPREVgLGBMQVBBS19OQU1BYCxgTEFQQUtfQkxPS2AsYExBUEFLX1VLVVJBTmAsYExBUEFLX1RZUEVgLGBMQVBBS19QRU5ZRVdBYCxgTEFQQUtfTVVMQUlgLGBMQVBBS19BS0hJUmAsYExBUEFLX1NUQVRVU2AsYExBUEFLX09XTkVSYCxgY3JlYXRlZEF0YCxgdXBkYXRlZEF0YCkgVkFMVUVTICg/LD8sPyw/LD8sPyw/LD8sPyw/LD8sPyk7In0=','2025-05-15 11:59:07','PSR0001'),(178,'PSR0001LAP004','PSR0001002','create','success','eyJ1c2VyIjp7ImlkIjoiUFNSMDAwMTAwMiIsIm5hbWUiOiJwZXR1Z2FzNCIsImxldmVsIjoiUFRHIiwib3duZXIiOiJQU1IwMDAxIn0sInF1ZXJ5IjoiRXhlY3V0aW5nIChkZWZhdWx0KTogSU5TRVJUIElOVE8gYERCX0xBUEFLYCAoYExBUEFLX0NPREVgLGBMQVBBS19OQU1BYCxgTEFQQUtfQkxPS2AsYExBUEFLX1VLVVJBTmAsYExBUEFLX1RZUEVgLGBMQVBBS19QRU5ZRVdBYCxgTEFQQUtfTVVMQUlgLGBMQVBBS19BS0hJUmAsYExBUEFLX1NUQVRVU2AsYExBUEFLX09XTkVSYCxgY3JlYXRlZEF0YCxgdXBkYXRlZEF0YCkgVkFMVUVTICg/LD8sPyw/LD8sPyw/LD8sPyw/LD8sPyk7In0=','2025-05-15 11:59:12','PSR0001'),(179,'PSR0001LAP005','PSR0001002','create','success','eyJ1c2VyIjp7ImlkIjoiUFNSMDAwMTAwMiIsIm5hbWUiOiJwZXR1Z2FzNCIsImxldmVsIjoiUFRHIiwib3duZXIiOiJQU1IwMDAxIn0sInF1ZXJ5IjoiRXhlY3V0aW5nIChkZWZhdWx0KTogSU5TRVJUIElOVE8gYERCX0xBUEFLYCAoYExBUEFLX0NPREVgLGBMQVBBS19OQU1BYCxgTEFQQUtfQkxPS2AsYExBUEFLX1VLVVJBTmAsYExBUEFLX1RZUEVgLGBMQVBBS19QRU5ZRVdBYCxgTEFQQUtfTVVMQUlgLGBMQVBBS19BS0hJUmAsYExBUEFLX1NUQVRVU2AsYExBUEFLX09XTkVSYCxgY3JlYXRlZEF0YCxgdXBkYXRlZEF0YCkgVkFMVUVTICg/LD8sPyw/LD8sPyw/LD8sPyw/LD8sPyk7In0=','2025-05-15 11:59:18','PSR0001'),(180,'CUST00006','PSR0001002','create','success','eyJ1c2VyIjp7ImlkIjoiUFNSMDAwMTAwMiIsIm5hbWUiOiJwZXR1Z2FzNCIsImxldmVsIjoiUFRHIiwib3duZXIiOiJQU1IwMDAxIn0sInF1ZXJ5IjoiRXhlY3V0aW5nIChlMGQ4YTkxNy0wZGM0LTRhN2QtYjI1OC1mNjQxZmYwNmM2YWIpOiBJTlNFUlQgSU5UTyBgREJfUEVEQUdBTkdgIChgQ1VTVF9DT0RFYCxgQ1VTVF9OQU1BYCxgQ1VTVF9OSUtgLGBDVVNUX1BIT05FYCxgQ1VTVF9PV05FUmAsYENVU1RfSVVSQU5gLGBDVVNUX1NUQVRVU2AsYGNyZWF0ZWRBdGAsYHVwZGF0ZWRBdGApIFZBTFVFUyAoPyw/LD8sPyw/LD8sPyw/LD8pOyJ9','2025-05-15 12:00:24','PSR0001'),(181,'CUST00006','PSR0001002','update','success','eyJ1c2VyIjp7ImlkIjoiUFNSMDAwMTAwMiIsIm5hbWUiOiJwZXR1Z2FzNCIsImxldmVsIjoiUFRHIiwib3duZXIiOiJQU1IwMDAxIn0sInF1ZXJ5IjoiRXhlY3V0aW5nIChkZWZhdWx0KTogVVBEQVRFIGBEQl9MQVBBS2AgU0VUIGBMQVBBS19TVEFUVVNgPT8sYExBUEFLX1BFTllFV0FgPT8sYExBUEFLX01VTEFJYD0/LGBMQVBBS19BS0hJUmA9PyxgdXBkYXRlZEF0YD0/IFdIRVJFIGBMQVBBS19DT0RFYCA9ID8ifQ==','2025-05-15 12:00:24','PSR0001'),(182,'CUST00007','PSR0001002','create','success','eyJ1c2VyIjp7ImlkIjoiUFNSMDAwMTAwMiIsIm5hbWUiOiJwZXR1Z2FzNCIsImxldmVsIjoiUFRHIiwib3duZXIiOiJQU1IwMDAxIn0sInF1ZXJ5IjoiRXhlY3V0aW5nICgxMjA5Yzg5NC1jYjUwLTRhMmQtYjZjZS05YTdmOTg5ZjU1NWMpOiBJTlNFUlQgSU5UTyBgREJfUEVEQUdBTkdgIChgQ1VTVF9DT0RFYCxgQ1VTVF9OQU1BYCxgQ1VTVF9OSUtgLGBDVVNUX1BIT05FYCxgQ1VTVF9PV05FUmAsYENVU1RfSVVSQU5gLGBDVVNUX1NUQVRVU2AsYGNyZWF0ZWRBdGAsYHVwZGF0ZWRBdGApIFZBTFVFUyAoPyw/LD8sPyw/LD8sPyw/LD8pOyJ9','2025-05-15 12:00:45','PSR0001'),(183,'CUST00007','PSR0001002','update','success','eyJ1c2VyIjp7ImlkIjoiUFNSMDAwMTAwMiIsIm5hbWUiOiJwZXR1Z2FzNCIsImxldmVsIjoiUFRHIiwib3duZXIiOiJQU1IwMDAxIn0sInF1ZXJ5IjoiRXhlY3V0aW5nIChkZWZhdWx0KTogVVBEQVRFIGBEQl9MQVBBS2AgU0VUIGBMQVBBS19TVEFUVVNgPT8sYExBUEFLX1BFTllFV0FgPT8sYExBUEFLX01VTEFJYD0/LGBMQVBBS19BS0hJUmA9PyxgdXBkYXRlZEF0YD0/IFdIRVJFIGBMQVBBS19DT0RFYCA9ID8ifQ==','2025-05-15 12:00:45','PSR0001'),(184,'CUST00008','PSR0001002','create','success','eyJ1c2VyIjp7ImlkIjoiUFNSMDAwMTAwMiIsIm5hbWUiOiJwZXR1Z2FzNCIsImxldmVsIjoiUFRHIiwib3duZXIiOiJQU1IwMDAxIn0sInF1ZXJ5IjoiRXhlY3V0aW5nICgwNmE5NTM1Ni0wNTk5LTQ0YTctOTg4Mi01ODgwOTJkOTk2NDApOiBJTlNFUlQgSU5UTyBgREJfUEVEQUdBTkdgIChgQ1VTVF9DT0RFYCxgQ1VTVF9OQU1BYCxgQ1VTVF9OSUtgLGBDVVNUX1BIT05FYCxgQ1VTVF9PV05FUmAsYENVU1RfSVVSQU5gLGBDVVNUX1NUQVRVU2AsYGNyZWF0ZWRBdGAsYHVwZGF0ZWRBdGApIFZBTFVFUyAoPyw/LD8sPyw/LD8sPyw/LD8pOyJ9','2025-05-15 12:01:37','PSR0001'),(185,'CUST00008','PSR0001002','update','success','eyJ1c2VyIjp7ImlkIjoiUFNSMDAwMTAwMiIsIm5hbWUiOiJwZXR1Z2FzNCIsImxldmVsIjoiUFRHIiwib3duZXIiOiJQU1IwMDAxIn0sInF1ZXJ5IjoiRXhlY3V0aW5nIChkZWZhdWx0KTogVVBEQVRFIGBEQl9MQVBBS2AgU0VUIGBMQVBBS19TVEFUVVNgPT8sYExBUEFLX1BFTllFV0FgPT8sYExBUEFLX01VTEFJYD0/LGBMQVBBS19BS0hJUmA9PyxgdXBkYXRlZEF0YD0/IFdIRVJFIGBMQVBBS19DT0RFYCA9ID8ifQ==','2025-05-15 12:01:37','PSR0001'),(186,'CUST00009','PSR0001002','create','success','eyJ1c2VyIjp7ImlkIjoiUFNSMDAwMTAwMiIsIm5hbWUiOiJwZXR1Z2FzNCIsImxldmVsIjoiUFRHIiwib3duZXIiOiJQU1IwMDAxIn0sInF1ZXJ5IjoiRXhlY3V0aW5nIChhNmZmMzZjMi0zZGMxLTQ2OWYtYTgxNy03MWMyYzQyZjZiNWQpOiBJTlNFUlQgSU5UTyBgREJfUEVEQUdBTkdgIChgQ1VTVF9DT0RFYCxgQ1VTVF9OQU1BYCxgQ1VTVF9OSUtgLGBDVVNUX1BIT05FYCxgQ1VTVF9PV05FUmAsYENVU1RfSVVSQU5gLGBDVVNUX1NUQVRVU2AsYGNyZWF0ZWRBdGAsYHVwZGF0ZWRBdGApIFZBTFVFUyAoPyw/LD8sPyw/LD8sPyw/LD8pOyJ9','2025-05-15 12:02:10','PSR0001'),(187,'CUST00009','PSR0001002','update','success','eyJ1c2VyIjp7ImlkIjoiUFNSMDAwMTAwMiIsIm5hbWUiOiJwZXR1Z2FzNCIsImxldmVsIjoiUFRHIiwib3duZXIiOiJQU1IwMDAxIn0sInF1ZXJ5IjoiRXhlY3V0aW5nIChkZWZhdWx0KTogVVBEQVRFIGBEQl9MQVBBS2AgU0VUIGBMQVBBS19TVEFUVVNgPT8sYExBUEFLX1BFTllFV0FgPT8sYExBUEFLX01VTEFJYD0/LGBMQVBBS19BS0hJUmA9PyxgdXBkYXRlZEF0YD0/IFdIRVJFIGBMQVBBS19DT0RFYCA9ID8ifQ==','2025-05-15 12:02:10','PSR0001'),(188,NULL,'PSR0001002','update','success','eyJ1c2VyIjp7ImlkIjoiUFNSMDAwMTAwMiIsIm5hbWUiOiJwZXR1Z2FzNCIsImxldmVsIjoiUFRHIiwib3duZXIiOiJQU1IwMDAxIn0sInF1ZXJ5IjoiRXhlY3V0aW5nIChkZWZhdWx0KTogVVBEQVRFIGBEQl9JVVJBTmAgU0VUIGBJVVJBTl9TVEFUVVNgPT8sYElVUkFOX01FVE9ERV9CQVlBUmA9PyxgSVVSQU5fVVNFUmA9PyxgSVVSQU5fV0FLVFVfQkFZQVJgPT8sYHVwZGF0ZWRBdGA9PyBXSEVSRSBgSVVSQU5fQ09ERWAgPSA/In0=','2025-05-15 12:16:08','PSR0001'),(189,NULL,'PSR0001002','update','success','eyJ1c2VyIjp7ImlkIjoiUFNSMDAwMTAwMiIsIm5hbWUiOiJwZXR1Z2FzNCIsImxldmVsIjoiUFRHIiwib3duZXIiOiJQU1IwMDAxIn0sInF1ZXJ5IjoiRXhlY3V0aW5nIChkZWZhdWx0KTogVVBEQVRFIGBEQl9JVVJBTmAgU0VUIGBJVVJBTl9TVEFUVVNgPT8sYElVUkFOX01FVE9ERV9CQVlBUmA9PyxgSVVSQU5fVVNFUmA9PyxgSVVSQU5fV0FLVFVfQkFZQVJgPT8sYHVwZGF0ZWRBdGA9PyBXSEVSRSBgSVVSQU5fQ09ERWAgPSA/In0=','2025-05-15 12:18:08','PSR0001'),(190,NULL,'USR001','update','success','eyJ1c2VyIjp7ImlkIjoiVVNSMDAxIiwibmFtZSI6InN1cGVyYWRtaW4iLCJsZXZlbCI6IlNVQSIsIm93bmVyIjoiUFNSMDAwNCJ9LCJxdWVyeSI6IkV4ZWN1dGluZyAoZGVmYXVsdCk6IFVQREFURSBgREJfSVVSQU5gIFNFVCBgSVVSQU5fU1RBVFVTYD0/LGBJVVJBTl9NRVRPREVfQkFZQVJgPT8sYElVUkFOX1VTRVJgPT8sYElVUkFOX1dBS1RVX0JBWUFSYD0/LGB1cGRhdGVkQXRgPT8gV0hFUkUgYElVUkFOX0NPREVgID0gPyJ9','2025-05-15 13:27:52','PSR0004'),(191,NULL,'USR001','update','success','eyJ1c2VyIjp7ImlkIjoiVVNSMDAxIiwibmFtZSI6InN1cGVyYWRtaW4iLCJsZXZlbCI6IlNVQSIsIm93bmVyIjoiUFNSMDAwNCJ9LCJxdWVyeSI6IkV4ZWN1dGluZyAoZGVmYXVsdCk6IFVQREFURSBgREJfSVVSQU5gIFNFVCBgSVVSQU5fU1RBVFVTYD0/LGBJVVJBTl9NRVRPREVfQkFZQVJgPT8sYElVUkFOX1VTRVJgPT8sYElVUkFOX1dBS1RVX0JBWUFSYD0/LGB1cGRhdGVkQXRgPT8gV0hFUkUgYElVUkFOX0NPREVgID0gPyJ9','2025-05-15 13:38:58','PSR0004'),(192,NULL,'USR001','update','success','eyJ1c2VyIjp7ImlkIjoiVVNSMDAxIiwibmFtZSI6InN1cGVyYWRtaW4iLCJsZXZlbCI6IlNVQSIsIm93bmVyIjoiUFNSMDAwNCJ9LCJxdWVyeSI6IkV4ZWN1dGluZyAoZGVmYXVsdCk6IFVQREFURSBgREJfSVVSQU5gIFNFVCBgSVVSQU5fU1RBVFVTYD0/LGBJVVJBTl9NRVRPREVfQkFZQVJgPT8sYElVUkFOX1VTRVJgPT8sYElVUkFOX1dBS1RVX0JBWUFSYD0/LGB1cGRhdGVkQXRgPT8gV0hFUkUgYElVUkFOX0NPREVgID0gPyJ9','2025-05-15 13:43:25','PSR0004'),(193,'PSR0001LAP006','PSR0001002','create','success','eyJ1c2VyIjp7ImlkIjoiUFNSMDAwMTAwMiIsIm5hbWUiOiJwZXR1Z2FzNCIsImxldmVsIjoiUFRHIiwib3duZXIiOiJQU1IwMDAxIn0sInF1ZXJ5IjoiRXhlY3V0aW5nIChkZWZhdWx0KTogSU5TRVJUIElOVE8gYERCX0xBUEFLYCAoYExBUEFLX0NPREVgLGBMQVBBS19OQU1BYCxgTEFQQUtfQkxPS2AsYExBUEFLX1VLVVJBTmAsYExBUEFLX1RZUEVgLGBMQVBBS19QRU5ZRVdBYCxgTEFQQUtfTVVMQUlgLGBMQVBBS19BS0hJUmAsYExBUEFLX1NUQVRVU2AsYExBUEFLX09XTkVSYCxgY3JlYXRlZEF0YCxgdXBkYXRlZEF0YCkgVkFMVUVTICg/LD8sPyw/LD8sPyw/LD8sPyw/LD8sPyk7In0=','2025-05-15 14:00:10','PSR0001'),(194,'CUST00010','PSR0001002','create','success','eyJ1c2VyIjp7ImlkIjoiUFNSMDAwMTAwMiIsIm5hbWUiOiJwZXR1Z2FzNCIsImxldmVsIjoiUFRHIiwib3duZXIiOiJQU1IwMDAxIn0sInF1ZXJ5IjoiRXhlY3V0aW5nICg1M2MzYTU5Yy04YWM4LTQ3MGUtYWYwOC04NDg1MTA4MDFiNTgpOiBJTlNFUlQgSU5UTyBgREJfUEVEQUdBTkdgIChgQ1VTVF9DT0RFYCxgQ1VTVF9OQU1BYCxgQ1VTVF9OSUtgLGBDVVNUX1BIT05FYCxgQ1VTVF9PV05FUmAsYENVU1RfSVVSQU5gLGBDVVNUX1NUQVRVU2AsYGNyZWF0ZWRBdGAsYHVwZGF0ZWRBdGApIFZBTFVFUyAoPyw/LD8sPyw/LD8sPyw/LD8pOyJ9','2025-05-15 14:00:38','PSR0001'),(195,'CUST00010','PSR0001002','update','success','eyJ1c2VyIjp7ImlkIjoiUFNSMDAwMTAwMiIsIm5hbWUiOiJwZXR1Z2FzNCIsImxldmVsIjoiUFRHIiwib3duZXIiOiJQU1IwMDAxIn0sInF1ZXJ5IjoiRXhlY3V0aW5nIChkZWZhdWx0KTogVVBEQVRFIGBEQl9MQVBBS2AgU0VUIGBMQVBBS19TVEFUVVNgPT8sYExBUEFLX1BFTllFV0FgPT8sYExBUEFLX01VTEFJYD0/LGBMQVBBS19BS0hJUmA9PyxgdXBkYXRlZEF0YD0/IFdIRVJFIGBMQVBBS19DT0RFYCA9ID8ifQ==','2025-05-15 14:00:38','PSR0001'),(196,NULL,'USR001','update','success','eyJ1c2VyIjp7ImlkIjoiVVNSMDAxIiwibmFtZSI6InN1cGVyYWRtaW4iLCJsZXZlbCI6IlNVQSIsIm93bmVyIjoiUFNSMDAwNCJ9LCJxdWVyeSI6IkV4ZWN1dGluZyAoZGVmYXVsdCk6IFVQREFURSBgREJfSVVSQU5gIFNFVCBgSVVSQU5fU1RBVFVTYD0/LGBJVVJBTl9NRVRPREVfQkFZQVJgPT8sYElVUkFOX1VTRVJgPT8sYElVUkFOX1dBS1RVX0JBWUFSYD0/LGB1cGRhdGVkQXRgPT8gV0hFUkUgYElVUkFOX0NPREVgID0gPyJ9','2025-05-15 14:01:36','PSR0004'),(197,NULL,'PSR0001002','update','success','eyJ1c2VyIjp7ImlkIjoiUFNSMDAwMTAwMiIsIm5hbWUiOiJwZXR1Z2FzNCIsImxldmVsIjoiUFRHIiwib3duZXIiOiJQU1IwMDAxIn0sInF1ZXJ5IjoiRXhlY3V0aW5nIChkZWZhdWx0KTogVVBEQVRFIGBEQl9JVVJBTmAgU0VUIGBJVVJBTl9QRURBR0FOR2A9PyxgSVVSQU5fVEFOR0dBTGA9PyxgSVVSQU5fSlVNTEFIYD0/LGBJVVJBTl9TVEFUVVNgPT8sYElVUkFOX01FVE9ERV9CQVlBUmA9PyxgSVVSQU5fV0FLVFVfQkFZQVJgPT8sYElVUkFOX1VTRVJgPT8sYHVwZGF0ZWRBdGA9PyBXSEVSRSBgSVVSQU5fQ09ERWAgPSA/In0=','2025-05-15 14:11:08','PSR0001'),(198,NULL,'USR001','update','success','eyJ1c2VyIjp7ImlkIjoiVVNSMDAxIiwibmFtZSI6InN1cGVyYWRtaW4iLCJsZXZlbCI6IlNVQSIsIm93bmVyIjoiUFNSMDAwNCJ9LCJxdWVyeSI6IkV4ZWN1dGluZyAoZGVmYXVsdCk6IFVQREFURSBgREJfSVVSQU5gIFNFVCBgSVVSQU5fU1RBVFVTYD0/LGBJVVJBTl9NRVRPREVfQkFZQVJgPT8sYElVUkFOX1VTRVJgPT8sYElVUkFOX1dBS1RVX0JBWUFSYD0/LGB1cGRhdGVkQXRgPT8gV0hFUkUgYElVUkFOX0NPREVgID0gPyJ9','2025-05-15 14:11:51','PSR0004'),(199,NULL,'PSR0001002','update','success','eyJ1c2VyIjp7ImlkIjoiUFNSMDAwMTAwMiIsIm5hbWUiOiJwZXR1Z2FzNCIsImxldmVsIjoiUFRHIiwib3duZXIiOiJQU1IwMDAxIn0sInF1ZXJ5IjoiRXhlY3V0aW5nIChkZWZhdWx0KTogVVBEQVRFIGBEQl9JVVJBTmAgU0VUIGBJVVJBTl9QRURBR0FOR2A9PyxgSVVSQU5fVEFOR0dBTGA9PyxgSVVSQU5fSlVNTEFIYD0/LGBJVVJBTl9TVEFUVVNgPT8sYElVUkFOX01FVE9ERV9CQVlBUmA9PyxgSVVSQU5fV0FLVFVfQkFZQVJgPT8sYElVUkFOX1VTRVJgPT8sYHVwZGF0ZWRBdGA9PyBXSEVSRSBgSVVSQU5fQ09ERWAgPSA/In0=','2025-05-15 14:15:12','PSR0001'),(200,NULL,'USR001','update','success','eyJ1c2VyIjp7ImlkIjoiVVNSMDAxIiwibmFtZSI6InN1cGVyYWRtaW4iLCJsZXZlbCI6IlNVQSIsIm93bmVyIjoiUFNSMDAwNCJ9LCJxdWVyeSI6IkV4ZWN1dGluZyAoZGVmYXVsdCk6IFVQREFURSBgREJfSVVSQU5gIFNFVCBgSVVSQU5fU1RBVFVTYD0/LGBJVVJBTl9NRVRPREVfQkFZQVJgPT8sYElVUkFOX1VTRVJgPT8sYElVUkFOX1dBS1RVX0JBWUFSYD0/LGB1cGRhdGVkQXRgPT8gV0hFUkUgYElVUkFOX0NPREVgID0gPyJ9','2025-05-15 14:15:36','PSR0004'),(201,NULL,'USR001','update','success','eyJ1c2VyIjp7ImlkIjoiVVNSMDAxIiwibmFtZSI6InN1cGVyYWRtaW4iLCJsZXZlbCI6IlNVQSIsIm93bmVyIjoiUFNSMDAwNCJ9LCJxdWVyeSI6IkV4ZWN1dGluZyAoZGVmYXVsdCk6IFVQREFURSBgREJfSVVSQU5gIFNFVCBgSVVSQU5fU1RBVFVTYD0/LGBJVVJBTl9NRVRPREVfQkFZQVJgPT8sYElVUkFOX1VTRVJgPT8sYElVUkFOX1dBS1RVX0JBWUFSYD0/LGB1cGRhdGVkQXRgPT8gV0hFUkUgYElVUkFOX0NPREVgID0gPyJ9','2025-05-15 14:16:30','PSR0004'),(202,NULL,'PSR0001002','update','success','eyJ1c2VyIjp7ImlkIjoiUFNSMDAwMTAwMiIsIm5hbWUiOiJwZXR1Z2FzNCIsImxldmVsIjoiUFRHIiwib3duZXIiOiJQU1IwMDAxIn0sInF1ZXJ5IjoiRXhlY3V0aW5nIChkZWZhdWx0KTogVVBEQVRFIGBEQl9JVVJBTmAgU0VUIGBJVVJBTl9QRURBR0FOR2A9PyxgSVVSQU5fVEFOR0dBTGA9PyxgSVVSQU5fSlVNTEFIYD0/LGBJVVJBTl9TVEFUVVNgPT8sYElVUkFOX01FVE9ERV9CQVlBUmA9PyxgSVVSQU5fV0FLVFVfQkFZQVJgPT8sYElVUkFOX1VTRVJgPT8sYHVwZGF0ZWRBdGA9PyBXSEVSRSBgSVVSQU5fQ09ERWAgPSA/In0=','2025-05-15 14:29:57','PSR0001'),(203,NULL,'USR001','update','success','eyJ1c2VyIjp7ImlkIjoiVVNSMDAxIiwibmFtZSI6InN1cGVyYWRtaW4iLCJsZXZlbCI6IlNVQSIsIm93bmVyIjoiUFNSMDAwNCJ9LCJxdWVyeSI6IkV4ZWN1dGluZyAoZGVmYXVsdCk6IFVQREFURSBgREJfSVVSQU5gIFNFVCBgSVVSQU5fU1RBVFVTYD0/LGBJVVJBTl9NRVRPREVfQkFZQVJgPT8sYElVUkFOX1VTRVJgPT8sYElVUkFOX1dBS1RVX0JBWUFSYD0/LGB1cGRhdGVkQXRgPT8gV0hFUkUgYElVUkFOX0NPREVgID0gPyJ9','2025-05-15 14:30:16','PSR0004'),(204,NULL,'PSR0001002','update','success','eyJ1c2VyIjp7ImlkIjoiUFNSMDAwMTAwMiIsIm5hbWUiOiJwZXR1Z2FzNCIsImxldmVsIjoiUFRHIiwib3duZXIiOiJQU1IwMDAxIn0sInF1ZXJ5IjoiRXhlY3V0aW5nIChkZWZhdWx0KTogVVBEQVRFIGBEQl9JVVJBTmAgU0VUIGBJVVJBTl9QRURBR0FOR2A9PyxgSVVSQU5fVEFOR0dBTGA9PyxgSVVSQU5fSlVNTEFIYD0/LGBJVVJBTl9TVEFUVVNgPT8sYElVUkFOX01FVE9ERV9CQVlBUmA9PyxgSVVSQU5fV0FLVFVfQkFZQVJgPT8sYElVUkFOX1VTRVJgPT8sYHVwZGF0ZWRBdGA9PyBXSEVSRSBgSVVSQU5fQ09ERWAgPSA/In0=','2025-05-15 14:31:10','PSR0001'),(205,NULL,'USR001','update','success','eyJ1c2VyIjp7ImlkIjoiVVNSMDAxIiwibmFtZSI6InN1cGVyYWRtaW4iLCJsZXZlbCI6IlNVQSIsIm93bmVyIjoiUFNSMDAwNCJ9LCJxdWVyeSI6IkV4ZWN1dGluZyAoZGVmYXVsdCk6IFVQREFURSBgREJfSVVSQU5gIFNFVCBgSVVSQU5fU1RBVFVTYD0/LGBJVVJBTl9NRVRPREVfQkFZQVJgPT8sYElVUkFOX1VTRVJgPT8sYElVUkFOX1dBS1RVX0JBWUFSYD0/LGB1cGRhdGVkQXRgPT8gV0hFUkUgYElVUkFOX0NPREVgID0gPyJ9','2025-05-15 14:31:26','PSR0004'),(206,NULL,'PSR0001002','update','success','eyJ1c2VyIjp7ImlkIjoiUFNSMDAwMTAwMiIsIm5hbWUiOiJwZXR1Z2FzNCIsImxldmVsIjoiUFRHIiwib3duZXIiOiJQU1IwMDAxIn0sInF1ZXJ5IjoiRXhlY3V0aW5nIChkZWZhdWx0KTogVVBEQVRFIGBEQl9JVVJBTmAgU0VUIGBJVVJBTl9QRURBR0FOR2A9PyxgSVVSQU5fVEFOR0dBTGA9PyxgSVVSQU5fSlVNTEFIYD0/LGBJVVJBTl9TVEFUVVNgPT8sYElVUkFOX01FVE9ERV9CQVlBUmA9PyxgSVVSQU5fV0FLVFVfQkFZQVJgPT8sYElVUkFOX1VTRVJgPT8sYHVwZGF0ZWRBdGA9PyBXSEVSRSBgSVVSQU5fQ09ERWAgPSA/In0=','2025-05-15 14:58:45','PSR0001'),(207,NULL,'USR001','update','success','eyJ1c2VyIjp7ImlkIjoiVVNSMDAxIiwibmFtZSI6InN1cGVyYWRtaW4iLCJsZXZlbCI6IlNVQSIsIm93bmVyIjoiUFNSMDAwNCJ9LCJxdWVyeSI6IkV4ZWN1dGluZyAoZGVmYXVsdCk6IFVQREFURSBgREJfSVVSQU5gIFNFVCBgSVVSQU5fU1RBVFVTYD0/LGBJVVJBTl9NRVRPREVfQkFZQVJgPT8sYElVUkFOX1VTRVJgPT8sYElVUkFOX1dBS1RVX0JBWUFSYD0/LGB1cGRhdGVkQXRgPT8gV0hFUkUgYElVUkFOX0NPREVgID0gPyJ9','2025-05-15 14:59:07','PSR0004'),(208,NULL,'USR001','update','success','eyJ1c2VyIjp7ImlkIjoiVVNSMDAxIiwibmFtZSI6InN1cGVyYWRtaW4iLCJsZXZlbCI6IlNVQSIsIm93bmVyIjoiUFNSMDAwNCJ9LCJxdWVyeSI6IkV4ZWN1dGluZyAoZGVmYXVsdCk6IFVQREFURSBgREJfSVVSQU5gIFNFVCBgSVVSQU5fU1RBVFVTYD0/LGBJVVJBTl9NRVRPREVfQkFZQVJgPT8sYElVUkFOX1VTRVJgPT8sYElVUkFOX1dBS1RVX0JBWUFSYD0/LGB1cGRhdGVkQXRgPT8gV0hFUkUgYElVUkFOX0NPREVgID0gPyJ9','2025-05-16 02:49:13','PSR0004'),(209,NULL,'USR001','update','success','eyJ1c2VyIjp7ImlkIjoiVVNSMDAxIiwibmFtZSI6InN1cGVyYWRtaW4iLCJsZXZlbCI6IlNVQSIsIm93bmVyIjoiUFNSMDAwNCJ9LCJxdWVyeSI6IkV4ZWN1dGluZyAoZGVmYXVsdCk6IFVQREFURSBgREJfSVVSQU5gIFNFVCBgSVVSQU5fU1RBVFVTYD0/LGBJVVJBTl9NRVRPREVfQkFZQVJgPT8sYElVUkFOX1VTRVJgPT8sYElVUkFOX1dBS1RVX0JBWUFSYD0/LGB1cGRhdGVkQXRgPT8gV0hFUkUgYElVUkFOX0NPREVgID0gPyJ9','2025-05-16 03:14:42','PSR0004'),(210,NULL,'PSR0001002','update','success','eyJ1c2VyIjp7ImlkIjoiUFNSMDAwMTAwMiIsIm5hbWUiOiJwZXR1Z2FzNCIsImxldmVsIjoiUFRHIiwib3duZXIiOiJQU1IwMDAxIn0sInF1ZXJ5IjoiRXhlY3V0aW5nIChkZWZhdWx0KTogVVBEQVRFIGBEQl9JVVJBTmAgU0VUIGBJVVJBTl9TVEFUVVNgPT8sYElVUkFOX01FVE9ERV9CQVlBUmA9PyxgSVVSQU5fVVNFUmA9PyxgSVVSQU5fV0FLVFVfQkFZQVJgPT8sYHVwZGF0ZWRBdGA9PyBXSEVSRSBgSVVSQU5fQ09ERWAgPSA/In0=','2025-05-16 04:15:53','PSR0001');
/*!40000 ALTER TABLE `LOG_ACTIVITY` ENABLE KEYS */;
UNLOCK TABLES;

--
-- Table structure for table `LOG_AKSES`
--

DROP TABLE IF EXISTS `LOG_AKSES`;
/*!40101 SET @saved_cs_client     = @@character_set_client */;
/*!50503 SET character_set_client = utf8mb4 */;
CREATE TABLE `LOG_AKSES` (
  `id` int NOT NULL AUTO_INCREMENT,
  `AKSES_USER` varchar(255) DEFAULT NULL,
  `AKSES_IP` varchar(255) DEFAULT NULL,
  `AKSES_BROWSER` varchar(255) DEFAULT NULL,
  `AKSES_STATUS` varchar(255) DEFAULT NULL,
  `AKSES_RECORD` datetime DEFAULT NULL,
  PRIMARY KEY (`id`)
) ENGINE=InnoDB AUTO_INCREMENT=235 DEFAULT CHARSET=utf8mb4 COLLATE=utf8mb4_0900_ai_ci;
/*!40101 SET character_set_client = @saved_cs_client */;

--
-- Dumping data for table `LOG_AKSES`
--

LOCK TABLES `LOG_AKSES` WRITE;
/*!40000 ALTER TABLE `LOG_AKSES` DISABLE KEYS */;
INSERT INTO `LOG_AKSES` VALUES (47,'Unknown','::1','Chrome','Success','2025-05-09 04:38:20'),(48,'Unknown','::1','Chrome','Success','2025-05-09 04:39:49'),(49,'Unknown','::1','Chrome','Failed','2025-05-09 04:39:49'),(50,'Unknown','::1','Chrome','Success','2025-05-09 04:39:52'),(51,'Unknown','::1','Other','Success','2025-05-09 04:41:37'),(52,'Unknown','::1','Other','Failed','2025-05-09 04:41:37'),(53,'Unknown','::1','Other','Success','2025-05-09 04:41:41'),(54,'Unknown','::1','Chrome','Success','2025-05-09 04:43:49'),(55,'Unknown','::1','Safari','Failed','2025-05-09 04:44:02'),(56,'Unknown','::1','Safari','Failed','2025-05-09 04:44:06'),(57,'Unknown','::1','Safari','Failed','2025-05-09 04:44:14'),(58,'Unknown','::1','Safari','Failed','2025-05-09 04:44:19'),(59,'Unknown','::1','Safari','Success','2025-05-09 04:44:22'),(60,'Unknown','::1','Safari','Failed','2025-05-09 04:44:22'),(61,'Unknown','::1','Safari','Success','2025-05-09 04:44:28'),(62,'USR001','::1','Chrome','Success','2025-05-09 06:01:15'),(63,'PSR0001001','::1','Safari','Success','2025-05-09 07:33:57'),(64,'USR001','::1','Chrome','Success','2025-05-09 08:40:08'),(65,'USR001','::1','Chrome','Success','2025-05-09 08:40:12'),(66,'USR001','::1','Chrome','Success','2025-05-09 09:09:12'),(67,'PSR0001001','::1','Chrome','Success','2025-05-09 09:36:15'),(68,'USR001','::1','Chrome','Success','2025-05-09 11:13:35'),(69,'USR001','::1','Chrome','Success','2025-05-09 11:57:20'),(70,'USR001','::1','Chrome','Success','2025-05-09 11:58:10'),(71,'USR001','::1','Chrome','Success','2025-05-09 12:00:19'),(72,'PSR0001001','::1','Safari','Success','2025-05-09 17:00:07'),(73,'PSR0001001','::1','Safari','Success','2025-05-09 17:00:11'),(74,'PSR0001001','::1','Safari','Success','2025-05-09 17:00:12'),(75,'PSR0001001','::1','Safari','Success','2025-05-09 17:00:19'),(76,'PSR0001001','::1','Safari','Success','2025-05-09 17:00:38'),(77,'PSR0001002','::1','Safari','Success','2025-05-09 17:01:19'),(78,'PSR0001001','::1','Safari','Success','2025-05-10 17:18:33'),(79,'PSR0001001','::1','Safari','Success','2025-05-10 17:18:41'),(80,'PSR0001001','::1','Safari','Success','2025-05-10 17:18:42'),(81,'PSR0001001','::1','Safari','Success','2025-05-10 17:18:45'),(82,'PSR0001001','::1','Safari','Success','2025-05-10 17:18:48'),(83,'PSR0001001','::1','Safari','Success','2025-05-10 17:18:52'),(84,'PSR0002001','::1','Safari','Success','2025-05-10 17:19:20'),(85,'PSR0001002','::1','Safari','Success','2025-05-10 17:24:21'),(86,'PSR0002001','::1','Safari','Success','2025-05-10 17:25:20'),(87,'PSR0002001','::1','Chrome','Success','2025-05-11 13:43:46'),(88,'PSR0001001','::1','Safari','Success','2025-05-13 06:59:01'),(89,'PSR0001001','::1','Safari','Success','2025-05-13 06:59:04'),(90,'PSR0001001','::1','Safari','Success','2025-05-13 06:59:06'),(91,'PSR0001001','::1','Safari','Success','2025-05-13 06:59:08'),(92,'PSR0001002','::1','Safari','Success','2025-05-13 06:59:21'),(93,'PSR0004002','::1','Safari','Success','2025-05-13 08:39:09'),(94,'PSR0001002','::1','Chrome','Success','2025-05-14 02:31:34'),(95,'PSR0001002','::1','Chrome','Success','2025-05-14 02:42:03'),(96,'PSR0001002','::1','Safari','Success','2025-05-14 03:04:23'),(97,'USR001','::1','Chrome','Success','2025-05-14 03:05:57'),(98,'USR001','::1','Chrome','Success','2025-05-14 03:06:02'),(99,'USR001','::1','Safari','Success','2025-05-14 03:09:09'),(100,'USR001','::1','Safari','Success','2025-05-14 03:09:31'),(101,'USR001','::1','Safari','Success','2025-05-14 03:16:05'),(102,'USR001','::1','Chrome','Success','2025-05-14 03:23:09'),(103,'USR001','::1','Chrome','Success','2025-05-14 03:31:10'),(104,'USR001','::1','Chrome','Success','2025-05-14 03:31:46'),(105,'USR001','::1','Chrome','Success','2025-05-14 03:31:52'),(106,'USR001','::1','Chrome','Success','2025-05-14 03:33:29'),(107,'USR001','::1','Safari','Success','2025-05-14 03:33:34'),(108,'USR001','::1','Safari','Success','2025-05-14 03:35:05'),(109,'USR001','::1','Safari','Success','2025-05-14 03:35:08'),(110,'USR001','::1','Safari','Success','2025-05-14 03:35:17'),(111,'USR001','::1','Safari','Success','2025-05-14 03:35:24'),(112,'USR001','::1','Safari','Success','2025-05-14 03:38:24'),(113,'USR001','::1','Safari','Success','2025-05-14 03:46:46'),(114,'PSR0001002','::1','Chrome','Success','2025-05-14 03:49:15'),(115,'PSR0001002','::1','Chrome','Success','2025-05-14 03:49:43'),(116,'PSR0001002','::1','Chrome','Success','2025-05-14 03:50:02'),(117,'PSR0001002','::1','Safari','Success','2025-05-14 03:56:52'),(118,'USR001','::1','Chrome','Success','2025-05-14 03:57:03'),(119,'USR001','::1','Safari','Success','2025-05-14 03:59:31'),(120,'USR001','::1','Chrome','Success','2025-05-14 04:01:28'),(121,'USR001','::1','Chrome','Success','2025-05-14 04:02:32'),(122,'USR001','::1','Chrome','Success','2025-05-14 04:14:03'),(123,'PSR0001002','::1','Chrome','Success','2025-05-14 04:14:13'),(124,'USR001','::1','Chrome','Success','2025-05-14 04:21:22'),(125,'USR001','::1','Chrome','Success','2025-05-14 04:21:25'),(126,'PSR0001002','::1','Safari','Success','2025-05-14 08:12:56'),(127,'PSR0002001','::1','Safari','Success','2025-05-14 08:13:39'),(128,'PSR0001002','::1','Chrome','Success','2025-05-14 08:14:13'),(129,'USR001','::1','Chrome','Success','2025-05-14 08:35:14'),(130,'PSR0004002','::1','Chrome','Success','2025-05-14 08:38:34'),(131,'PSR0001002','::1','Chrome','Success','2025-05-14 08:39:17'),(132,'USR001','127.0.0.1','Other','Success','2025-05-14 10:13:19'),(133,'USR001','127.0.0.1','Other','Success','2025-05-14 10:13:45'),(134,'USR001','127.0.0.1','Other','Success','2025-05-14 10:15:13'),(135,'USR001','127.0.0.1','Other','Success','2025-05-14 10:18:00'),(136,'USR001','127.0.0.1','Other','Success','2025-05-14 12:18:28'),(137,'USR001','127.0.0.1','Other','Success','2025-05-14 12:18:35'),(138,'USR001','127.0.0.1','Other','Success','2025-05-14 12:19:01'),(139,'USR001','127.0.0.1','Other','Success','2025-05-14 12:20:07'),(140,'USR001','127.0.0.1','Other','Success','2025-05-14 12:20:25'),(141,'USR001','127.0.0.1','Other','Success','2025-05-14 12:20:43'),(142,'USR001','127.0.0.1','Other','Success','2025-05-14 12:22:03'),(143,'USR001','127.0.0.1','Other','Success','2025-05-14 12:24:44'),(144,'USR001','127.0.0.1','Other','Success','2025-05-14 12:30:04'),(145,'USR001','127.0.0.1','Other','Success','2025-05-14 12:30:26'),(146,'USR001','127.0.0.1','Other','Success','2025-05-14 12:38:53'),(147,'USR001','127.0.0.1','Other','Success','2025-05-14 12:48:08'),(148,'USR001','127.0.0.1','Other','Success','2025-05-14 14:22:52'),(149,'USR001','127.0.0.1','Other','Success','2025-05-14 15:24:12'),(150,'USR001','127.0.0.1','Other','Success','2025-05-14 16:12:50'),(151,'USR001','127.0.0.1','Other','Success','2025-05-14 16:27:56'),(152,'USR001','127.0.0.1','Other','Success','2025-05-14 16:28:25'),(153,'PSR0001002','127.0.0.1','Other','Success','2025-05-14 16:48:18'),(154,'USR001','127.0.0.1','Other','Success','2025-05-14 16:51:38'),(155,'PSR0001002','127.0.0.1','Other','Success','2025-05-14 16:59:46'),(156,'USR001','127.0.0.1','Other','Success','2025-05-14 17:00:28'),(157,'USR001','127.0.0.1','Other','Success','2025-05-14 17:10:45'),(158,'USR001','127.0.0.1','Other','Success','2025-05-15 02:07:14'),(159,'USR001','127.0.0.1','Other','Success','2025-05-15 02:29:17'),(160,'USR001','127.0.0.1','Safari','Success','2025-05-15 02:49:53'),(161,'USR001','127.0.0.1','Other','Success','2025-05-15 03:06:33'),(162,'USR001','127.0.0.1','Other','Success','2025-05-15 03:07:11'),(163,'USR001','127.0.0.1','Safari','Success','2025-05-15 03:11:52'),(164,'USR001','127.0.0.1','Other','Success','2025-05-15 03:27:54'),(165,'USR001','127.0.0.1','Other','Success','2025-05-15 03:31:07'),(166,'PSR0001002','127.0.0.1','Safari','Success','2025-05-15 03:36:12'),(167,'PSR0001002','127.0.0.1','Safari','Success','2025-05-15 03:36:14'),(168,'USR001','127.0.0.1','Other','Success','2025-05-15 03:59:29'),(169,'USR001','127.0.0.1','Other','Success','2025-05-15 04:03:02'),(170,'USR001','127.0.0.1','Other','Success','2025-05-15 04:14:04'),(171,'USR001','127.0.0.1','Other','Success','2025-05-15 04:23:00'),(172,'USR001','127.0.0.1','Other','Success','2025-05-15 04:24:10'),(173,'USR001','127.0.0.1','Other','Success','2025-05-15 04:37:14'),(174,'USR001','127.0.0.1','Other','Success','2025-05-15 04:56:25'),(175,'USR001','127.0.0.1','Other','Success','2025-05-15 04:57:01'),(176,'USR001','127.0.0.1','Other','Success','2025-05-15 06:38:21'),(177,'USR001','127.0.0.1','Other','Success','2025-05-15 06:43:27'),(178,'USR001','127.0.0.1','Other','Success','2025-05-15 06:43:56'),(179,'USR001','127.0.0.1','Other','Success','2025-05-15 07:08:44'),(180,'USR001','127.0.0.1','Other','Success','2025-05-15 07:11:42'),(181,'USR001','127.0.0.1','Other','Success','2025-05-15 07:21:04'),(182,'USR001','127.0.0.1','Other','Success','2025-05-15 07:36:19'),(183,'USR001','127.0.0.1','Other','Success','2025-05-15 07:39:02'),(184,'USR001','127.0.0.1','Other','Success','2025-05-15 07:40:16'),(185,'USR001','127.0.0.1','Other','Success','2025-05-15 07:52:02'),(186,'USR001','127.0.0.1','Other','Success','2025-05-15 07:57:22'),(187,'PSR0001002','127.0.0.1','Other','Success','2025-05-15 08:23:23'),(188,'USR001','127.0.0.1','Other','Success','2025-05-15 08:47:30'),(189,'USR001','172.20.10.3','Other','Success','2025-05-15 09:50:49'),(190,'USR001','172.20.10.3','Other','Success','2025-05-15 09:52:17'),(191,'USR001','172.20.10.3','Other','Success','2025-05-15 10:00:24'),(192,'USR001','172.20.10.3','Other','Success','2025-05-15 10:01:53'),(193,'USR001','172.20.10.3','Other','Success','2025-05-15 10:04:44'),(194,'USR001','172.20.10.3','Other','Success','2025-05-15 10:06:30'),(195,'USR001','172.20.10.3','Other','Success','2025-05-15 10:10:51'),(196,'USR001','172.20.10.3','Other','Success','2025-05-15 10:15:30'),(197,'USR001','172.20.10.3','Other','Success','2025-05-15 10:16:37'),(198,'USR001','192.168.18.85','Other','Success','2025-05-15 11:56:47'),(199,'PSR0001002','127.0.0.1','Chrome','Success','2025-05-15 11:58:38'),(200,'USR001','192.168.18.85','Other','Success','2025-05-15 12:12:47'),(201,'PSR0001002','192.168.18.85','Other','Success','2025-05-15 12:15:09'),(202,'PSR0001002','192.168.103.39','Other','Success','2025-05-15 12:40:58'),(203,'PSR0001002','192.168.103.39','Other','Success','2025-05-15 12:48:13'),(204,'USR001','192.168.103.39','Other','Success','2025-05-15 12:51:47'),(205,'USR001','192.168.103.39','Other','Success','2025-05-15 12:51:59'),(206,'USR001','192.168.103.39','Other','Success','2025-05-15 12:52:17'),(207,'USR001','192.168.103.39','Other','Success','2025-05-15 13:11:15'),(208,'USR001','192.168.103.39','Other','Success','2025-05-15 13:27:27'),(209,'USR001','192.168.103.39','Other','Success','2025-05-15 13:38:16'),(210,'USR001','192.168.103.39','Other','Success','2025-05-15 13:43:07'),(211,'USR001','192.168.103.39','Other','Success','2025-05-15 13:56:53'),(212,'PSR0001002','127.0.0.1','Chrome','Success','2025-05-15 13:57:51'),(213,'USR001','192.168.103.39','Other','Success','2025-05-15 14:11:20'),(214,'USR001','192.168.103.39','Other','Success','2025-05-15 14:14:56'),(215,'USR001','192.168.103.39','Other','Success','2025-05-15 14:29:39'),(216,'PSR0001002','192.168.103.43','Other','Success','2025-05-15 14:45:20'),(217,'PSR0001002','192.168.103.43','Other','Success','2025-05-15 14:46:10'),(218,'USR001','192.168.103.43','Other','Success','2025-05-15 14:49:18'),(219,'PSR0001002','192.168.103.39','Other','Success','2025-05-15 14:52:20'),(220,'USR001','192.168.103.39','Other','Success','2025-05-15 14:58:10'),(221,'PSR0001002','127.0.0.1','Chrome','Success','2025-05-15 14:58:30'),(222,'USR001','192.168.10.67','Other','Success','2025-05-16 02:47:20'),(223,'USR001','192.168.10.67','Other','Success','2025-05-16 02:48:15'),(224,'PSR0001002','192.168.10.67','Other','Success','2025-05-16 02:55:07'),(225,'PSR0001002','192.168.10.67','Other','Success','2025-05-16 02:55:12'),(226,'USR001','192.168.10.67','Other','Success','2025-05-16 03:12:25'),(227,'PSR0001002','127.0.0.1','Chrome','Success','2025-05-16 03:14:58'),(228,'USR001','192.168.10.67','Other','Success','2025-05-16 03:44:39'),(229,'USR001','192.168.10.67','Other','Success','2025-05-16 03:52:25'),(230,'PSR0001002','192.168.10.67','Other','Success','2025-05-16 03:53:48'),(231,'PSR0001002','192.168.10.67','Other','Success','2025-05-16 04:07:26'),(232,'USR001','192.168.10.67','Other','Success','2025-05-16 04:10:06'),(233,'PSR0001002','192.168.10.67','Other','Success','2025-05-16 04:12:31'),(234,'USR001','192.168.10.67','Other','Success','2025-05-16 04:34:09');
/*!40000 ALTER TABLE `LOG_AKSES` ENABLE KEYS */;
UNLOCK TABLES;

--
-- Table structure for table `MENU`
--

DROP TABLE IF EXISTS `MENU`;
/*!40101 SET @saved_cs_client     = @@character_set_client */;
/*!50503 SET character_set_client = utf8mb4 */;
CREATE TABLE `MENU` (
  `id` int NOT NULL AUTO_INCREMENT,
  `MENU_GROUP` varchar(255) DEFAULT NULL,
  `MENU_NAMA` varchar(255) DEFAULT NULL,
  `MENU_PATH` varchar(255) DEFAULT NULL,
  `MENU_PARENT_ID` int DEFAULT NULL,
  PRIMARY KEY (`id`),
  KEY `MENU_MENU_PARENT_ID_foreign_idx` (`MENU_PARENT_ID`),
  CONSTRAINT `MENU_MENU_PARENT_ID_foreign_idx` FOREIGN KEY (`MENU_PARENT_ID`) REFERENCES `MENU` (`id`) ON DELETE SET NULL ON UPDATE CASCADE
) ENGINE=InnoDB AUTO_INCREMENT=11 DEFAULT CHARSET=utf8mb4 COLLATE=utf8mb4_0900_ai_ci;
/*!40101 SET character_set_client = @saved_cs_client */;

--
-- Dumping data for table `MENU`
--

LOCK TABLES `MENU` WRITE;
/*!40000 ALTER TABLE `MENU` DISABLE KEYS */;
INSERT INTO `MENU` VALUES (1,'1','Dashboard','/dashboard',NULL),(2,'1','Iuran Management','/iuran-management',NULL),(3,'2','Data Lapak','',NULL),(4,'2','Tipe Lapak','/tipe-lapak',3),(5,'2','Pedagang','/pedagang-management',NULL),(6,'3','Data Pasar','/pasar-management',NULL),(7,'3','User Management','/user-management',NULL),(8,'3','Log Akses','/log-akses',NULL),(9,'3','Log Activity','/log-activity',NULL),(10,'2','List Lapak','/lapak-management',3);
/*!40000 ALTER TABLE `MENU` ENABLE KEYS */;
UNLOCK TABLES;

--
-- Table structure for table `SequelizeMeta`
--

DROP TABLE IF EXISTS `SequelizeMeta`;
/*!40101 SET @saved_cs_client     = @@character_set_client */;
/*!50503 SET character_set_client = utf8mb4 */;
CREATE TABLE `SequelizeMeta` (
  `name` varchar(255) CHARACTER SET utf8mb3 COLLATE utf8mb3_unicode_ci NOT NULL,
  PRIMARY KEY (`name`),
  UNIQUE KEY `name` (`name`)
) ENGINE=InnoDB DEFAULT CHARSET=utf8mb3 COLLATE=utf8mb3_unicode_ci;
/*!40101 SET character_set_client = @saved_cs_client */;

--
-- Dumping data for table `SequelizeMeta`
--

LOCK TABLES `SequelizeMeta` WRITE;
/*!40000 ALTER TABLE `SequelizeMeta` DISABLE KEYS */;
INSERT INTO `SequelizeMeta` VALUES ('20250429033044-create-userakses.js'),('20250429033448-create-data-pasar.js'),('20250429033727-create-user-level.js'),('20250429083618-change-user-code-to-string-in-userakses.js'),('20250429090835-change-level-code-to-string-in-user-levels.js'),('20250429090908-change-level-code-to-string-in-data-pasar.js'),('20250502132439-create-db-pedagang.js'),('20250502132448-create-db-lapak.js'),('20250502132456-create-db-iuran.js'),('20250503015438-create-log-akses.js'),('20250503015446-create-log-activity.js'),('20250506012902-create-db-type-lapak.js'),('20250507070607-add-status-to-db-pedagang.js'),('20250509085433-add-pedagang-iuran.js'),('20250509130723-create-user-level-akses.js'),('20250509131037-create-menu.js'),('20250513071208-add-parent-id-to-menu.js');
/*!40000 ALTER TABLE `SequelizeMeta` ENABLE KEYS */;
UNLOCK TABLES;

--
-- Table structure for table `USER_LEVEL_AKSES`
--

DROP TABLE IF EXISTS `USER_LEVEL_AKSES`;
/*!40101 SET @saved_cs_client     = @@character_set_client */;
/*!50503 SET character_set_client = utf8mb4 */;
CREATE TABLE `USER_LEVEL_AKSES` (
  `LEVAC_CODE` varchar(50) NOT NULL,
  `LEVAC_MASTER` varchar(255) DEFAULT NULL,
  `LEVAC_MENU` varchar(255) CHARACTER SET utf8mb4 COLLATE utf8mb4_0900_ai_ci DEFAULT NULL,
  PRIMARY KEY (`LEVAC_CODE`)
) ENGINE=InnoDB DEFAULT CHARSET=utf8mb4 COLLATE=utf8mb4_0900_ai_ci;
/*!40101 SET character_set_client = @saved_cs_client */;

--
-- Dumping data for table `USER_LEVEL_AKSES`
--

LOCK TABLES `USER_LEVEL_AKSES` WRITE;
/*!40000 ALTER TABLE `USER_LEVEL_AKSES` DISABLE KEYS */;
INSERT INTO `USER_LEVEL_AKSES` VALUES ('PGN_AKSES_01','PGN','1'),('PGN_AKSES_02','PGN','2'),('PTG_AKSES_01','PTG','1'),('PTG_AKSES_02','PTG','2'),('PTG_AKSES_03','PTG','3'),('PTG_AKSES_04','PTG','4'),('PTG_AKSES_05','PTG','5'),('PTG_AKSES_06','PTG','10'),('SUA_AKSES_01','SUA','1'),('SUA_AKSES_02','SUA','2'),('SUA_AKSES_03','SUA','3'),('SUA_AKSES_04','SUA','4'),('SUA_AKSES_05','SUA','5'),('SUA_AKSES_06','SUA','6'),('SUA_AKSES_07','SUA','7'),('SUA_AKSES_08','SUA','8'),('SUA_AKSES_09','SUA','9'),('SUA_AKSES_10','SUA','10');
/*!40000 ALTER TABLE `USER_LEVEL_AKSES` ENABLE KEYS */;
UNLOCK TABLES;

--
-- Table structure for table `data_pasars`
--

DROP TABLE IF EXISTS `data_pasars`;
/*!40101 SET @saved_cs_client     = @@character_set_client */;
/*!50503 SET character_set_client = utf8mb4 */;
CREATE TABLE `data_pasars` (
  `pasar_code` varchar(255) NOT NULL,
  `pasar_nama` varchar(255) DEFAULT NULL,
  `pasar_logo` text,
  `pasar_status` enum('A','N') DEFAULT NULL,
  `pasar_token` text,
  `createdAt` datetime NOT NULL,
  `updatedAt` datetime NOT NULL,
  PRIMARY KEY (`pasar_code`),
  UNIQUE KEY `pasar_code` (`pasar_code`)
) ENGINE=InnoDB DEFAULT CHARSET=utf8mb4 COLLATE=utf8mb4_0900_ai_ci;
/*!40101 SET character_set_client = @saved_cs_client */;

--
-- Dumping data for table `data_pasars`
--

LOCK TABLES `data_pasars` WRITE;
/*!40000 ALTER TABLE `data_pasars` DISABLE KEYS */;
INSERT INTO `data_pasars` VALUES ('PSR0001','Pasar Banjarbaru Utara 1','1746180577625-pasar_logo.jpg','N',NULL,'2025-04-29 09:13:10','2025-05-06 01:23:54'),('PSR0002','Pasar Martapura Lama','1746180585743-pasar_logo.jpg','N',NULL,'2025-04-29 09:13:10','2025-05-05 11:59:14'),('PSR0003','Pasar Pagi','1746178626360-pasar_logo.jpg','A',NULL,'2025-05-02 09:30:03','2025-05-02 09:37:06'),('PSR0004','Pasar Randugunting','1746257120902-pasar_logo.png','A',NULL,'2025-05-03 07:25:20','2025-05-03 07:25:20'),('PSR0005','Pasar Pagi Sore',NULL,'N',NULL,'2025-05-05 03:13:57','2025-05-05 03:13:57'),('PSR0006','Pasar Merdeka',NULL,'A',NULL,'2025-05-06 08:32:15','2025-05-06 08:32:15'),('PSR0007','Pasar Pejuang',NULL,'A',NULL,'2025-05-06 08:32:24','2025-05-06 08:32:24'),('PSR0008','Pasar Terang',NULL,'A',NULL,'2025-05-06 08:32:33','2025-05-06 08:32:33'),('PSR0009','Pasar Bangsa',NULL,'A',NULL,'2025-05-06 08:32:37','2025-05-06 08:32:37'),('PSR0010','Pasar Terbang',NULL,'A',NULL,'2025-05-06 08:32:44','2025-05-06 08:32:44'),('PSR0013','Pasar 3',NULL,'A',NULL,'2025-05-06 08:32:54','2025-05-09 11:15:29'),('PSR0015','Pasar 5',NULL,'A',NULL,'2025-05-06 08:33:00','2025-05-06 08:33:00'),('PSR0016','Pasar 6',NULL,'A',NULL,'2025-05-06 08:33:04','2025-05-06 08:33:04'),('PSR0017','Pasar 7',NULL,'A',NULL,'2025-05-06 08:33:07','2025-05-06 08:33:07'),('PSR0019','Pasar 9',NULL,'A',NULL,'2025-05-06 08:33:16','2025-05-06 08:33:16'),('PSR0020','Pasar 10',NULL,'A',NULL,'2025-05-06 08:33:20','2025-05-06 08:33:20'),('PSR0021','Pasar Batu',NULL,'N',NULL,'2025-05-09 07:07:28','2025-05-09 07:07:28'),('PSR0022','Pasar empat',NULL,'N',NULL,'2025-05-09 07:13:31','2025-05-09 07:13:31');
/*!40000 ALTER TABLE `data_pasars` ENABLE KEYS */;
UNLOCK TABLES;

--
-- Table structure for table `user_levels`
--

DROP TABLE IF EXISTS `user_levels`;
/*!40101 SET @saved_cs_client     = @@character_set_client */;
/*!50503 SET character_set_client = utf8mb4 */;
CREATE TABLE `user_levels` (
  `level_code` varchar(255) NOT NULL,
  `level_name` varchar(255) DEFAULT NULL,
  `createdAt` datetime NOT NULL,
  `updatedAt` datetime NOT NULL,
  PRIMARY KEY (`level_code`),
  UNIQUE KEY `level_code` (`level_code`)
) ENGINE=InnoDB DEFAULT CHARSET=utf8mb4 COLLATE=utf8mb4_0900_ai_ci;
/*!40101 SET character_set_client = @saved_cs_client */;

--
-- Dumping data for table `user_levels`
--

LOCK TABLES `user_levels` WRITE;
/*!40000 ALTER TABLE `user_levels` DISABLE KEYS */;
INSERT INTO `user_levels` VALUES ('PGN','Pengguna','2025-04-29 09:10:47','2025-04-29 09:10:47'),('PTG','Petugas','2025-04-29 09:10:47','2025-04-29 09:10:47'),('SUA','Super Admin','2025-04-29 09:10:47','2025-04-29 09:10:47');
/*!40000 ALTER TABLE `user_levels` ENABLE KEYS */;
UNLOCK TABLES;

--
-- Table structure for table `userakses`
--

DROP TABLE IF EXISTS `userakses`;
/*!40101 SET @saved_cs_client     = @@character_set_client */;
/*!50503 SET character_set_client = utf8mb4 */;
CREATE TABLE `userakses` (
  `user_code` varchar(255) NOT NULL,
  `user_name` varchar(255) DEFAULT NULL,
  `user_pass` text,
  `user_phone` varchar(255) DEFAULT NULL,
  `user_email` varchar(255) DEFAULT NULL,
  `user_level` varchar(255) DEFAULT NULL,
  `user_foto` text,
  `user_owner` varchar(255) DEFAULT NULL,
  `user_status` enum('A','N') DEFAULT NULL,
  `user_validation` text,
  `createdAt` datetime NOT NULL,
  `updatedAt` datetime NOT NULL,
  PRIMARY KEY (`user_code`)
) ENGINE=InnoDB DEFAULT CHARSET=utf8mb4 COLLATE=utf8mb4_0900_ai_ci;
/*!40101 SET character_set_client = @saved_cs_client */;

--
-- Dumping data for table `userakses`
--

LOCK TABLES `userakses` WRITE;
/*!40000 ALTER TABLE `userakses` DISABLE KEYS */;
INSERT INTO `userakses` VALUES ('PSR0001001','petugas1','$2b$10$EO4UR.crRSNWKJuq3NavseNuiEVYQJ114GWsKPFDonYTPQzOPnkou','081234567890','admin@example.com','PTG','1746181067861-user_foto.jpg','PSR0001','A','eyJhbGciOiJIUzI1NiIsInR5cCI6IkpXVCJ9.eyJ1c2VyX2NvZGUiOiJQU1IwMDAxMDAxIiwidXNlcl9uYW1lIjoicGV0dWdhczEiLCJsZXZlbCI6IlBURyIsInBhc2FyX2NvZGUiOiJQU1IwMDAxIiwiaWF0IjoxNzQ3MTE5NTQ4fQ.b4LeYX0qkFQXsZU_vqfxhIHrBxQKgOLXdRX0NHC2Fys','2025-04-29 11:07:54','2025-05-13 06:59:08'),('PSR0001002','petugas4','$2b$10$KpvDTtjwlHsM6u2l5Zn2U.mRWabbf80Cr5k0iEE0KXIxArbw8MgRm','081234567890','petugas2@example.com','PTG','1746175860403-user_foto.jpg','PSR0001','A',NULL,'2025-04-30 09:04:42','2025-05-16 04:16:18'),('PSR0002001','petugas11','$2b$10$pqBdQgi856n8xAWNYkNwgOi4.I2HP60Yl/EjVXnehPKDhWFjSu77q','081234567879','petugas3@example.com','PTG','1746177309031-user_foto.jpg','PSR0002','A',NULL,'2025-05-02 09:15:09','2025-05-14 08:34:49'),('PSR0004001','petugas5','$2b$10$eYbXRzkGRWvzj1EhKoP1HeQsgsFTWLmACoCUqPfvWec60eAnHGGpm','08976543212','petugas5@gmail.com','PTG',NULL,'PSR0004','A',NULL,'2025-05-06 01:23:29','2025-05-08 05:40:25'),('PSR0004002','pengguna1','$2b$10$klv4Tu4x7CY6BePRyuzMwu5yKU13WoIB8HEMjo7pKK0Sk6tZ5XOCy','081234567999','pengguna@example.com','PGN','1747125478573-user_foto.jpg','PSR0004','A',NULL,'2025-05-13 08:37:58','2025-05-14 08:39:07'),('USR001','superadmin','$2b$10$HacrVFNCQZ6wnEwRnwCdOuMV.m8YA4obruOLthVy/ZcMd/2Jt6XfG','081234567895','superadmin@example.com','SUA','1746182008329-user_foto.jpg','PSR0004','A',NULL,'2025-04-29 09:10:47','2025-05-16 04:34:27');
/*!40000 ALTER TABLE `userakses` ENABLE KEYS */;
UNLOCK TABLES;
/*!40103 SET TIME_ZONE=@OLD_TIME_ZONE */;

/*!40101 SET SQL_MODE=@OLD_SQL_MODE */;
/*!40014 SET FOREIGN_KEY_CHECKS=@OLD_FOREIGN_KEY_CHECKS */;
/*!40014 SET UNIQUE_CHECKS=@OLD_UNIQUE_CHECKS */;
/*!40101 SET CHARACTER_SET_CLIENT=@OLD_CHARACTER_SET_CLIENT */;
/*!40101 SET CHARACTER_SET_RESULTS=@OLD_CHARACTER_SET_RESULTS */;
/*!40101 SET COLLATION_CONNECTION=@OLD_COLLATION_CONNECTION */;
/*!40111 SET SQL_NOTES=@OLD_SQL_NOTES */;

-- Dump completed on 2025-05-16  5:56:26
