-- MySQL dump 10.13  Distrib 8.4.5, for Linux (aarch64)
--
-- Host: 127.0.0.1    Database: db_pasar
-- ------------------------------------------------------
-- Server version	8.4.5

/*!40101 SET @OLD_CHARACTER_SET_CLIENT=@@CHARACTER_SET_CLIENT */;
/*!40101 SET @OLD_CHARACTER_SET_RESULTS=@@CHARACTER_SET_RESULTS */;
/*!40101 SET @OLD_COLLATION_CONNECTION=@@COLLATION_CONNECTION */;
/*!50503 SET NAMES utf8mb4 */;
/*!40103 SET @OLD_TIME_ZONE=@@TIME_ZONE */;
/*!40103 SET TIME_ZONE='+00:00' */;
/*!40014 SET @OLD_UNIQUE_CHECKS=@@UNIQUE_CHECKS, UNIQUE_CHECKS=0 */;
/*!40014 SET @OLD_FOREIGN_KEY_CHECKS=@@FOREIGN_KEY_CHECKS, FOREIGN_KEY_CHECKS=0 */;
/*!40101 SET @OLD_SQL_MODE=@@SQL_MODE, SQL_MODE='NO_AUTO_VALUE_ON_ZERO' */;
/*!40111 SET @OLD_SQL_NOTES=@@SQL_NOTES, SQL_NOTES=0 */;

--
-- Table structure for table `DB_IURAN`
--

DROP TABLE IF EXISTS `DB_IURAN`;
/*!40101 SET @saved_cs_client     = @@character_set_client */;
/*!50503 SET character_set_client = utf8mb4 */;
CREATE TABLE `DB_IURAN` (
  `IURAN_CODE` varchar(25) NOT NULL,
  `IURAN_PEDAGANG` varchar(50) NOT NULL,
  `IURAN_TANGGAL` datetime NOT NULL,
  `IURAN_JUMLAH` double NOT NULL,
  `IURAN_STATUS` enum('paid','pending','tidak berjualan','tidak bayar') NOT NULL DEFAULT 'pending',
  `IURAN_METODE_BAYAR` varchar(50) DEFAULT NULL,
  `IURAN_WAKTU_BAYAR` datetime DEFAULT NULL,
  `IURAN_USER` varchar(25) DEFAULT NULL,
  `createdAt` datetime NOT NULL DEFAULT CURRENT_TIMESTAMP,
  `updatedAt` datetime NOT NULL DEFAULT CURRENT_TIMESTAMP,
  `IURAN_BUKTI_FOTO` varchar(255) CHARACTER SET utf8mb4 COLLATE utf8mb4_general_ci DEFAULT NULL,
  PRIMARY KEY (`IURAN_CODE`),
  KEY `IURAN_PEDAGANG` (`IURAN_PEDAGANG`),
  CONSTRAINT `DB_IURAN_ibfk_1` FOREIGN KEY (`IURAN_PEDAGANG`) REFERENCES `DB_PEDAGANG` (`CUST_CODE`) ON DELETE CASCADE ON UPDATE CASCADE
) ENGINE=InnoDB DEFAULT CHARSET=utf8mb4 COLLATE=utf8mb4_general_ci;
/*!40101 SET character_set_client = @saved_cs_client */;

--
-- Dumping data for table `DB_IURAN`
--

LOCK TABLES `DB_IURAN` WRITE;
/*!40000 ALTER TABLE `DB_IURAN` DISABLE KEYS */;
INSERT INTO `DB_IURAN` VALUES ('IU2025050900004','CUST00001','2025-05-09 09:55:24',250000,'paid','transfer','2025-05-09 10:16:09','PSR0001001','2025-05-09 09:55:24','2025-05-09 10:16:09',NULL),('IU2025050900005','CUST00001','2025-05-09 09:59:17',250000,'paid','qris','2025-05-09 10:16:04','PSR0001001','2025-05-09 09:59:17','2025-05-09 10:16:04',NULL),('IU2025050900006','CUST00001','2025-05-09 10:15:42',250000,'paid','transfer','2025-05-10 10:15:55','PSR0001001','2025-05-09 10:15:42','2025-05-09 10:15:55',NULL),('IU2025050900007','CUST00001','2025-05-09 11:17:52',250000,'paid','tunai','2025-05-09 17:01:50','PSR0001002','2025-05-09 11:17:52','2025-05-09 17:01:50',NULL),('IU2025050900008','CUST00001','2025-05-09 13:29:33',250000,'paid','tunai','2025-05-08 17:01:59','PSR0001002','2025-05-09 13:29:33','2025-05-09 17:01:59',NULL),('IU2025050900009','CUST00001','2025-05-09 15:40:13',250000,'paid','qris','2025-05-08 17:02:09','PSR0001002','2025-05-09 15:40:13','2025-05-09 17:02:09',NULL),('IU2025050900010','CUST00001','2025-05-09 16:54:45',250000,'paid','tunai','2025-05-08 17:02:20','PSR0001002','2025-05-09 16:54:45','2025-05-09 17:02:20',NULL),('IU2025050900011','CUST00001','2025-05-09 16:55:26',250000,'paid','transfer','2025-05-08 17:02:29','PSR0001002','2025-05-09 16:55:26','2025-05-09 17:02:29',NULL),('IU2025050900012','CUST00001','2025-05-09 16:55:54',250000,'paid','transfer','2025-05-08 17:02:38','PSR0001002','2025-05-09 16:55:54','2025-05-09 17:02:38',NULL),('IU2025050900013','CUST00001','2025-05-09 16:58:11',250000,'paid','qris','2025-05-09 17:02:49','PSR0001002','2025-05-09 16:58:11','2025-05-09 17:02:49',NULL),('IU2025050900014','CUST00001','2025-05-09 16:58:38',250000,'paid','transfer','2025-05-08 17:02:56','PSR0001002','2025-05-09 16:58:38','2025-05-09 17:02:56',NULL),('IU2025051000001','CUST00001','2025-05-10 07:38:22',250000,'paid','transfer','2025-05-10 15:17:37','PSR0001002','2025-05-10 07:38:22','2025-05-10 15:17:37',NULL),('IU2025051100002','CUST00001','2025-05-10 17:06:52',250000,'paid','transfer','2025-05-21 17:24:43','PSR0001002','2025-05-10 17:06:52','2025-05-10 17:24:43',NULL),('IU2025051100009','CUST00002','2025-05-10 17:22:52',350000,'paid','tunai','2025-05-13 17:23:18','PSR0002001','2025-05-10 17:22:52','2025-05-10 17:23:18',NULL),('IU2025051100010','CUST00003','2025-05-10 17:22:52',150000,'paid','qris','2025-05-22 17:23:43','PSR0002001','2025-05-10 17:22:52','2025-05-10 17:23:43',NULL),('IU2025051100017','CUST00004','2025-05-11 00:51:00',500000,'paid','tunai','2025-05-13 00:51:37','PSR0002001','2025-05-11 00:51:00','2025-05-11 00:51:37',NULL),('IU2025051100018','CUST00005','2025-05-11 13:45:54',150000,'paid','tunai','2025-05-15 07:21:40','USR001','2025-05-11 13:45:54','2025-05-15 07:21:40',NULL),('IU2025051200001','CUST00001','2025-05-12 00:45:40',250000,'paid','qris','2025-05-15 06:30:24','USR001','2025-05-12 00:45:40','2025-05-15 06:30:24',NULL),('IU2025051200002','CUST00002','2025-05-12 00:45:40',350000,'paid','tunai','2025-05-15 07:52:27','USR001','2025-05-12 00:45:40','2025-05-15 07:52:27',NULL),('IU2025051200003','CUST00003','2025-05-12 00:45:40',150000,'paid','transfer','2025-05-15 04:03:31','USR001','2025-05-12 00:45:40','2025-05-15 04:03:31',NULL),('IU2025051200004','CUST00004','2025-05-12 00:45:40',500000,'paid','qris','2025-05-15 02:49:07','USR001','2025-05-12 00:45:40','2025-05-15 02:49:07',NULL),('IU2025051200005','CUST00005','2025-05-12 00:45:40',150000,'paid','tunai','2025-05-15 07:36:42','USR001','2025-05-12 00:45:40','2025-05-15 07:36:42',NULL),('IU2025051300001','CUST00001','2025-05-13 01:26:44',250000,'paid','qris','2025-05-15 06:07:23','USR001','2025-05-13 01:26:44','2025-05-15 06:07:23',NULL),('IU2025051300002','CUST00002','2025-05-13 01:26:44',350000,'paid','tunai','2025-05-15 07:58:23','USR001','2025-05-13 01:26:44','2025-05-15 07:58:23',NULL),('IU2025051300003','CUST00003','2025-05-13 01:26:44',150000,'paid','transfer','2025-05-15 04:03:31','USR001','2025-05-13 01:26:44','2025-05-15 04:03:31',NULL),('IU2025051300004','CUST00004','2025-05-13 01:26:44',500000,'paid','qris','2025-05-15 02:49:07','USR001','2025-05-13 01:26:44','2025-05-15 02:49:07',NULL),('IU2025051300005','CUST00005','2025-05-13 01:26:44',150000,'paid','tunai','2025-05-15 07:36:42','USR001','2025-05-13 01:26:44','2025-05-15 07:36:42',NULL),('IU2025051400001','CUST00001','2025-05-14 01:21:02',250000,'paid','qris','2025-05-15 06:44:26','USR001','2025-05-14 01:21:02','2025-05-15 06:44:26',NULL),('IU2025051400002','CUST00002','2025-05-14 01:21:02',350000,'paid','tunai','2025-05-15 10:07:15','USR001','2025-05-14 01:21:02','2025-05-15 10:07:15',NULL),('IU2025051400003','CUST00003','2025-05-14 01:21:02',150000,'paid','tunai','2025-05-15 09:53:51','USR001','2025-05-14 01:21:03','2025-05-15 09:53:51',NULL),('IU2025051400004','CUST00004','2025-05-14 01:21:02',500000,'paid','tunai','2025-05-15 03:07:36','USR001','2025-05-14 01:21:03','2025-05-15 03:07:36',NULL),('IU2025051400005','CUST00005','2025-05-14 01:21:02',150000,'paid','transfer','2025-05-15 07:39:22','USR001','2025-05-14 01:21:03','2025-05-15 07:39:22',NULL),('IU2025051500001','CUST00001','2025-05-15 01:41:35',250000,'paid','tunai','2025-05-15 07:13:18','USR001','2025-05-15 01:41:35','2025-05-15 07:13:18',NULL),('IU2025051500002','CUST00002','2025-05-15 01:41:35',350000,'paid','tunai','2025-05-15 10:11:20','USR001','2025-05-15 01:41:35','2025-05-15 10:11:20',NULL),('IU2025051500003','CUST00003','2025-05-15 01:41:35',150000,'paid','qris','2025-05-15 10:18:08','USR001','2025-05-15 01:41:35','2025-05-15 10:18:08',NULL),('IU2025051500004','CUST00004','2025-05-15 01:41:35',500000,'paid','tunai','2025-05-15 03:07:36','USR001','2025-05-15 01:41:35','2025-05-15 03:07:36',NULL),('IU2025051500005','CUST00005','2025-05-15 01:41:35',150000,'paid','qris','2025-05-15 07:41:34','USR001','2025-05-15 01:41:35','2025-05-15 07:41:34',NULL),('IU2025051500006','CUST00006','2025-05-15 12:02:24',25000,'paid','qris','2025-05-15 12:18:08','PSR0001002','2025-05-15 12:02:24','2025-05-15 12:18:08',NULL),('IU2025051500007','CUST00007','2025-05-15 12:02:24',25000,'paid','transfer','2025-05-15 13:38:58','USR001','2025-05-15 12:02:24','2025-05-15 13:38:58',NULL),('IU2025051500008','CUST00008','2025-05-15 12:02:24',250000,'paid','qris','2025-05-15 13:27:52','USR001','2025-05-15 12:02:24','2025-05-15 13:27:52',NULL),('IU2025051500009','CUST00009','2025-05-15 12:02:24',25000,'paid','qris','2025-05-15 13:43:25','USR001','2025-05-15 12:02:24','2025-05-15 13:43:25',NULL),('IU2025051500010','CUST00010','2025-05-15 14:00:56',25000,'paid','transfer','2025-05-15 14:59:07','USR001','2025-05-15 14:00:56','2025-05-15 14:59:07',NULL),('IU2025051600001','CUST00001','2025-05-16 02:47:17',250000,'paid','qris','2025-05-16 06:14:14','PSR0001002','2025-05-16 02:47:17','2025-05-16 06:14:14',NULL),('IU2025051600002','CUST00002','2025-05-16 02:47:17',350000,'pending','',NULL,'','2025-05-16 02:47:17','2025-05-16 02:47:17',NULL),('IU2025051600003','CUST00003','2025-05-16 02:47:17',150000,'pending','',NULL,'','2025-05-16 02:47:17','2025-05-16 02:47:17',NULL),('IU2025051600004','CUST00004','2025-05-16 02:47:17',500000,'pending','',NULL,'','2025-05-16 02:47:17','2025-05-16 02:47:17',NULL),('IU2025051600005','CUST00005','2025-05-16 02:47:17',150000,'paid','transfer','2025-05-16 02:49:13','USR001','2025-05-16 02:47:17','2025-05-16 02:49:13',NULL),('IU2025051600006','CUST00006','2025-05-16 02:47:17',25000,'pending','',NULL,'','2025-05-16 02:47:17','2025-05-16 02:47:17',NULL),('IU2025051600007','CUST00007','2025-05-16 02:47:17',25000,'paid','qris','2025-06-11 01:59:43','PSR0001003','2025-05-16 02:47:17','2025-06-11 01:59:43',NULL),('IU2025051600008','CUST00008','2025-05-16 02:47:17',250000,'paid','qris','2025-05-16 03:14:42','USR001','2025-05-16 02:47:17','2025-05-16 03:14:42',NULL),('IU2025051600009','CUST00009','2025-05-16 02:47:17',25000,'pending','',NULL,'','2025-05-16 02:47:17','2025-05-16 02:47:17',NULL),('IU2025051600010','CUST00010','2025-05-16 02:47:17',25000,'paid','qris','2025-05-16 04:15:53','PSR0001002','2025-05-16 02:47:17','2025-05-16 04:15:53',NULL),('IU2025051700001','CUST00001','2025-05-17 13:37:01',250000,'paid','tunai','2025-05-17 14:34:43','PSR0001002','2025-05-17 13:37:02','2025-05-17 14:34:43',NULL),('IU2025051700002','CUST00002','2025-05-17 13:37:01',350000,'pending','',NULL,'','2025-05-17 13:37:02','2025-05-17 13:37:02',NULL),('IU2025051700003','CUST00003','2025-05-17 13:37:01',150000,'tidak berjualan','',NULL,'USR001','2025-05-17 13:37:02','2025-06-10 12:57:04','uploads/iuran_bukti/1749560224062-bukti_foto_iuran.png'),('IU2025051700004','CUST00004','2025-05-17 13:37:01',500000,'pending','',NULL,'','2025-05-17 13:37:02','2025-05-17 13:37:02',NULL),('IU2025051700005','CUST00005','2025-05-17 13:37:01',150000,'tidak berjualan','','2025-06-11 04:05:15','USR001','2025-05-17 13:37:02','2025-06-11 04:05:15','uploads/iuran_bukti/1749614715677-bukti_foto_iuran.jpg'),('IU2025051700006','CUST00006','2025-05-17 13:37:01',25000,'pending','',NULL,'','2025-05-17 13:37:02','2025-05-17 13:37:02',NULL),('IU2025051700007','CUST00007','2025-05-17 13:37:01',25000,'tidak berjualan','','2025-06-11 03:18:27','PSR0001003','2025-05-17 13:37:02','2025-06-11 03:18:27','uploads/iuran_bukti/1749611907900-bukti_foto_iuran.jpg'),('IU2025051700008','CUST00008','2025-05-17 13:37:01',250000,'pending','',NULL,'','2025-05-17 13:37:02','2025-05-17 13:37:02',NULL),('IU2025051700009','CUST00009','2025-05-17 13:37:01',25000,'tidak berjualan','',NULL,'PSR0001003','2025-05-17 13:37:02','2025-06-11 01:50:04','uploads/iuran_bukti/1749606604873-bukti_foto_iuran.jpg'),('IU2025051700010','CUST00010','2025-05-17 13:37:01',25000,'tidak berjualan','',NULL,'USR001','2025-05-17 13:37:02','2025-06-10 12:46:12','uploads/iuran_bukti/1749559572864-bukti_foto_iuran.png'),('IU2025061100001','CUST00007','2025-06-11 08:10:37',10000,'paid','tunai','2025-06-11 08:16:49','PSR0001003','2025-06-11 08:10:46','2025-06-11 08:16:49',NULL),('IU2025061100002','CUST00007','2025-06-10 00:00:00',25000,'paid','transfer','2025-06-11 08:17:48','PSR0001003','2025-06-11 08:11:48','2025-06-11 08:17:48',NULL),('IU2025061100003','CUST00007','2025-06-11 08:17:28',10000,'paid','transfer','2025-06-11 08:17:48','PSR0001003','2025-06-11 08:17:35','2025-06-11 08:17:48',NULL),('IU2025061100004','CUST00007','2025-06-11 08:48:45',15000,'tidak berjualan','','2025-06-11 08:56:08','PSR0001003','2025-06-11 08:48:52','2025-06-11 08:56:08','uploads/iuran_bukti/1749632168625-bukti_foto_iuran.jpg'),('IU2025061100005','CUST00007','2025-06-11 11:42:18',5000,'paid','transfer','2025-06-11 11:46:37','PSR0001003','2025-06-11 11:42:24','2025-06-11 11:46:37',NULL),('IU2025061100006','CUST00007','2025-06-11 11:49:22',5000,'paid','qris','2025-06-11 11:50:02','PSR0001003','2025-06-11 11:49:35','2025-06-11 11:50:02',NULL),('IU2025061100007','CUST00007','2025-06-11 11:59:24',15000,'paid','transfer','2025-06-11 12:05:35','PSR0001003','2025-06-11 12:05:04','2025-06-11 12:05:35',NULL),('IU2025061100008','CUST00007','2025-06-11 12:05:45',10000,'paid','tunai','2025-06-11 12:09:35','PSR0001003','2025-06-11 12:05:52','2025-06-11 12:09:35',NULL),('IU2025061100009','CUST00007','2025-06-11 12:05:45',10000,'paid','tunai','2025-06-11 12:06:21','PSR0001003','2025-06-11 12:06:00','2025-06-11 12:06:21',NULL),('IU2025061100010','CUST00007','2025-06-11 12:09:20',5000,'paid','tunai','2025-06-11 12:09:35','PSR0001003','2025-06-11 12:09:28','2025-06-11 12:09:35',NULL),('IU2025061200001','CUST00007','2025-06-12 04:08:22',5000,'paid','transfer','2025-06-12 04:08:40','PSR0001003','2025-06-12 04:08:34','2025-06-12 04:08:40',NULL),('IU2025061200002','CUST00007','2025-06-12 08:46:20',5000,'tidak berjualan','','2025-06-12 08:46:40','PSR0001003','2025-06-12 08:46:29','2025-06-12 08:46:40','uploads/iuran_bukti/1749718000788-bukti_foto_iuran.jpg'),('IU2025061200003','CUST00007','2025-06-12 08:46:45',5000,'tidak berjualan','','2025-06-12 08:50:43','PSR0001003','2025-06-12 08:46:55','2025-06-12 08:50:43','uploads/iuran_bukti/1749718243824-bukti_foto_iuran.jpg'),('IU2025061200004','CUST00007','2025-06-12 08:47:07',5000,'tidak berjualan','','2025-06-12 08:53:07','PSR0001003','2025-06-12 08:49:05','2025-06-12 08:53:07','uploads/iuran_bukti/1749718387789-bukti_foto_iuran.jpg');
/*!40000 ALTER TABLE `DB_IURAN` ENABLE KEYS */;
UNLOCK TABLES;

--
-- Table structure for table `DB_LAPAK`
--

DROP TABLE IF EXISTS `DB_LAPAK`;
/*!40101 SET @saved_cs_client     = @@character_set_client */;
/*!50503 SET character_set_client = utf8mb4 */;
CREATE TABLE `DB_LAPAK` (
  `LAPAK_CODE` varchar(50) NOT NULL,
  `LAPAK_NAMA` varchar(150) DEFAULT NULL,
  `LAPAK_BLOK` varchar(50) DEFAULT NULL,
  `LAPAK_UKURAN` varchar(50) DEFAULT NULL,
  `LAPAK_TYPE` varchar(50) DEFAULT NULL,
  `LAPAK_PENYEWA` varchar(50) DEFAULT NULL,
  `LAPAK_MULAI` datetime DEFAULT NULL,
  `LAPAK_AKHIR` datetime DEFAULT NULL,
  `LAPAK_STATUS` enum('aktif','kosong','rusak','tutup') CHARACTER SET utf8mb4 COLLATE utf8mb4_general_ci DEFAULT 'kosong',
  `LAPAK_OWNER` varchar(50) DEFAULT NULL,
  `createdAt` datetime NOT NULL DEFAULT CURRENT_TIMESTAMP,
  `updatedAt` datetime NOT NULL DEFAULT CURRENT_TIMESTAMP,
  `LAPAK_BUKTI_FOTO` varchar(255) DEFAULT NULL,
  PRIMARY KEY (`LAPAK_CODE`)
) ENGINE=InnoDB DEFAULT CHARSET=utf8mb4 COLLATE=utf8mb4_general_ci;
/*!40101 SET character_set_client = @saved_cs_client */;

--
-- Dumping data for table `DB_LAPAK`
--

LOCK TABLES `DB_LAPAK` WRITE;
/*!40000 ALTER TABLE `DB_LAPAK` DISABLE KEYS */;
INSERT INTO `DB_LAPAK` VALUES ('PSR0001LAP001','Lapak 1','A5','3x3','TYPE003','CUST00008','2025-05-14 00:00:00','2025-05-21 00:00:00','aktif','PSR0001','2025-05-09 09:37:00','2025-06-12 07:57:04',NULL),('PSR0001LAP002','Lapak 5','A5','3x3','TYPE001',NULL,NULL,NULL,'kosong','PSR0001','2025-05-15 11:59:01','2025-06-12 08:09:17',NULL),('PSR0001LAP003','Lapak 6','A5','3x3','TYPE001','CUST00007','2025-05-14 00:00:00','2025-05-21 00:00:00','tutup','PSR0001','2025-05-15 11:59:07','2025-06-12 08:53:07','uploads/iuran_bukti/1749718387789-bukti_foto_iuran.jpg'),('PSR0001LAP004','Lapak 88','A5','3x3','TYPE001','CUST00008','2025-05-14 00:00:00','2025-05-21 00:00:00','aktif','PSR0001','2025-05-15 11:59:12','2025-06-12 07:57:04',NULL),('PSR0001LAP005','Lapak 99','A5','3x3','TYPE001','CUST00009','2025-05-14 00:00:00','2025-05-28 00:00:00','tutup','PSR0001','2025-05-15 11:59:18','2025-06-11 01:50:04','uploads/iuran_bukti/1749606604873-bukti_foto_iuran.jpg'),('PSR0001LAP006','Lapak 33','A5','3x3','TYPE001','CUST00001','2025-06-11 00:00:00','2025-06-18 00:00:00','aktif','PSR0001','2025-05-15 14:00:10','2025-06-12 08:09:17',NULL),('PSR0002LAP001','Lapak 69','A8','5x5','TYPE004','CUST00011','2025-06-11 00:00:00','2025-06-18 00:00:00','aktif','PSR0002','2025-05-10 17:19:44','2025-06-12 07:57:16',NULL),('PSR0002LAP002','Lapak 68','A5','5x5','TYPE003','CUST00012','2025-06-11 00:00:00','2025-06-18 00:00:00','aktif','PSR0002','2025-05-10 17:19:57','2025-06-12 04:19:26',NULL),('PSR0002LAP003','Lapak 51','A6','7x5','TYPE005','CUST00004','2025-05-14 00:00:00','2025-06-29 00:00:00','tutup','PSR0002','2025-05-11 00:49:06','2025-06-10 08:09:57','uploads/lapak_bukti/1749542996999-bukti_foto.jpg'),('PSR0002LAP004','lapak 77','A4','3x3','TYPE003','CUST00005','2025-05-10 00:00:00','2025-05-22 00:00:00','tutup','PSR0002','2025-05-11 13:44:07','2025-06-11 04:05:15','uploads/iuran_bukti/1749614715677-bukti_foto_iuran.jpg');
/*!40000 ALTER TABLE `DB_LAPAK` ENABLE KEYS */;
UNLOCK TABLES;

--
-- Table structure for table `DB_PEDAGANG`
--

DROP TABLE IF EXISTS `DB_PEDAGANG`;
/*!40101 SET @saved_cs_client     = @@character_set_client */;
/*!50503 SET character_set_client = utf8mb4 */;
CREATE TABLE `DB_PEDAGANG` (
  `CUST_CODE` varchar(50) NOT NULL,
  `CUST_NAMA` varchar(150) NOT NULL,
  `CUST_NIK` varchar(50) NOT NULL,
  `CUST_PHONE` varchar(50) DEFAULT NULL,
  `CUST_OWNER` varchar(50) DEFAULT NULL,
  `CUST_IURAN` varchar(50) DEFAULT NULL,
  `CUST_STATUS` enum('aktif','nonaktif') DEFAULT NULL,
  `createdAt` datetime NOT NULL,
  `updatedAt` datetime NOT NULL,
  PRIMARY KEY (`CUST_CODE`)
) ENGINE=InnoDB DEFAULT CHARSET=utf8mb4 COLLATE=utf8mb4_general_ci;
/*!40101 SET character_set_client = @saved_cs_client */;

--
-- Dumping data for table `DB_PEDAGANG`
--

LOCK TABLES `DB_PEDAGANG` WRITE;
/*!40000 ALTER TABLE `DB_PEDAGANG` DISABLE KEYS */;
INSERT INTO `DB_PEDAGANG` VALUES ('CUST00001','Agus','1234567890999999','081234567898','PSR0001','250000','aktif','2025-05-09 09:37:26','2025-06-12 08:09:17'),('CUST00002','Celloz','1111111111111111','09876654432','PSR0001','350000','nonaktif','2025-05-10 17:21:13','2025-06-11 15:22:23'),('CUST00003','Dedy','1234567898765456','098765456712','PSR0002','150000','nonaktif','2025-05-10 17:22:36','2025-06-11 15:21:51'),('CUST00004','Supri','1234567898765432','089765435643','PSR0002','500000','aktif','2025-05-11 00:49:59','2025-05-11 00:49:59'),('CUST00005','Mubarok','1234526354637465','0812345645321','PSR0002','150000','aktif','2025-05-11 13:45:36','2025-05-11 13:45:36'),('CUST00006','Ahmad Yusuf Hari','1234567890999883','081234567333','PSR0001','25000','nonaktif','2025-05-15 12:00:24','2025-06-10 07:39:35'),('CUST00007','Hasyim','1234567890999882','081234567334','PSR0001','25000','aktif','2025-05-15 12:00:45','2025-05-15 12:00:45'),('CUST00008','Endang H','1234567890999997','081234567897','PSR0001','250000','aktif','2025-05-15 12:01:36','2025-06-12 07:57:04'),('CUST00009','Yusuf','1234567890987677','081234567877','PSR0001','25000','aktif','2025-05-15 12:02:10','2025-05-15 12:02:10'),('CUST00010','Ali','1234567890999221','081234567811','PSR0001','25000','nonaktif','2025-05-15 14:00:38','2025-06-11 15:22:09'),('CUST00011','Agus Kurniawan','1234567890994321','081234562312','PSR0004','25000','aktif','2025-06-11 15:23:35','2025-06-12 07:57:16'),('CUST00012','Celloz gapake z','1234567890955555','081234566666','PSR0004','25000','aktif','2025-06-12 04:19:26','2025-06-12 04:19:26');
/*!40000 ALTER TABLE `DB_PEDAGANG` ENABLE KEYS */;
UNLOCK TABLES;

--
-- Table structure for table `DB_TYPE_LAPAK`
--

DROP TABLE IF EXISTS `DB_TYPE_LAPAK`;
/*!40101 SET @saved_cs_client     = @@character_set_client */;
/*!50503 SET character_set_client = utf8mb4 */;
CREATE TABLE `DB_TYPE_LAPAK` (
  `TYPE_CODE` varchar(50) NOT NULL,
  `TYPE_NAMA` varchar(150) NOT NULL,
  PRIMARY KEY (`TYPE_CODE`)
) ENGINE=InnoDB DEFAULT CHARSET=utf8mb4 COLLATE=utf8mb4_general_ci;
/*!40101 SET character_set_client = @saved_cs_client */;

--
-- Dumping data for table `DB_TYPE_LAPAK`
--

LOCK TABLES `DB_TYPE_LAPAK` WRITE;
/*!40000 ALTER TABLE `DB_TYPE_LAPAK` DISABLE KEYS */;
INSERT INTO `DB_TYPE_LAPAK` VALUES ('TYPE001','Luar'),('TYPE003','Emper'),('TYPE004','Diatas'),('TYPE005','Dalam');
/*!40000 ALTER TABLE `DB_TYPE_LAPAK` ENABLE KEYS */;
UNLOCK TABLES;

--
-- Table structure for table `LOG_ACTIVITY`
--

DROP TABLE IF EXISTS `LOG_ACTIVITY`;
/*!40101 SET @saved_cs_client     = @@character_set_client */;
/*!50503 SET character_set_client = utf8mb4 */;
CREATE TABLE `LOG_ACTIVITY` (
  `id` int NOT NULL AUTO_INCREMENT,
  `LOG_TARGET` varchar(255) DEFAULT NULL,
  `LOG_USER` varchar(255) DEFAULT NULL,
  `LOG_ACTION` text,
  `LOG_DETAIL` text,
  `LOG_SOURCE` text,
  `LOG_RECORD` datetime DEFAULT NULL,
  `LOG_OWNER` varchar(255) DEFAULT NULL,
  PRIMARY KEY (`id`)
) ENGINE=InnoDB AUTO_INCREMENT=383 DEFAULT CHARSET=utf8mb4 COLLATE=utf8mb4_general_ci;
/*!40101 SET character_set_client = @saved_cs_client */;

--
-- Dumping data for table `LOG_ACTIVITY`
--

LOCK TABLES `LOG_ACTIVITY` WRITE;
/*!40000 ALTER TABLE `LOG_ACTIVITY` DISABLE KEYS */;
INSERT INTO `LOG_ACTIVITY` VALUES (11,NULL,'petugas2','edit','success','eyJ1c2VyX25hbWUiOiJwZXR1Z2FzMiIsInVzZXJfcGFzcyI6IiIsInVzZXJfZW1haWwiOiJhZG1pbkBleGFtcGxlLmNvbSIsInVzZXJfcGhvbmUiOiIwODEyMzQ1Njc4OTAiLCJ1c2VyX3N0YXR1cyI6Ik4iLCJ1c2VyX2xldmVsX25hbWUiOiJQZXR1Z2FzIn0=','2025-05-08 08:45:52',NULL),(12,NULL,'petugas1','edit','success','eyJ1c2VyX25hbWUiOiJwZXR1Z2FzMSIsInVzZXJfcGFzcyI6IiIsInVzZXJfZW1haWwiOiJhZG1pbkBleGFtcGxlLmNvbSIsInVzZXJfcGhvbmUiOiIwODEyMzQ1Njc4OTAiLCJ1c2VyX3N0YXR1cyI6Ik4iLCJ1c2VyX2xldmVsX25hbWUiOiJQZXR1Z2FzIn0=','2025-05-08 08:46:04',NULL),(13,NULL,'petugas1','edit','success','eyJ1c2VyX25hbWUiOiJwZXR1Z2FzMSIsInVzZXJfcGFzcyI6IiIsInVzZXJfZW1haWwiOiJhZG1pbkBleGFtcGxlLmNvbSIsInVzZXJfcGhvbmUiOiIwODEyMzQ1Njc4OTAiLCJ1c2VyX3N0YXR1cyI6Ik4iLCJ1c2VyX2xldmVsX25hbWUiOiJQZXR1Z2FzIn0=','2025-05-08 08:57:30',NULL),(14,NULL,'petugas1','edit','success','eyJ1c2VyX25hbWUiOiJwZXR1Z2FzMSIsInVzZXJfcGFzcyI6IiIsInVzZXJfZW1haWwiOiJhZG1pbkBleGFtcGxlLmNvbSIsInVzZXJfcGhvbmUiOiIwODEyMzQ1Njc4OTAiLCJ1c2VyX3N0YXR1cyI6IkEiLCJ1c2VyX2xldmVsX25hbWUiOiJQZXR1Z2FzIiwicGFzYXJfY29kZSI6IlBTUjAwMTIifQ==','2025-05-08 08:58:17',NULL),(15,NULL,'petugas','edit','success','eyJ1c2VyX25hbWUiOiJwZXR1Z2FzIiwidXNlcl9wYXNzIjoiIiwidXNlcl9lbWFpbCI6ImFkbWluQGV4YW1wbGUuY29tIiwidXNlcl9waG9uZSI6IjA4MTIzNDU2Nzg5MCIsInVzZXJfc3RhdHVzIjoiQSIsInVzZXJfbGV2ZWxfbmFtZSI6IlBldHVnYXMifQ==','2025-05-08 09:00:11',NULL),(16,NULL,'petugas1','edit','success','eyJ1c2VyX25hbWUiOiJwZXR1Z2FzMSIsInVzZXJfcGFzcyI6IiIsInVzZXJfZW1haWwiOiJhZG1pbkBleGFtcGxlLmNvbSIsInVzZXJfcGhvbmUiOiIwODEyMzQ1Njc4OTAiLCJ1c2VyX3N0YXR1cyI6IkEiLCJ1c2VyX2xldmVsX25hbWUiOiJQZXR1Z2FzIn0=','2025-05-08 09:05:14',NULL),(17,NULL,'petugas4','edit','success','eyJ1c2VyX25hbWUiOiJwZXR1Z2FzNCIsInVzZXJfcGFzcyI6IiIsInVzZXJfZW1haWwiOiJwZXR1Z2FzMkBleGFtcGxlLmNvbSIsInVzZXJfcGhvbmUiOiIwODEyMzQ1Njc4OTAiLCJ1c2VyX3N0YXR1cyI6IkEiLCJ1c2VyX2xldmVsX25hbWUiOiJQZXR1Z2FzIn0=','2025-05-08 09:44:05',NULL),(18,NULL,'petugas2','edit','success','eyJ1c2VyX25hbWUiOiJwZXR1Z2FzMiIsInVzZXJfcGFzcyI6IiIsInVzZXJfZW1haWwiOiJwZXR1Z2FzM0BleGFtcGxlLmNvbSIsInVzZXJfcGhvbmUiOiIwODEyMzQ1Njc4NzkiLCJ1c2VyX3N0YXR1cyI6IkEiLCJ1c2VyX2xldmVsX25hbWUiOiJQZXR1Z2FzIn0=','2025-05-08 09:44:42',NULL),(19,NULL,'petugas11','edit','success','eyJ1c2VyX25hbWUiOiJwZXR1Z2FzMTEiLCJ1c2VyX3Bhc3MiOiIiLCJ1c2VyX2VtYWlsIjoicGV0dWdhczNAZXhhbXBsZS5jb20iLCJ1c2VyX3Bob25lIjoiMDgxMjM0NTY3ODc5IiwidXNlcl9zdGF0dXMiOiJBIiwidXNlcl9sZXZlbF9uYW1lIjoiUGV0dWdhcyJ9','2025-05-08 09:45:43',NULL),(20,'PSR0002001','superadmin','edit','failed','eyJ1c2VyX25hbWUiOiJwZXR1Z2FzMSIsInVzZXJfcGFzcyI6IiIsInVzZXJfZW1haWwiOiJwZXR1Z2FzM0BleGFtcGxlLmNvbSIsInVzZXJfcGhvbmUiOiIwODEyMzQ1Njc4NzkiLCJ1c2VyX3N0YXR1cyI6IkEiLCJ1c2VyX2xldmVsX25hbWUiOiJQZXR1Z2FzIn0=','2025-05-08 09:48:49','PSR0004'),(21,'PSR0002001','superadmin','edit','failed','eyJ1c2VyX25hbWUiOiJwZXR1Z2FzMiIsInVzZXJfcGFzcyI6IiIsInVzZXJfZW1haWwiOiJwZXR1Z2FzM0BleGFtcGxlLmNvbSIsInVzZXJfcGhvbmUiOiIwODEyMzQ1Njc4NzkiLCJ1c2VyX3N0YXR1cyI6IkEiLCJ1c2VyX2xldmVsX25hbWUiOiJQZXR1Z2FzIn0=','2025-05-08 09:48:57','PSR0004'),(22,'CUST00001','USR001','delete','success','eyJjb2RlIjoiQ1VTVDAwMDAxIn0=','2025-05-08 10:01:17','PSR0004'),(23,'PSR0004LAP006','USR001','create','success','e30=','2025-05-08 10:25:24','PSR0004'),(24,'CUST00026','USR001','create','success','e30=','2025-05-08 10:25:56','PSR0004'),(25,'PSR0002LAP004','USR001','update','success','eyJjb2RlIjoiUFNSMDAwMkxBUDAwNCJ9','2025-05-08 10:25:56','PSR0004'),(26,'PSR0011','USR001','delete','success','eyJwYXNhcl9jb2RlIjoiUFNSMDAxMSJ9','2025-05-08 10:26:05','PSR0004'),(27,'IU2025050600004','USR001','delete','success','eyJjb2RlIjoiSVUyMDI1MDUwNjAwMDA0In0=','2025-05-08 10:30:17','PSR0004'),(28,'IU2025050800003','USR001','create','success','e30=','2025-05-08 14:14:07','PSR0004'),(29,'IU2025050800001','USR001','delete','success','eyJjb2RlIjoiSVUyMDI1MDUwODAwMDAxIn0=','2025-05-08 14:14:22','PSR0004'),(30,'CUST00025','USR001','update','success','eyJjb2RlIjoiQ1VTVDAwMDI1In0=','2025-05-08 14:19:42','PSR0004'),(31,'PSR0002LAP002','USR001','update','success','eyJjb2RlIjoiUFNSMDAwMkxBUDAwMiJ9','2025-05-08 14:19:42','PSR0004'),(32,'PSR0004LAP001','USR001','update','success','eyJjb2RlIjoiUFNSMDAwNExBUDAwMSJ9','2025-05-08 14:19:42','PSR0004'),(33,'IU2025050800003','USR001','update','success','eyJjb2RlIjoiSVUyMDI1MDUwODAwMDAzIn0=','2025-05-08 14:21:26','PSR0004'),(34,'IU2025050800003','USR001','update','failed','eyJjb2RlIjoiSVUyMDI1MDUwODAwMDAzIn0=','2025-05-08 14:21:26','PSR0004'),(35,'IU2025050800003','USR001','update','success','eyJjb2RlIjoiSVUyMDI1MDUwODAwMDAzIn0=','2025-05-08 14:24:58','PSR0004'),(36,'PSR0001LAP001','USR001','update','success','eyJjb2RlIjoiUFNSMDAwMUxBUDAwMSJ9','2025-05-08 14:49:02','PSR0004'),(37,'PSR0001LAP001','USR001','update','success','eyJjb2RlIjoiUFNSMDAwMUxBUDAwMSJ9','2025-05-08 14:49:13','PSR0004'),(38,'PSR0001LAP001','USR001','update','success','eyJjb2RlIjoiUFNSMDAwMUxBUDAwMSJ9','2025-05-08 14:49:48','PSR0004'),(39,'PSR0001LAP001','USR001','update','success','eyJjb2RlIjoiUFNSMDAwMUxBUDAwMSJ9','2025-05-08 14:51:45','PSR0004'),(40,'PSR0004LAP006','USR001','update','success','eyJjb2RlIjoiUFNSMDAwNExBUDAwNiJ9','2025-05-08 14:52:18','PSR0004'),(41,'PSR0004LAP007','USR001','create','success','e30=','2025-05-09 03:22:16','PSR0004'),(42,'PSR0004LAP008','USR001','create','success','e30=','2025-05-09 03:22:23','PSR0004'),(43,'CUST00027','USR001','create','success','e30=','2025-05-09 03:23:13','PSR0004'),(44,'PSR0004LAP007','USR001','update','success','eyJjb2RlIjoiUFNSMDAwNExBUDAwNyJ9','2025-05-09 03:23:13','PSR0004'),(45,'PSR0004LAP008','USR001','update','success','eyJjb2RlIjoiUFNSMDAwNExBUDAwOCJ9','2025-05-09 03:23:14','PSR0004'),(46,'PSR0001LAP001','PSR0001001','delete','success','eyJjb2RlIjoiUFNSMDAwMUxBUDAwMSJ9','2025-05-09 03:31:05','PSR0001'),(47,'PSR0001LAP001','PSR0001001','create','success','e30=','2025-05-09 03:31:15','PSR0001'),(48,'CUST00028','PSR0001001','create','success','e30=','2025-05-09 03:32:14','PSR0001'),(49,'PSR0001LAP001','PSR0001001','update','success','eyJjb2RlIjoiUFNSMDAwMUxBUDAwMSJ9','2025-05-09 03:32:14','PSR0001'),(50,'IU2025050900001','PSR0001001','create','success','e30=','2025-05-09 03:33:00','PSR0001'),(51,'PSR0001LAP002','PSR0001001','create','success','e30=','2025-05-09 04:23:00','PSR0001'),(52,'CUST00029','PSR0001001','create','success','e30=','2025-05-09 04:24:22','PSR0001'),(53,'PSR0001LAP002','PSR0001001','update','success','eyJjb2RlIjoiUFNSMDAwMUxBUDAwMiJ9','2025-05-09 04:24:22','PSR0001'),(54,'CUST00028','PSR0001001','delete','success','eyJjb2RlIjoiQ1VTVDAwMDI4In0=','2025-05-09 04:24:48','PSR0001'),(55,'PSR0001LAP001','PSR0001001','delete','success','eyJjb2RlIjoiUFNSMDAwMUxBUDAwMSJ9','2025-05-09 04:24:54','PSR0001'),(56,'CUST00009','USR001','delete','success','eyJjb2RlIjoiQ1VTVDAwMDA5In0=','2025-05-09 04:25:37','PSR0004'),(57,'PSR0012','USR001','delete','success','eyJwYXNhcl9jb2RlIjoiUFNSMDAxMiJ9','2025-05-09 06:22:21','PSR0004'),(58,'CUST00011','USR001','delete','success','eyJ1c2VyIjp7ImlkIjoiVVNSMDAxIiwibmFtZSI6InN1cGVyYWRtaW4iLCJsZXZlbCI6IlNVQSIsIm93bmVyIjoiUFNSMDAwNCJ9LCJxdWVyeSI6IkV4ZWN1dGluZyAoZGVmYXVsdCk6IERFTEVURSBGUk9NIGBEQl9QRURBR0FOR2AgV0hFUkUgYENVU1RfQ09ERWAgPSAnQ1VTVDAwMDExJyJ9','2025-05-09 06:42:13','PSR0004'),(59,'PSR0021','USR001','create','success','eyJ1c2VyIjp7ImlkIjoiVVNSMDAxIiwibmFtZSI6InN1cGVyYWRtaW4iLCJsZXZlbCI6IlNVQSIsIm93bmVyIjoiUFNSMDAwNCJ9LCJxdWVyeSI6IkV4ZWN1dGluZyAoZGVmYXVsdCk6IElOU0VSVCBJTlRPIGBkYXRhX3Bhc2Fyc2AgKGBwYXNhcl9jb2RlYCxgcGFzYXJfbmFtYWAsYHBhc2FyX2xvZ29gLGBwYXNhcl9zdGF0dXNgLGBjcmVhdGVkQXRgLGB1cGRhdGVkQXRgKSBWQUxVRVMgKD8sPyw/LD8sPyw/KTsifQ==','2025-05-09 07:07:28','PSR0004'),(60,'PSR0014','USR001','delete','success','eyJ1c2VyIjp7ImlkIjoiVVNSMDAxIiwibmFtZSI6InN1cGVyYWRtaW4iLCJsZXZlbCI6IlNVQSIsIm93bmVyIjoiUFNSMDAwNCJ9LCJxdWVyeSI6IkV4ZWN1dGluZyAoZGVmYXVsdCk6IERFTEVURSBGUk9NIGBkYXRhX3Bhc2Fyc2AgV0hFUkUgYHBhc2FyX2NvZGVgID0gJ1BTUjAwMTQnIn0=','2025-05-09 07:13:20','PSR0004'),(61,'PSR0022','USR001','create','success','eyJ1c2VyIjp7ImlkIjoiVVNSMDAxIiwibmFtZSI6InN1cGVyYWRtaW4iLCJsZXZlbCI6IlNVQSIsIm93bmVyIjoiUFNSMDAwNCJ9LCJxdWVyeSI6IkV4ZWN1dGluZyAoZGVmYXVsdCk6IElOU0VSVCBJTlRPIGBkYXRhX3Bhc2Fyc2AgKGBwYXNhcl9jb2RlYCxgcGFzYXJfbmFtYWAsYHBhc2FyX2xvZ29gLGBwYXNhcl9zdGF0dXNgLGBjcmVhdGVkQXRgLGB1cGRhdGVkQXRgKSBWQUxVRVMgKD8sPyw/LD8sPyw/KTsiLCJkYXRhIjp7InBhc2FyX25hbWEiOiJQYXNhciBlbXBhdCIsInBhc2FyX3N0YXR1cyI6Ik4ifX0=','2025-05-09 07:13:31','PSR0004'),(62,'PSR0004LAP009','USR001','create','success','eyJ1c2VyIjp7ImlkIjoiVVNSMDAxIiwibmFtZSI6InN1cGVyYWRtaW4iLCJsZXZlbCI6IlNVQSIsIm93bmVyIjoiUFNSMDAwNCJ9LCJxdWVyeSI6IkV4ZWN1dGluZyAoZGVmYXVsdCk6IElOU0VSVCBJTlRPIGBEQl9MQVBBS2AgKGBMQVBBS19DT0RFYCxgTEFQQUtfTkFNQWAsYExBUEFLX0JMT0tgLGBMQVBBS19VS1VSQU5gLGBMQVBBS19UWVBFYCxgTEFQQUtfUEVOWUVXQWAsYExBUEFLX01VTEFJYCxgTEFQQUtfQUtISVJgLGBMQVBBS19TVEFUVVNgLGBMQVBBS19PV05FUmAsYGNyZWF0ZWRBdGAsYHVwZGF0ZWRBdGApIFZBTFVFUyAoPyw/LD8sPyw/LD8sPyw/LD8sPyw/LD8pOyJ9','2025-05-09 07:31:44','PSR0004'),(63,'PSR0001LAP003','PSR0001001','create','success','eyJ1c2VyIjp7ImlkIjoiUFNSMDAwMTAwMSIsIm5hbWUiOiJwZXR1Z2FzMSIsImxldmVsIjoiUFRHIiwib3duZXIiOiJQU1IwMDAxIn0sInF1ZXJ5IjoiRXhlY3V0aW5nIChkZWZhdWx0KTogSU5TRVJUIElOVE8gYERCX0xBUEFLYCAoYExBUEFLX0NPREVgLGBMQVBBS19OQU1BYCxgTEFQQUtfQkxPS2AsYExBUEFLX1VLVVJBTmAsYExBUEFLX1RZUEVgLGBMQVBBS19QRU5ZRVdBYCxgTEFQQUtfTVVMQUlgLGBMQVBBS19BS0hJUmAsYExBUEFLX1NUQVRVU2AsYExBUEFLX09XTkVSYCxgY3JlYXRlZEF0YCxgdXBkYXRlZEF0YCkgVkFMVUVTICg/LD8sPyw/LD8sPyw/LD8sPyw/LD8sPyk7In0=','2025-05-09 07:34:18','PSR0001'),(64,'CUST00030','PSR0001001','create','success','eyJ1c2VyIjp7ImlkIjoiUFNSMDAwMTAwMSIsIm5hbWUiOiJwZXR1Z2FzMSIsImxldmVsIjoiUFRHIiwib3duZXIiOiJQU1IwMDAxIn0sInF1ZXJ5IjoiRXhlY3V0aW5nICgyZmJkOTRmYS0wZjBjLTQ5Y2UtYjI3NS1hZjI5YmQzZmZjZGYpOiBJTlNFUlQgSU5UTyBgREJfUEVEQUdBTkdgIChgQ1VTVF9DT0RFYCxgQ1VTVF9OQU1BYCxgQ1VTVF9OSUtgLGBDVVNUX1BIT05FYCxgQ1VTVF9PV05FUmAsYENVU1RfU1RBVFVTYCxgY3JlYXRlZEF0YCxgdXBkYXRlZEF0YCkgVkFMVUVTICg/LD8sPyw/LD8sPyw/LD8pOyJ9','2025-05-09 07:35:00','PSR0001'),(65,'PSR0001LAP003','PSR0001001','update','success','eyJ1c2VyIjp7ImlkIjoiUFNSMDAwMTAwMSIsIm5hbWUiOiJwZXR1Z2FzMSIsImxldmVsIjoiUFRHIiwib3duZXIiOiJQU1IwMDAxIn0sInF1ZXJ5IjoiRXhlY3V0aW5nIChkZWZhdWx0KTogVVBEQVRFIGBEQl9MQVBBS2AgU0VUIGBMQVBBS19TVEFUVVNgPT8sYExBUEFLX1BFTllFV0FgPT8sYExBUEFLX01VTEFJYD0/LGBMQVBBS19BS0hJUmA9PyxgdXBkYXRlZEF0YD0/IFdIRVJFIGBMQVBBS19DT0RFYCA9ID8ifQ==','2025-05-09 07:35:00','PSR0001'),(66,'PSR0001LAP002','PSR0001001','update','success','eyJ1c2VyIjp7ImlkIjoiUFNSMDAwMTAwMSIsIm5hbWUiOiJwZXR1Z2FzMSIsImxldmVsIjoiUFRHIiwib3duZXIiOiJQU1IwMDAxIn0sInF1ZXJ5IjoiRXhlY3V0aW5nIChkZWZhdWx0KTogU0VMRUNUIGBMQVBBS19DT0RFYCwgYExBUEFLX05BTUFgLCBgTEFQQUtfQkxPS2AsIGBMQVBBS19VS1VSQU5gLCBgTEFQQUtfVFlQRWAsIGBMQVBBS19QRU5ZRVdBYCwgYExBUEFLX01VTEFJYCwgYExBUEFLX0FLSElSYCwgYExBUEFLX1NUQVRVU2AsIGBMQVBBS19PV05FUmAsIGBjcmVhdGVkQXRgLCBgdXBkYXRlZEF0YCBGUk9NIGBEQl9MQVBBS2AgQVMgYERCX0xBUEFLYCBXSEVSRSBgREJfTEFQQUtgLmBMQVBBS19DT0RFYCA9ICdQU1IwMDAxTEFQMDAyJzsifQ==','2025-05-09 07:35:38','PSR0001'),(67,'PSR0001LAP003','PSR0001001','update','success','eyJ1c2VyIjp7ImlkIjoiUFNSMDAwMTAwMSIsIm5hbWUiOiJwZXR1Z2FzMSIsImxldmVsIjoiUFRHIiwib3duZXIiOiJQU1IwMDAxIn0sInF1ZXJ5IjoiRXhlY3V0aW5nIChkZWZhdWx0KTogVVBEQVRFIGBEQl9MQVBBS2AgU0VUIGBMQVBBS19OQU1BYD0/LGBMQVBBS19CTE9LYD0/LGBMQVBBS19VS1VSQU5gPT8sYExBUEFLX1RZUEVgPT8sYExBUEFLX1BFTllFV0FgPT8sYExBUEFLX01VTEFJYD0/LGBMQVBBS19BS0hJUmA9PyxgTEFQQUtfU1RBVFVTYD0/LGB1cGRhdGVkQXRgPT8gV0hFUkUgYExBUEFLX0NPREVgID0gPyJ9','2025-05-09 07:37:18','PSR0001'),(68,'CUST00031','USR001','create','success','eyJ1c2VyIjp7ImlkIjoiVVNSMDAxIiwibmFtZSI6InN1cGVyYWRtaW4iLCJsZXZlbCI6IlNVQSIsIm93bmVyIjoiUFNSMDAwNCJ9LCJxdWVyeSI6IkV4ZWN1dGluZyAoM2U2N2UxNGEtOTliNy00MWY0LTkyYWQtODZlNjIzYjAzYjVmKTogSU5TRVJUIElOVE8gYERCX1BFREFHQU5HYCAoYENVU1RfQ09ERWAsYENVU1RfTkFNQWAsYENVU1RfTklLYCxgQ1VTVF9QSE9ORWAsYENVU1RfT1dORVJgLGBDVVNUX1NUQVRVU2AsYGNyZWF0ZWRBdGAsYHVwZGF0ZWRBdGApIFZBTFVFUyAoPyw/LD8sPyw/LD8sPyw/KTsifQ==','2025-05-09 09:05:50','PSR0004'),(69,'PSR0004LAP009','USR001','update','success','eyJ1c2VyIjp7ImlkIjoiVVNSMDAxIiwibmFtZSI6InN1cGVyYWRtaW4iLCJsZXZlbCI6IlNVQSIsIm93bmVyIjoiUFNSMDAwNCJ9LCJxdWVyeSI6IkV4ZWN1dGluZyAoZGVmYXVsdCk6IFVQREFURSBgREJfTEFQQUtgIFNFVCBgTEFQQUtfU1RBVFVTYD0/LGBMQVBBS19QRU5ZRVdBYD0/LGBMQVBBS19NVUxBSWA9PyxgTEFQQUtfQUtISVJgPT8sYHVwZGF0ZWRBdGA9PyBXSEVSRSBgTEFQQUtfQ09ERWAgPSA/In0=','2025-05-09 09:05:50','PSR0004'),(70,'CUST00031','USR001','delete','success','eyJ1c2VyIjp7ImlkIjoiVVNSMDAxIiwibmFtZSI6InN1cGVyYWRtaW4iLCJsZXZlbCI6IlNVQSIsIm93bmVyIjoiUFNSMDAwNCJ9LCJxdWVyeSI6IkV4ZWN1dGluZyAoZGVmYXVsdCk6IERFTEVURSBGUk9NIGBEQl9QRURBR0FOR2AgV0hFUkUgYENVU1RfQ09ERWAgPSAnQ1VTVDAwMDMxJyJ9','2025-05-09 09:11:19','PSR0004'),(71,'PSR0004LAP009','USR001','update','success','eyJ1c2VyIjp7ImlkIjoiVVNSMDAxIiwibmFtZSI6InN1cGVyYWRtaW4iLCJsZXZlbCI6IlNVQSIsIm93bmVyIjoiUFNSMDAwNCJ9LCJxdWVyeSI6IkV4ZWN1dGluZyAoZGVmYXVsdCk6IFVQREFURSBgREJfTEFQQUtgIFNFVCBgTEFQQUtfTkFNQWA9PyxgTEFQQUtfQkxPS2A9PyxgTEFQQUtfVUtVUkFOYD0/LGBMQVBBS19UWVBFYD0/LGBMQVBBS19QRU5ZRVdBYD0/LGBMQVBBS19NVUxBSWA9PyxgTEFQQUtfQUtISVJgPT8sYExBUEFLX1NUQVRVU2A9PyxgdXBkYXRlZEF0YD0/IFdIRVJFIGBMQVBBS19DT0RFYCA9ID8ifQ==','2025-05-09 09:11:42','PSR0004'),(72,'CUST00031','USR001','create','success','eyJ1c2VyIjp7ImlkIjoiVVNSMDAxIiwibmFtZSI6InN1cGVyYWRtaW4iLCJsZXZlbCI6IlNVQSIsIm93bmVyIjoiUFNSMDAwNCJ9LCJxdWVyeSI6IkV4ZWN1dGluZyAoNmNhNTNhYzUtMDZlNC00MGUwLWE3OGQtMzI2ODRkYzI0OTY5KTogSU5TRVJUIElOVE8gYERCX1BFREFHQU5HYCAoYENVU1RfQ09ERWAsYENVU1RfTkFNQWAsYENVU1RfTklLYCxgQ1VTVF9QSE9ORWAsYENVU1RfT1dORVJgLGBDVVNUX0lVUkFOYCxgQ1VTVF9TVEFUVVNgLGBjcmVhdGVkQXRgLGB1cGRhdGVkQXRgKSBWQUxVRVMgKD8sPyw/LD8sPyw/LD8sPyw/KTsifQ==','2025-05-09 09:12:23','PSR0004'),(73,'PSR0004LAP009','USR001','update','success','eyJ1c2VyIjp7ImlkIjoiVVNSMDAxIiwibmFtZSI6InN1cGVyYWRtaW4iLCJsZXZlbCI6IlNVQSIsIm93bmVyIjoiUFNSMDAwNCJ9LCJxdWVyeSI6IkV4ZWN1dGluZyAoZGVmYXVsdCk6IFVQREFURSBgREJfTEFQQUtgIFNFVCBgTEFQQUtfU1RBVFVTYD0/LGBMQVBBS19QRU5ZRVdBYD0/LGBMQVBBS19NVUxBSWA9PyxgTEFQQUtfQUtISVJgPT8sYHVwZGF0ZWRBdGA9PyBXSEVSRSBgTEFQQUtfQ09ERWAgPSA/In0=','2025-05-09 09:12:23','PSR0004'),(74,'PSR0001LAP001','PSR0001001','create','success','eyJ1c2VyIjp7ImlkIjoiUFNSMDAwMTAwMSIsIm5hbWUiOiJwZXR1Z2FzMSIsImxldmVsIjoiUFRHIiwib3duZXIiOiJQU1IwMDAxIn0sInF1ZXJ5IjoiRXhlY3V0aW5nIChkZWZhdWx0KTogSU5TRVJUIElOVE8gYERCX0xBUEFLYCAoYExBUEFLX0NPREVgLGBMQVBBS19OQU1BYCxgTEFQQUtfQkxPS2AsYExBUEFLX1VLVVJBTmAsYExBUEFLX1RZUEVgLGBMQVBBS19QRU5ZRVdBYCxgTEFQQUtfTVVMQUlgLGBMQVBBS19BS0hJUmAsYExBUEFLX1NUQVRVU2AsYExBUEFLX09XTkVSYCxgY3JlYXRlZEF0YCxgdXBkYXRlZEF0YCkgVkFMVUVTICg/LD8sPyw/LD8sPyw/LD8sPyw/LD8sPyk7In0=','2025-05-09 09:37:00','PSR0001'),(75,'CUST00001','PSR0001001','create','success','eyJ1c2VyIjp7ImlkIjoiUFNSMDAwMTAwMSIsIm5hbWUiOiJwZXR1Z2FzMSIsImxldmVsIjoiUFRHIiwib3duZXIiOiJQU1IwMDAxIn0sInF1ZXJ5IjoiRXhlY3V0aW5nICgyODAxMzU2NS1mOTAwLTRiMzAtODkwNy1iZjFhNmJlMGJiZWUpOiBJTlNFUlQgSU5UTyBgREJfUEVEQUdBTkdgIChgQ1VTVF9DT0RFYCxgQ1VTVF9OQU1BYCxgQ1VTVF9OSUtgLGBDVVNUX1BIT05FYCxgQ1VTVF9PV05FUmAsYENVU1RfSVVSQU5gLGBDVVNUX1NUQVRVU2AsYGNyZWF0ZWRBdGAsYHVwZGF0ZWRBdGApIFZBTFVFUyAoPyw/LD8sPyw/LD8sPyw/LD8pOyJ9','2025-05-09 09:37:26','PSR0001'),(76,'PSR0001LAP001','PSR0001001','update','success','eyJ1c2VyIjp7ImlkIjoiUFNSMDAwMTAwMSIsIm5hbWUiOiJwZXR1Z2FzMSIsImxldmVsIjoiUFRHIiwib3duZXIiOiJQU1IwMDAxIn0sInF1ZXJ5IjoiRXhlY3V0aW5nIChkZWZhdWx0KTogVVBEQVRFIGBEQl9MQVBBS2AgU0VUIGBMQVBBS19TVEFUVVNgPT8sYExBUEFLX1BFTllFV0FgPT8sYExBUEFLX01VTEFJYD0/LGBMQVBBS19BS0hJUmA9PyxgdXBkYXRlZEF0YD0/IFdIRVJFIGBMQVBBS19DT0RFYCA9ID8ifQ==','2025-05-09 09:37:26','PSR0001'),(77,'IU2025050900001','PSR0001001','delete','success','eyJ1c2VyIjp7ImlkIjoiUFNSMDAwMTAwMSIsIm5hbWUiOiJwZXR1Z2FzMSIsImxldmVsIjoiUFRHIiwib3duZXIiOiJQU1IwMDAxIn0sInF1ZXJ5IjoiRXhlY3V0aW5nIChkZWZhdWx0KTogREVMRVRFIEZST00gYERCX0lVUkFOYCBXSEVSRSBgSVVSQU5fQ09ERWAgPSAnSVUyMDI1MDUwOTAwMDAxJyJ9','2025-05-09 09:38:29','PSR0001'),(78,'IU2025050900004','PSR0001001','update','success','eyJ1c2VyIjp7ImlkIjoiUFNSMDAwMTAwMSIsIm5hbWUiOiJwZXR1Z2FzMSIsImxldmVsIjoiUFRHIiwib3duZXIiOiJQU1IwMDAxIn0sInF1ZXJ5IjoiRXhlY3V0aW5nIChkZWZhdWx0KTogVVBEQVRFIGBEQl9JVVJBTmAgU0VUIGBJVVJBTl9QRURBR0FOR2A9PyxgSVVSQU5fVEFOR0dBTGA9PyxgSVVSQU5fSlVNTEFIYD0/LGBJVVJBTl9TVEFUVVNgPT8sYElVUkFOX01FVE9ERV9CQVlBUmA9PyxgSVVSQU5fV0FLVFVfQkFZQVJgPT8sYElVUkFOX1VTRVJgPT8sYHVwZGF0ZWRBdGA9PyBXSEVSRSBgSVVSQU5fQ09ERWAgPSA/In0=','2025-05-09 09:55:45','PSR0001'),(79,'IU2025050900004','PSR0001001','update','success','eyJ1c2VyIjp7ImlkIjoiUFNSMDAwMTAwMSIsIm5hbWUiOiJwZXR1Z2FzMSIsImxldmVsIjoiUFRHIiwib3duZXIiOiJQU1IwMDAxIn0sInF1ZXJ5IjoiRXhlY3V0aW5nIChkZWZhdWx0KTogVVBEQVRFIGBEQl9JVVJBTmAgU0VUIGBJVVJBTl9QRURBR0FOR2A9PyxgSVVSQU5fVEFOR0dBTGA9PyxgSVVSQU5fSlVNTEFIYD0/LGBJVVJBTl9TVEFUVVNgPT8sYElVUkFOX01FVE9ERV9CQVlBUmA9PyxgSVVSQU5fV0FLVFVfQkFZQVJgPT8sYElVUkFOX1VTRVJgPT8sYHVwZGF0ZWRBdGA9PyBXSEVSRSBgSVVSQU5fQ09ERWAgPSA/In0=','2025-05-09 09:59:35','PSR0001'),(80,'IU2025050900004','PSR0001001','update','success','eyJ1c2VyIjp7ImlkIjoiUFNSMDAwMTAwMSIsIm5hbWUiOiJwZXR1Z2FzMSIsImxldmVsIjoiUFRHIiwib3duZXIiOiJQU1IwMDAxIn0sInF1ZXJ5IjoiRXhlY3V0aW5nIChkZWZhdWx0KTogVVBEQVRFIGBEQl9JVVJBTmAgU0VUIGBJVVJBTl9QRURBR0FOR2A9PyxgSVVSQU5fVEFOR0dBTGA9PyxgSVVSQU5fSlVNTEFIYD0/LGBJVVJBTl9TVEFUVVNgPT8sYElVUkFOX01FVE9ERV9CQVlBUmA9PyxgSVVSQU5fV0FLVFVfQkFZQVJgPT8sYElVUkFOX1VTRVJgPT8sYHVwZGF0ZWRBdGA9PyBXSEVSRSBgSVVSQU5fQ09ERWAgPSA/In0=','2025-05-09 10:01:51','PSR0001'),(81,'IU2025050900004','PSR0001001','update','success','eyJ1c2VyIjp7ImlkIjoiUFNSMDAwMTAwMSIsIm5hbWUiOiJwZXR1Z2FzMSIsImxldmVsIjoiUFRHIiwib3duZXIiOiJQU1IwMDAxIn0sInF1ZXJ5IjoiRXhlY3V0aW5nIChkZWZhdWx0KTogVVBEQVRFIGBEQl9JVVJBTmAgU0VUIGBJVVJBTl9QRURBR0FOR2A9PyxgSVVSQU5fVEFOR0dBTGA9PyxgSVVSQU5fSlVNTEFIYD0/LGBJVVJBTl9TVEFUVVNgPT8sYElVUkFOX01FVE9ERV9CQVlBUmA9PyxgSVVSQU5fV0FLVFVfQkFZQVJgPT8sYElVUkFOX1VTRVJgPT8sYHVwZGF0ZWRBdGA9PyBXSEVSRSBgSVVSQU5fQ09ERWAgPSA/In0=','2025-05-09 10:02:36','PSR0001'),(82,'IU2025050900005','PSR0001001','update','success','eyJ1c2VyIjp7ImlkIjoiUFNSMDAwMTAwMSIsIm5hbWUiOiJwZXR1Z2FzMSIsImxldmVsIjoiUFRHIiwib3duZXIiOiJQU1IwMDAxIn0sInF1ZXJ5IjoiRXhlY3V0aW5nIChkZWZhdWx0KTogVVBEQVRFIGBEQl9JVVJBTmAgU0VUIGBJVVJBTl9QRURBR0FOR2A9PyxgSVVSQU5fVEFOR0dBTGA9PyxgSVVSQU5fSlVNTEFIYD0/LGBJVVJBTl9TVEFUVVNgPT8sYElVUkFOX01FVE9ERV9CQVlBUmA9PyxgSVVSQU5fV0FLVFVfQkFZQVJgPT8sYElVUkFOX1VTRVJgPT8sYHVwZGF0ZWRBdGA9PyBXSEVSRSBgSVVSQU5fQ09ERWAgPSA/In0=','2025-05-09 10:12:33','PSR0001'),(83,'IU2025050900006','PSR0001001','update','success','eyJ1c2VyIjp7ImlkIjoiUFNSMDAwMTAwMSIsIm5hbWUiOiJwZXR1Z2FzMSIsImxldmVsIjoiUFRHIiwib3duZXIiOiJQU1IwMDAxIn0sInF1ZXJ5IjoiRXhlY3V0aW5nIChkZWZhdWx0KTogVVBEQVRFIGBEQl9JVVJBTmAgU0VUIGBJVVJBTl9QRURBR0FOR2A9PyxgSVVSQU5fVEFOR0dBTGA9PyxgSVVSQU5fSlVNTEFIYD0/LGBJVVJBTl9TVEFUVVNgPT8sYElVUkFOX01FVE9ERV9CQVlBUmA9PyxgSVVSQU5fV0FLVFVfQkFZQVJgPT8sYElVUkFOX1VTRVJgPT8sYHVwZGF0ZWRBdGA9PyBXSEVSRSBgSVVSQU5fQ09ERWAgPSA/In0=','2025-05-09 10:15:55','PSR0001'),(84,'IU2025050900005','PSR0001001','update','success','eyJ1c2VyIjp7ImlkIjoiUFNSMDAwMTAwMSIsIm5hbWUiOiJwZXR1Z2FzMSIsImxldmVsIjoiUFRHIiwib3duZXIiOiJQU1IwMDAxIn0sInF1ZXJ5IjoiRXhlY3V0aW5nIChkZWZhdWx0KTogVVBEQVRFIGBEQl9JVVJBTmAgU0VUIGBJVVJBTl9QRURBR0FOR2A9PyxgSVVSQU5fVEFOR0dBTGA9PyxgSVVSQU5fSlVNTEFIYD0/LGBJVVJBTl9TVEFUVVNgPT8sYElVUkFOX01FVE9ERV9CQVlBUmA9PyxgSVVSQU5fV0FLVFVfQkFZQVJgPT8sYElVUkFOX1VTRVJgPT8sYHVwZGF0ZWRBdGA9PyBXSEVSRSBgSVVSQU5fQ09ERWAgPSA/In0=','2025-05-09 10:16:04','PSR0001'),(85,'IU2025050900004','PSR0001001','update','success','eyJ1c2VyIjp7ImlkIjoiUFNSMDAwMTAwMSIsIm5hbWUiOiJwZXR1Z2FzMSIsImxldmVsIjoiUFRHIiwib3duZXIiOiJQU1IwMDAxIn0sInF1ZXJ5IjoiRXhlY3V0aW5nIChkZWZhdWx0KTogVVBEQVRFIGBEQl9JVVJBTmAgU0VUIGBJVVJBTl9QRURBR0FOR2A9PyxgSVVSQU5fVEFOR0dBTGA9PyxgSVVSQU5fSlVNTEFIYD0/LGBJVVJBTl9TVEFUVVNgPT8sYElVUkFOX01FVE9ERV9CQVlBUmA9PyxgSVVSQU5fV0FLVFVfQkFZQVJgPT8sYElVUkFOX1VTRVJgPT8sYHVwZGF0ZWRBdGA9PyBXSEVSRSBgSVVSQU5fQ09ERWAgPSA/In0=','2025-05-09 10:16:09','PSR0001'),(86,'IU2025050900007','PSR0001001','delete','success','eyJ1c2VyIjp7ImlkIjoiUFNSMDAwMTAwMSIsIm5hbWUiOiJwZXR1Z2FzMSIsImxldmVsIjoiUFRHIiwib3duZXIiOiJQU1IwMDAxIn0sInF1ZXJ5IjoiRXhlY3V0aW5nIChkZWZhdWx0KTogREVMRVRFIEZST00gYERCX0lVUkFOYCBXSEVSRSBgSVVSQU5fQ09ERWAgPSAnSVUyMDI1MDUwOTAwMDA3JyJ9','2025-05-09 11:13:28','PSR0001'),(87,NULL,'USR001','update','success','eyJ1c2VyIjp7ImlkIjoiVVNSMDAxIiwibmFtZSI6InN1cGVyYWRtaW4iLCJsZXZlbCI6IlNVQSIsIm93bmVyIjoiUFNSMDAwNCJ9fQ==','2025-05-09 11:18:00','PSR0004'),(88,'PSR0018','USR001','delete','success','eyJ1c2VyIjp7ImlkIjoiVVNSMDAxIiwibmFtZSI6InN1cGVyYWRtaW4iLCJsZXZlbCI6IlNVQSIsIm93bmVyIjoiUFNSMDAwNCJ9LCJxdWVyeSI6IkV4ZWN1dGluZyAoZGVmYXVsdCk6IERFTEVURSBGUk9NIGBkYXRhX3Bhc2Fyc2AgV0hFUkUgYHBhc2FyX2NvZGVgID0gJ1BTUjAwMTgnIn0=','2025-05-09 11:18:43','PSR0004'),(89,NULL,'PSR0001002','update','success','eyJ1c2VyIjp7ImlkIjoiUFNSMDAwMTAwMiIsIm5hbWUiOiJwZXR1Z2FzNCIsImxldmVsIjoiUFRHIiwib3duZXIiOiJQU1IwMDAxIn0sInF1ZXJ5IjoiRXhlY3V0aW5nIChkZWZhdWx0KTogVVBEQVRFIGBEQl9JVVJBTmAgU0VUIGBJVVJBTl9QRURBR0FOR2A9PyxgSVVSQU5fVEFOR0dBTGA9PyxgSVVSQU5fSlVNTEFIYD0/LGBJVVJBTl9TVEFUVVNgPT8sYElVUkFOX01FVE9ERV9CQVlBUmA9PyxgSVVSQU5fV0FLVFVfQkFZQVJgPT8sYElVUkFOX1VTRVJgPT8sYHVwZGF0ZWRBdGA9PyBXSEVSRSBgSVVSQU5fQ09ERWAgPSA/In0=','2025-05-09 17:01:50','PSR0001'),(90,NULL,'PSR0001002','update','success','eyJ1c2VyIjp7ImlkIjoiUFNSMDAwMTAwMiIsIm5hbWUiOiJwZXR1Z2FzNCIsImxldmVsIjoiUFRHIiwib3duZXIiOiJQU1IwMDAxIn0sInF1ZXJ5IjoiRXhlY3V0aW5nIChkZWZhdWx0KTogVVBEQVRFIGBEQl9JVVJBTmAgU0VUIGBJVVJBTl9QRURBR0FOR2A9PyxgSVVSQU5fVEFOR0dBTGA9PyxgSVVSQU5fSlVNTEFIYD0/LGBJVVJBTl9TVEFUVVNgPT8sYElVUkFOX01FVE9ERV9CQVlBUmA9PyxgSVVSQU5fV0FLVFVfQkFZQVJgPT8sYElVUkFOX1VTRVJgPT8sYHVwZGF0ZWRBdGA9PyBXSEVSRSBgSVVSQU5fQ09ERWAgPSA/In0=','2025-05-09 17:01:59','PSR0001'),(91,NULL,'PSR0001002','update','success','eyJ1c2VyIjp7ImlkIjoiUFNSMDAwMTAwMiIsIm5hbWUiOiJwZXR1Z2FzNCIsImxldmVsIjoiUFRHIiwib3duZXIiOiJQU1IwMDAxIn0sInF1ZXJ5IjoiRXhlY3V0aW5nIChkZWZhdWx0KTogVVBEQVRFIGBEQl9JVVJBTmAgU0VUIGBJVVJBTl9QRURBR0FOR2A9PyxgSVVSQU5fVEFOR0dBTGA9PyxgSVVSQU5fSlVNTEFIYD0/LGBJVVJBTl9TVEFUVVNgPT8sYElVUkFOX01FVE9ERV9CQVlBUmA9PyxgSVVSQU5fV0FLVFVfQkFZQVJgPT8sYElVUkFOX1VTRVJgPT8sYHVwZGF0ZWRBdGA9PyBXSEVSRSBgSVVSQU5fQ09ERWAgPSA/In0=','2025-05-09 17:02:09','PSR0001'),(92,NULL,'PSR0001002','update','success','eyJ1c2VyIjp7ImlkIjoiUFNSMDAwMTAwMiIsIm5hbWUiOiJwZXR1Z2FzNCIsImxldmVsIjoiUFRHIiwib3duZXIiOiJQU1IwMDAxIn0sInF1ZXJ5IjoiRXhlY3V0aW5nIChkZWZhdWx0KTogVVBEQVRFIGBEQl9JVVJBTmAgU0VUIGBJVVJBTl9QRURBR0FOR2A9PyxgSVVSQU5fVEFOR0dBTGA9PyxgSVVSQU5fSlVNTEFIYD0/LGBJVVJBTl9TVEFUVVNgPT8sYElVUkFOX01FVE9ERV9CQVlBUmA9PyxgSVVSQU5fV0FLVFVfQkFZQVJgPT8sYElVUkFOX1VTRVJgPT8sYHVwZGF0ZWRBdGA9PyBXSEVSRSBgSVVSQU5fQ09ERWAgPSA/In0=','2025-05-09 17:02:15','PSR0001'),(93,NULL,'PSR0001002','update','success','eyJ1c2VyIjp7ImlkIjoiUFNSMDAwMTAwMiIsIm5hbWUiOiJwZXR1Z2FzNCIsImxldmVsIjoiUFRHIiwib3duZXIiOiJQU1IwMDAxIn0sInF1ZXJ5IjoiRXhlY3V0aW5nIChkZWZhdWx0KTogVVBEQVRFIGBEQl9JVVJBTmAgU0VUIGBJVVJBTl9QRURBR0FOR2A9PyxgSVVSQU5fVEFOR0dBTGA9PyxgSVVSQU5fSlVNTEFIYD0/LGBJVVJBTl9TVEFUVVNgPT8sYElVUkFOX01FVE9ERV9CQVlBUmA9PyxgSVVSQU5fV0FLVFVfQkFZQVJgPT8sYElVUkFOX1VTRVJgPT8sYHVwZGF0ZWRBdGA9PyBXSEVSRSBgSVVSQU5fQ09ERWAgPSA/In0=','2025-05-09 17:02:20','PSR0001'),(94,NULL,'PSR0001002','update','success','eyJ1c2VyIjp7ImlkIjoiUFNSMDAwMTAwMiIsIm5hbWUiOiJwZXR1Z2FzNCIsImxldmVsIjoiUFRHIiwib3duZXIiOiJQU1IwMDAxIn0sInF1ZXJ5IjoiRXhlY3V0aW5nIChkZWZhdWx0KTogVVBEQVRFIGBEQl9JVVJBTmAgU0VUIGBJVVJBTl9QRURBR0FOR2A9PyxgSVVSQU5fVEFOR0dBTGA9PyxgSVVSQU5fSlVNTEFIYD0/LGBJVVJBTl9TVEFUVVNgPT8sYElVUkFOX01FVE9ERV9CQVlBUmA9PyxgSVVSQU5fV0FLVFVfQkFZQVJgPT8sYElVUkFOX1VTRVJgPT8sYHVwZGF0ZWRBdGA9PyBXSEVSRSBgSVVSQU5fQ09ERWAgPSA/In0=','2025-05-09 17:02:29','PSR0001'),(95,NULL,'PSR0001002','update','success','eyJ1c2VyIjp7ImlkIjoiUFNSMDAwMTAwMiIsIm5hbWUiOiJwZXR1Z2FzNCIsImxldmVsIjoiUFRHIiwib3duZXIiOiJQU1IwMDAxIn0sInF1ZXJ5IjoiRXhlY3V0aW5nIChkZWZhdWx0KTogVVBEQVRFIGBEQl9JVVJBTmAgU0VUIGBJVVJBTl9QRURBR0FOR2A9PyxgSVVSQU5fVEFOR0dBTGA9PyxgSVVSQU5fSlVNTEFIYD0/LGBJVVJBTl9TVEFUVVNgPT8sYElVUkFOX01FVE9ERV9CQVlBUmA9PyxgSVVSQU5fV0FLVFVfQkFZQVJgPT8sYElVUkFOX1VTRVJgPT8sYHVwZGF0ZWRBdGA9PyBXSEVSRSBgSVVSQU5fQ09ERWAgPSA/In0=','2025-05-09 17:02:38','PSR0001'),(96,NULL,'PSR0001002','update','success','eyJ1c2VyIjp7ImlkIjoiUFNSMDAwMTAwMiIsIm5hbWUiOiJwZXR1Z2FzNCIsImxldmVsIjoiUFRHIiwib3duZXIiOiJQU1IwMDAxIn0sInF1ZXJ5IjoiRXhlY3V0aW5nIChkZWZhdWx0KTogVVBEQVRFIGBEQl9JVVJBTmAgU0VUIGBJVVJBTl9QRURBR0FOR2A9PyxgSVVSQU5fVEFOR0dBTGA9PyxgSVVSQU5fSlVNTEFIYD0/LGBJVVJBTl9TVEFUVVNgPT8sYElVUkFOX01FVE9ERV9CQVlBUmA9PyxgSVVSQU5fV0FLVFVfQkFZQVJgPT8sYElVUkFOX1VTRVJgPT8sYHVwZGF0ZWRBdGA9PyBXSEVSRSBgSVVSQU5fQ09ERWAgPSA/In0=','2025-05-09 17:02:45','PSR0001'),(97,NULL,'PSR0001002','update','success','eyJ1c2VyIjp7ImlkIjoiUFNSMDAwMTAwMiIsIm5hbWUiOiJwZXR1Z2FzNCIsImxldmVsIjoiUFRHIiwib3duZXIiOiJQU1IwMDAxIn0sInF1ZXJ5IjoiRXhlY3V0aW5nIChkZWZhdWx0KTogVVBEQVRFIGBEQl9JVVJBTmAgU0VUIGBJVVJBTl9QRURBR0FOR2A9PyxgSVVSQU5fVEFOR0dBTGA9PyxgSVVSQU5fSlVNTEFIYD0/LGBJVVJBTl9TVEFUVVNgPT8sYElVUkFOX01FVE9ERV9CQVlBUmA9PyxgSVVSQU5fV0FLVFVfQkFZQVJgPT8sYElVUkFOX1VTRVJgPT8sYHVwZGF0ZWRBdGA9PyBXSEVSRSBgSVVSQU5fQ09ERWAgPSA/In0=','2025-05-09 17:02:49','PSR0001'),(98,NULL,'PSR0001002','update','success','eyJ1c2VyIjp7ImlkIjoiUFNSMDAwMTAwMiIsIm5hbWUiOiJwZXR1Z2FzNCIsImxldmVsIjoiUFRHIiwib3duZXIiOiJQU1IwMDAxIn0sInF1ZXJ5IjoiRXhlY3V0aW5nIChkZWZhdWx0KTogVVBEQVRFIGBEQl9JVVJBTmAgU0VUIGBJVVJBTl9QRURBR0FOR2A9PyxgSVVSQU5fVEFOR0dBTGA9PyxgSVVSQU5fSlVNTEFIYD0/LGBJVVJBTl9TVEFUVVNgPT8sYElVUkFOX01FVE9ERV9CQVlBUmA9PyxgSVVSQU5fV0FLVFVfQkFZQVJgPT8sYElVUkFOX1VTRVJgPT8sYHVwZGF0ZWRBdGA9PyBXSEVSRSBgSVVSQU5fQ09ERWAgPSA/In0=','2025-05-09 17:02:56','PSR0001'),(99,'IU2025050900003','PSR0001002','delete','success','eyJ1c2VyIjp7ImlkIjoiUFNSMDAwMTAwMiIsIm5hbWUiOiJwZXR1Z2FzNCIsImxldmVsIjoiUFRHIiwib3duZXIiOiJQU1IwMDAxIn0sInF1ZXJ5IjoiRXhlY3V0aW5nIChkZWZhdWx0KTogREVMRVRFIEZST00gYERCX0lVUkFOYCBXSEVSRSBgSVVSQU5fQ09ERWAgPSAnSVUyMDI1MDUwOTAwMDAzJyJ9','2025-05-09 17:03:43','PSR0001'),(100,'IU2025050900002','PSR0001002','delete','success','eyJ1c2VyIjp7ImlkIjoiUFNSMDAwMTAwMiIsIm5hbWUiOiJwZXR1Z2FzNCIsImxldmVsIjoiUFRHIiwib3duZXIiOiJQU1IwMDAxIn0sInF1ZXJ5IjoiRXhlY3V0aW5nIChkZWZhdWx0KTogREVMRVRFIEZST00gYERCX0lVUkFOYCBXSEVSRSBgSVVSQU5fQ09ERWAgPSAnSVUyMDI1MDUwOTAwMDAyJyJ9','2025-05-09 17:03:53','PSR0001'),(101,NULL,'PSR0001002','update','success','eyJ1c2VyIjp7ImlkIjoiUFNSMDAwMTAwMiIsIm5hbWUiOiJwZXR1Z2FzNCIsImxldmVsIjoiUFRHIiwib3duZXIiOiJQU1IwMDAxIn0sInF1ZXJ5IjoiRXhlY3V0aW5nIChkZWZhdWx0KTogVVBEQVRFIGBEQl9JVVJBTmAgU0VUIGBJVVJBTl9QRURBR0FOR2A9PyxgSVVSQU5fVEFOR0dBTGA9PyxgSVVSQU5fSlVNTEFIYD0/LGBJVVJBTl9TVEFUVVNgPT8sYElVUkFOX01FVE9ERV9CQVlBUmA9PyxgSVVSQU5fV0FLVFVfQkFZQVJgPT8sYElVUkFOX1VTRVJgPT8sYHVwZGF0ZWRBdGA9PyBXSEVSRSBgSVVSQU5fQ09ERWAgPSA/In0=','2025-05-10 15:17:37','PSR0001'),(102,'PSR0002LAP001','PSR0002001','create','success','eyJ1c2VyIjp7ImlkIjoiUFNSMDAwMjAwMSIsIm5hbWUiOiJwZXR1Z2FzMTEiLCJsZXZlbCI6IlBURyIsIm93bmVyIjoiUFNSMDAwMiJ9LCJxdWVyeSI6IkV4ZWN1dGluZyAoZGVmYXVsdCk6IElOU0VSVCBJTlRPIGBEQl9MQVBBS2AgKGBMQVBBS19DT0RFYCxgTEFQQUtfTkFNQWAsYExBUEFLX0JMT0tgLGBMQVBBS19VS1VSQU5gLGBMQVBBS19UWVBFYCxgTEFQQUtfUEVOWUVXQWAsYExBUEFLX01VTEFJYCxgTEFQQUtfQUtISVJgLGBMQVBBS19TVEFUVVNgLGBMQVBBS19PV05FUmAsYGNyZWF0ZWRBdGAsYHVwZGF0ZWRBdGApIFZBTFVFUyAoPyw/LD8sPyw/LD8sPyw/LD8sPyw/LD8pOyJ9','2025-05-10 17:19:44','PSR0002'),(103,'PSR0002LAP002','PSR0002001','create','success','eyJ1c2VyIjp7ImlkIjoiUFNSMDAwMjAwMSIsIm5hbWUiOiJwZXR1Z2FzMTEiLCJsZXZlbCI6IlBURyIsIm93bmVyIjoiUFNSMDAwMiJ9LCJxdWVyeSI6IkV4ZWN1dGluZyAoZGVmYXVsdCk6IElOU0VSVCBJTlRPIGBEQl9MQVBBS2AgKGBMQVBBS19DT0RFYCxgTEFQQUtfTkFNQWAsYExBUEFLX0JMT0tgLGBMQVBBS19VS1VSQU5gLGBMQVBBS19UWVBFYCxgTEFQQUtfUEVOWUVXQWAsYExBUEFLX01VTEFJYCxgTEFQQUtfQUtISVJgLGBMQVBBS19TVEFUVVNgLGBMQVBBS19PV05FUmAsYGNyZWF0ZWRBdGAsYHVwZGF0ZWRBdGApIFZBTFVFUyAoPyw/LD8sPyw/LD8sPyw/LD8sPyw/LD8pOyJ9','2025-05-10 17:19:57','PSR0002'),(104,'TYPE005','PSR0002001','create','success','eyJ1c2VyIjp7ImlkIjoiUFNSMDAwMjAwMSIsIm5hbWUiOiJwZXR1Z2FzMTEiLCJsZXZlbCI6IlBURyIsIm93bmVyIjoiUFNSMDAwMiJ9LCJxdWVyeSI6IkV4ZWN1dGluZyAoZGVmYXVsdCk6IElOU0VSVCBJTlRPIGBEQl9UWVBFX0xBUEFLYCAoYFRZUEVfQ09ERWAsYFRZUEVfTkFNQWApIFZBTFVFUyAoPyw/KTsifQ==','2025-05-10 17:20:04','PSR0002'),(105,'CUST00002','PSR0002001','create','success','eyJ1c2VyIjp7ImlkIjoiUFNSMDAwMjAwMSIsIm5hbWUiOiJwZXR1Z2FzMTEiLCJsZXZlbCI6IlBURyIsIm93bmVyIjoiUFNSMDAwMiJ9LCJxdWVyeSI6IkV4ZWN1dGluZyAoNTQzMzljMjgtZjI0OS00MGRiLTliM2ItYzQ3NzcyNDU1ZGEyKTogSU5TRVJUIElOVE8gYERCX1BFREFHQU5HYCAoYENVU1RfQ09ERWAsYENVU1RfTkFNQWAsYENVU1RfTklLYCxgQ1VTVF9QSE9ORWAsYENVU1RfT1dORVJgLGBDVVNUX0lVUkFOYCxgQ1VTVF9TVEFUVVNgLGBjcmVhdGVkQXRgLGB1cGRhdGVkQXRgKSBWQUxVRVMgKD8sPyw/LD8sPyw/LD8sPyw/KTsifQ==','2025-05-10 17:21:13','PSR0002'),(106,'PSR0002LAP001','PSR0002001','update','success','eyJ1c2VyIjp7ImlkIjoiUFNSMDAwMjAwMSIsIm5hbWUiOiJwZXR1Z2FzMTEiLCJsZXZlbCI6IlBURyIsIm93bmVyIjoiUFNSMDAwMiJ9LCJxdWVyeSI6IkV4ZWN1dGluZyAoZGVmYXVsdCk6IFVQREFURSBgREJfTEFQQUtgIFNFVCBgTEFQQUtfU1RBVFVTYD0/LGBMQVBBS19QRU5ZRVdBYD0/LGBMQVBBS19NVUxBSWA9PyxgTEFQQUtfQUtISVJgPT8sYHVwZGF0ZWRBdGA9PyBXSEVSRSBgTEFQQUtfQ09ERWAgPSA/In0=','2025-05-10 17:21:13','PSR0002'),(107,'CUST00003','PSR0002001','create','success','eyJ1c2VyIjp7ImlkIjoiUFNSMDAwMjAwMSIsIm5hbWUiOiJwZXR1Z2FzMTEiLCJsZXZlbCI6IlBURyIsIm93bmVyIjoiUFNSMDAwMiJ9LCJxdWVyeSI6IkV4ZWN1dGluZyAoMzVlMzExYTctMzU1MC00YzdkLWJkZjItMDYwOGFhNjdjZGQ2KTogSU5TRVJUIElOVE8gYERCX1BFREFHQU5HYCAoYENVU1RfQ09ERWAsYENVU1RfTkFNQWAsYENVU1RfTklLYCxgQ1VTVF9QSE9ORWAsYENVU1RfT1dORVJgLGBDVVNUX0lVUkFOYCxgQ1VTVF9TVEFUVVNgLGBjcmVhdGVkQXRgLGB1cGRhdGVkQXRgKSBWQUxVRVMgKD8sPyw/LD8sPyw/LD8sPyw/KTsifQ==','2025-05-10 17:22:36','PSR0002'),(108,'PSR0002LAP002','PSR0002001','update','success','eyJ1c2VyIjp7ImlkIjoiUFNSMDAwMjAwMSIsIm5hbWUiOiJwZXR1Z2FzMTEiLCJsZXZlbCI6IlBURyIsIm93bmVyIjoiUFNSMDAwMiJ9LCJxdWVyeSI6IkV4ZWN1dGluZyAoZGVmYXVsdCk6IFVQREFURSBgREJfTEFQQUtgIFNFVCBgTEFQQUtfU1RBVFVTYD0/LGBMQVBBS19QRU5ZRVdBYD0/LGBMQVBBS19NVUxBSWA9PyxgTEFQQUtfQUtISVJgPT8sYHVwZGF0ZWRBdGA9PyBXSEVSRSBgTEFQQUtfQ09ERWAgPSA/In0=','2025-05-10 17:22:36','PSR0002'),(109,NULL,'PSR0002001','update','success','eyJ1c2VyIjp7ImlkIjoiUFNSMDAwMjAwMSIsIm5hbWUiOiJwZXR1Z2FzMTEiLCJsZXZlbCI6IlBURyIsIm93bmVyIjoiUFNSMDAwMiJ9LCJxdWVyeSI6IkV4ZWN1dGluZyAoZGVmYXVsdCk6IFVQREFURSBgREJfSVVSQU5gIFNFVCBgSVVSQU5fUEVEQUdBTkdgPT8sYElVUkFOX1RBTkdHQUxgPT8sYElVUkFOX0pVTUxBSGA9PyxgSVVSQU5fU1RBVFVTYD0/LGBJVVJBTl9NRVRPREVfQkFZQVJgPT8sYElVUkFOX1dBS1RVX0JBWUFSYD0/LGBJVVJBTl9VU0VSYD0/LGB1cGRhdGVkQXRgPT8gV0hFUkUgYElVUkFOX0NPREVgID0gPyJ9','2025-05-10 17:23:18','PSR0002'),(110,NULL,'PSR0002001','update','success','eyJ1c2VyIjp7ImlkIjoiUFNSMDAwMjAwMSIsIm5hbWUiOiJwZXR1Z2FzMTEiLCJsZXZlbCI6IlBURyIsIm93bmVyIjoiUFNSMDAwMiJ9LCJxdWVyeSI6IkV4ZWN1dGluZyAoZGVmYXVsdCk6IFVQREFURSBgREJfSVVSQU5gIFNFVCBgSVVSQU5fUEVEQUdBTkdgPT8sYElVUkFOX1RBTkdHQUxgPT8sYElVUkFOX0pVTUxBSGA9PyxgSVVSQU5fU1RBVFVTYD0/LGBJVVJBTl9NRVRPREVfQkFZQVJgPT8sYElVUkFOX1dBS1RVX0JBWUFSYD0/LGBJVVJBTl9VU0VSYD0/LGB1cGRhdGVkQXRgPT8gV0hFUkUgYElVUkFOX0NPREVgID0gPyJ9','2025-05-10 17:23:36','PSR0002'),(111,NULL,'PSR0002001','update','success','eyJ1c2VyIjp7ImlkIjoiUFNSMDAwMjAwMSIsIm5hbWUiOiJwZXR1Z2FzMTEiLCJsZXZlbCI6IlBURyIsIm93bmVyIjoiUFNSMDAwMiJ9LCJxdWVyeSI6IkV4ZWN1dGluZyAoZGVmYXVsdCk6IFVQREFURSBgREJfSVVSQU5gIFNFVCBgSVVSQU5fUEVEQUdBTkdgPT8sYElVUkFOX1RBTkdHQUxgPT8sYElVUkFOX0pVTUxBSGA9PyxgSVVSQU5fU1RBVFVTYD0/LGBJVVJBTl9NRVRPREVfQkFZQVJgPT8sYElVUkFOX1dBS1RVX0JBWUFSYD0/LGBJVVJBTl9VU0VSYD0/LGB1cGRhdGVkQXRgPT8gV0hFUkUgYElVUkFOX0NPREVgID0gPyJ9','2025-05-10 17:23:43','PSR0002'),(112,'IU2025051100008','PSR0001002','delete','success','eyJ1c2VyIjp7ImlkIjoiUFNSMDAwMTAwMiIsIm5hbWUiOiJwZXR1Z2FzNCIsImxldmVsIjoiUFRHIiwib3duZXIiOiJQU1IwMDAxIn0sInF1ZXJ5IjoiRXhlY3V0aW5nIChkZWZhdWx0KTogREVMRVRFIEZST00gYERCX0lVUkFOYCBXSEVSRSBgSVVSQU5fQ09ERWAgPSAnSVUyMDI1MDUxMTAwMDA4JyJ9','2025-05-10 17:24:29','PSR0001'),(113,'IU2025051100007','PSR0001002','delete','success','eyJ1c2VyIjp7ImlkIjoiUFNSMDAwMTAwMiIsIm5hbWUiOiJwZXR1Z2FzNCIsImxldmVsIjoiUFRHIiwib3duZXIiOiJQU1IwMDAxIn0sInF1ZXJ5IjoiRXhlY3V0aW5nIChkZWZhdWx0KTogREVMRVRFIEZST00gYERCX0lVUkFOYCBXSEVSRSBgSVVSQU5fQ09ERWAgPSAnSVUyMDI1MDUxMTAwMDA3JyJ9','2025-05-10 17:24:31','PSR0001'),(114,'IU2025051100005','PSR0001002','delete','success','eyJ1c2VyIjp7ImlkIjoiUFNSMDAwMTAwMiIsIm5hbWUiOiJwZXR1Z2FzNCIsImxldmVsIjoiUFRHIiwib3duZXIiOiJQU1IwMDAxIn0sInF1ZXJ5IjoiRXhlY3V0aW5nIChkZWZhdWx0KTogREVMRVRFIEZST00gYERCX0lVUkFOYCBXSEVSRSBgSVVSQU5fQ09ERWAgPSAnSVUyMDI1MDUxMTAwMDA1JyJ9','2025-05-10 17:24:33','PSR0001'),(115,NULL,'PSR0001002','update','success','eyJ1c2VyIjp7ImlkIjoiUFNSMDAwMTAwMiIsIm5hbWUiOiJwZXR1Z2FzNCIsImxldmVsIjoiUFRHIiwib3duZXIiOiJQU1IwMDAxIn0sInF1ZXJ5IjoiRXhlY3V0aW5nIChkZWZhdWx0KTogVVBEQVRFIGBEQl9JVVJBTmAgU0VUIGBJVVJBTl9QRURBR0FOR2A9PyxgSVVSQU5fVEFOR0dBTGA9PyxgSVVSQU5fSlVNTEFIYD0/LGBJVVJBTl9TVEFUVVNgPT8sYElVUkFOX01FVE9ERV9CQVlBUmA9PyxgSVVSQU5fV0FLVFVfQkFZQVJgPT8sYElVUkFOX1VTRVJgPT8sYHVwZGF0ZWRBdGA9PyBXSEVSRSBgSVVSQU5fQ09ERWAgPSA/In0=','2025-05-10 17:24:43','PSR0001'),(116,'PSR0002LAP003','PSR0002001','create','success','eyJ1c2VyIjp7ImlkIjoiUFNSMDAwMjAwMSIsIm5hbWUiOiJwZXR1Z2FzMTEiLCJsZXZlbCI6IlBURyIsIm93bmVyIjoiUFNSMDAwMiJ9LCJxdWVyeSI6IkV4ZWN1dGluZyAoZGVmYXVsdCk6IElOU0VSVCBJTlRPIGBEQl9MQVBBS2AgKGBMQVBBS19DT0RFYCxgTEFQQUtfTkFNQWAsYExBUEFLX0JMT0tgLGBMQVBBS19VS1VSQU5gLGBMQVBBS19UWVBFYCxgTEFQQUtfUEVOWUVXQWAsYExBUEFLX01VTEFJYCxgTEFQQUtfQUtISVJgLGBMQVBBS19TVEFUVVNgLGBMQVBBS19PV05FUmAsYGNyZWF0ZWRBdGAsYHVwZGF0ZWRBdGApIFZBTFVFUyAoPyw/LD8sPyw/LD8sPyw/LD8sPyw/LD8pOyJ9','2025-05-11 00:49:06','PSR0002'),(117,'CUST00004','PSR0002001','create','success','eyJ1c2VyIjp7ImlkIjoiUFNSMDAwMjAwMSIsIm5hbWUiOiJwZXR1Z2FzMTEiLCJsZXZlbCI6IlBURyIsIm93bmVyIjoiUFNSMDAwMiJ9LCJxdWVyeSI6IkV4ZWN1dGluZyAoODMxY2EyZTItNzg0My00ZDFiLTkyNzMtNmU4YzNmMTU1OWQyKTogSU5TRVJUIElOVE8gYERCX1BFREFHQU5HYCAoYENVU1RfQ09ERWAsYENVU1RfTkFNQWAsYENVU1RfTklLYCxgQ1VTVF9QSE9ORWAsYENVU1RfT1dORVJgLGBDVVNUX0lVUkFOYCxgQ1VTVF9TVEFUVVNgLGBjcmVhdGVkQXRgLGB1cGRhdGVkQXRgKSBWQUxVRVMgKD8sPyw/LD8sPyw/LD8sPyw/KTsifQ==','2025-05-11 00:49:59','PSR0002'),(118,'PSR0002LAP003','PSR0002001','update','success','eyJ1c2VyIjp7ImlkIjoiUFNSMDAwMjAwMSIsIm5hbWUiOiJwZXR1Z2FzMTEiLCJsZXZlbCI6IlBURyIsIm93bmVyIjoiUFNSMDAwMiJ9LCJxdWVyeSI6IkV4ZWN1dGluZyAoZGVmYXVsdCk6IFVQREFURSBgREJfTEFQQUtgIFNFVCBgTEFQQUtfU1RBVFVTYD0/LGBMQVBBS19QRU5ZRVdBYD0/LGBMQVBBS19NVUxBSWA9PyxgTEFQQUtfQUtISVJgPT8sYHVwZGF0ZWRBdGA9PyBXSEVSRSBgTEFQQUtfQ09ERWAgPSA/In0=','2025-05-11 00:49:59','PSR0002'),(119,'IU2025051100013','PSR0002001','delete','success','eyJ1c2VyIjp7ImlkIjoiUFNSMDAwMjAwMSIsIm5hbWUiOiJwZXR1Z2FzMTEiLCJsZXZlbCI6IlBURyIsIm93bmVyIjoiUFNSMDAwMiJ9LCJxdWVyeSI6IkV4ZWN1dGluZyAoZGVmYXVsdCk6IERFTEVURSBGUk9NIGBEQl9JVVJBTmAgV0hFUkUgYElVUkFOX0NPREVgID0gJ0lVMjAyNTA1MTEwMDAxMycifQ==','2025-05-11 00:51:18','PSR0002'),(120,'IU2025051100016','PSR0002001','delete','success','eyJ1c2VyIjp7ImlkIjoiUFNSMDAwMjAwMSIsIm5hbWUiOiJwZXR1Z2FzMTEiLCJsZXZlbCI6IlBURyIsIm93bmVyIjoiUFNSMDAwMiJ9LCJxdWVyeSI6IkV4ZWN1dGluZyAoZGVmYXVsdCk6IERFTEVURSBGUk9NIGBEQl9JVVJBTmAgV0hFUkUgYElVUkFOX0NPREVgID0gJ0lVMjAyNTA1MTEwMDAxNicifQ==','2025-05-11 00:51:20','PSR0002'),(121,'IU2025051100012','PSR0002001','delete','success','eyJ1c2VyIjp7ImlkIjoiUFNSMDAwMjAwMSIsIm5hbWUiOiJwZXR1Z2FzMTEiLCJsZXZlbCI6IlBURyIsIm93bmVyIjoiUFNSMDAwMiJ9LCJxdWVyeSI6IkV4ZWN1dGluZyAoZGVmYXVsdCk6IERFTEVURSBGUk9NIGBEQl9JVVJBTmAgV0hFUkUgYElVUkFOX0NPREVgID0gJ0lVMjAyNTA1MTEwMDAxMicifQ==','2025-05-11 00:51:22','PSR0002'),(122,'IU2025051100015','PSR0002001','delete','success','eyJ1c2VyIjp7ImlkIjoiUFNSMDAwMjAwMSIsIm5hbWUiOiJwZXR1Z2FzMTEiLCJsZXZlbCI6IlBURyIsIm93bmVyIjoiUFNSMDAwMiJ9LCJxdWVyeSI6IkV4ZWN1dGluZyAoZGVmYXVsdCk6IERFTEVURSBGUk9NIGBEQl9JVVJBTmAgV0hFUkUgYElVUkFOX0NPREVgID0gJ0lVMjAyNTA1MTEwMDAxNScifQ==','2025-05-11 00:51:24','PSR0002'),(123,NULL,'PSR0002001','update','success','eyJ1c2VyIjp7ImlkIjoiUFNSMDAwMjAwMSIsIm5hbWUiOiJwZXR1Z2FzMTEiLCJsZXZlbCI6IlBURyIsIm93bmVyIjoiUFNSMDAwMiJ9LCJxdWVyeSI6IkV4ZWN1dGluZyAoZGVmYXVsdCk6IFVQREFURSBgREJfSVVSQU5gIFNFVCBgSVVSQU5fUEVEQUdBTkdgPT8sYElVUkFOX1RBTkdHQUxgPT8sYElVUkFOX0pVTUxBSGA9PyxgSVVSQU5fU1RBVFVTYD0/LGBJVVJBTl9NRVRPREVfQkFZQVJgPT8sYElVUkFOX1dBS1RVX0JBWUFSYD0/LGBJVVJBTl9VU0VSYD0/LGB1cGRhdGVkQXRgPT8gV0hFUkUgYElVUkFOX0NPREVgID0gPyJ9','2025-05-11 00:51:37','PSR0002'),(124,'IU2025051100014','USR001','delete','success','eyJ1c2VyIjp7ImlkIjoiVVNSMDAxIiwibmFtZSI6InN1cGVyYWRtaW4iLCJsZXZlbCI6IlNVQSIsIm93bmVyIjoiUFNSMDAwNCJ9LCJxdWVyeSI6IkV4ZWN1dGluZyAoZGVmYXVsdCk6IERFTEVURSBGUk9NIGBEQl9JVVJBTmAgV0hFUkUgYElVUkFOX0NPREVgID0gJ0lVMjAyNTA1MTEwMDAxNCcifQ==','2025-05-11 00:52:06','PSR0004'),(125,'IU2025051100011','USR001','delete','success','eyJ1c2VyIjp7ImlkIjoiVVNSMDAxIiwibmFtZSI6InN1cGVyYWRtaW4iLCJsZXZlbCI6IlNVQSIsIm93bmVyIjoiUFNSMDAwNCJ9LCJxdWVyeSI6IkV4ZWN1dGluZyAoZGVmYXVsdCk6IERFTEVURSBGUk9NIGBEQl9JVVJBTmAgV0hFUkUgYElVUkFOX0NPREVgID0gJ0lVMjAyNTA1MTEwMDAxMScifQ==','2025-05-11 00:52:09','PSR0004'),(126,'IU2025051100006','USR001','delete','success','eyJ1c2VyIjp7ImlkIjoiVVNSMDAxIiwibmFtZSI6InN1cGVyYWRtaW4iLCJsZXZlbCI6IlNVQSIsIm93bmVyIjoiUFNSMDAwNCJ9LCJxdWVyeSI6IkV4ZWN1dGluZyAoZGVmYXVsdCk6IERFTEVURSBGUk9NIGBEQl9JVVJBTmAgV0hFUkUgYElVUkFOX0NPREVgID0gJ0lVMjAyNTA1MTEwMDAwNicifQ==','2025-05-11 00:52:22','PSR0004'),(127,'IU2025051100004','USR001','delete','success','eyJ1c2VyIjp7ImlkIjoiVVNSMDAxIiwibmFtZSI6InN1cGVyYWRtaW4iLCJsZXZlbCI6IlNVQSIsIm93bmVyIjoiUFNSMDAwNCJ9LCJxdWVyeSI6IkV4ZWN1dGluZyAoZGVmYXVsdCk6IERFTEVURSBGUk9NIGBEQl9JVVJBTmAgV0hFUkUgYElVUkFOX0NPREVgID0gJ0lVMjAyNTA1MTEwMDAwNCcifQ==','2025-05-11 00:52:24','PSR0004'),(128,'IU2025051100003','USR001','delete','success','eyJ1c2VyIjp7ImlkIjoiVVNSMDAxIiwibmFtZSI6InN1cGVyYWRtaW4iLCJsZXZlbCI6IlNVQSIsIm93bmVyIjoiUFNSMDAwNCJ9LCJxdWVyeSI6IkV4ZWN1dGluZyAoZGVmYXVsdCk6IERFTEVURSBGUk9NIGBEQl9JVVJBTmAgV0hFUkUgYElVUkFOX0NPREVgID0gJ0lVMjAyNTA1MTEwMDAwMycifQ==','2025-05-11 00:52:26','PSR0004'),(129,'IU2025051100001','USR001','delete','success','eyJ1c2VyIjp7ImlkIjoiVVNSMDAxIiwibmFtZSI6InN1cGVyYWRtaW4iLCJsZXZlbCI6IlNVQSIsIm93bmVyIjoiUFNSMDAwNCJ9LCJxdWVyeSI6IkV4ZWN1dGluZyAoZGVmYXVsdCk6IERFTEVURSBGUk9NIGBEQl9JVVJBTmAgV0hFUkUgYElVUkFOX0NPREVgID0gJ0lVMjAyNTA1MTEwMDAwMScifQ==','2025-05-11 00:52:29','PSR0004'),(130,'IU2025051000006','USR001','delete','success','eyJ1c2VyIjp7ImlkIjoiVVNSMDAxIiwibmFtZSI6InN1cGVyYWRtaW4iLCJsZXZlbCI6IlNVQSIsIm93bmVyIjoiUFNSMDAwNCJ9LCJxdWVyeSI6IkV4ZWN1dGluZyAoZGVmYXVsdCk6IERFTEVURSBGUk9NIGBEQl9JVVJBTmAgV0hFUkUgYElVUkFOX0NPREVgID0gJ0lVMjAyNTA1MTAwMDAwNicifQ==','2025-05-11 00:52:31','PSR0004'),(131,'IU2025051000005','USR001','delete','success','eyJ1c2VyIjp7ImlkIjoiVVNSMDAxIiwibmFtZSI6InN1cGVyYWRtaW4iLCJsZXZlbCI6IlNVQSIsIm93bmVyIjoiUFNSMDAwNCJ9LCJxdWVyeSI6IkV4ZWN1dGluZyAoZGVmYXVsdCk6IERFTEVURSBGUk9NIGBEQl9JVVJBTmAgV0hFUkUgYElVUkFOX0NPREVgID0gJ0lVMjAyNTA1MTAwMDAwNScifQ==','2025-05-11 00:52:33','PSR0004'),(132,'IU2025051000004','USR001','delete','success','eyJ1c2VyIjp7ImlkIjoiVVNSMDAxIiwibmFtZSI6InN1cGVyYWRtaW4iLCJsZXZlbCI6IlNVQSIsIm93bmVyIjoiUFNSMDAwNCJ9LCJxdWVyeSI6IkV4ZWN1dGluZyAoZGVmYXVsdCk6IERFTEVURSBGUk9NIGBEQl9JVVJBTmAgV0hFUkUgYElVUkFOX0NPREVgID0gJ0lVMjAyNTA1MTAwMDAwNCcifQ==','2025-05-11 00:52:37','PSR0004'),(133,'IU2025051000003','USR001','delete','success','eyJ1c2VyIjp7ImlkIjoiVVNSMDAxIiwibmFtZSI6InN1cGVyYWRtaW4iLCJsZXZlbCI6IlNVQSIsIm93bmVyIjoiUFNSMDAwNCJ9LCJxdWVyeSI6IkV4ZWN1dGluZyAoZGVmYXVsdCk6IERFTEVURSBGUk9NIGBEQl9JVVJBTmAgV0hFUkUgYElVUkFOX0NPREVgID0gJ0lVMjAyNTA1MTAwMDAwMycifQ==','2025-05-11 00:52:39','PSR0004'),(134,'IU2025051000002','USR001','delete','success','eyJ1c2VyIjp7ImlkIjoiVVNSMDAxIiwibmFtZSI6InN1cGVyYWRtaW4iLCJsZXZlbCI6IlNVQSIsIm93bmVyIjoiUFNSMDAwNCJ9LCJxdWVyeSI6IkV4ZWN1dGluZyAoZGVmYXVsdCk6IERFTEVURSBGUk9NIGBEQl9JVVJBTmAgV0hFUkUgYElVUkFOX0NPREVgID0gJ0lVMjAyNTA1MTAwMDAwMicifQ==','2025-05-11 00:52:41','PSR0004'),(135,'PSR0002LAP004','PSR0002001','create','success','eyJ1c2VyIjp7ImlkIjoiUFNSMDAwMjAwMSIsIm5hbWUiOiJwZXR1Z2FzMTEiLCJsZXZlbCI6IlBURyIsIm93bmVyIjoiUFNSMDAwMiJ9LCJxdWVyeSI6IkV4ZWN1dGluZyAoZGVmYXVsdCk6IElOU0VSVCBJTlRPIGBEQl9MQVBBS2AgKGBMQVBBS19DT0RFYCxgTEFQQUtfTkFNQWAsYExBUEFLX0JMT0tgLGBMQVBBS19VS1VSQU5gLGBMQVBBS19UWVBFYCxgTEFQQUtfUEVOWUVXQWAsYExBUEFLX01VTEFJYCxgTEFQQUtfQUtISVJgLGBMQVBBS19TVEFUVVNgLGBMQVBBS19PV05FUmAsYGNyZWF0ZWRBdGAsYHVwZGF0ZWRBdGApIFZBTFVFUyAoPyw/LD8sPyw/LD8sPyw/LD8sPyw/LD8pOyJ9','2025-05-11 13:44:07','PSR0002'),(136,'CUST00005','PSR0002001','create','success','eyJ1c2VyIjp7ImlkIjoiUFNSMDAwMjAwMSIsIm5hbWUiOiJwZXR1Z2FzMTEiLCJsZXZlbCI6IlBURyIsIm93bmVyIjoiUFNSMDAwMiJ9LCJxdWVyeSI6IkV4ZWN1dGluZyAoODM0NTdkMTItOWZkOS00OWMzLTk0M2YtNGM5MTE1OTNlMDlmKTogSU5TRVJUIElOVE8gYERCX1BFREFHQU5HYCAoYENVU1RfQ09ERWAsYENVU1RfTkFNQWAsYENVU1RfTklLYCxgQ1VTVF9QSE9ORWAsYENVU1RfT1dORVJgLGBDVVNUX0lVUkFOYCxgQ1VTVF9TVEFUVVNgLGBjcmVhdGVkQXRgLGB1cGRhdGVkQXRgKSBWQUxVRVMgKD8sPyw/LD8sPyw/LD8sPyw/KTsifQ==','2025-05-11 13:45:36','PSR0002'),(137,'PSR0002LAP004','PSR0002001','update','success','eyJ1c2VyIjp7ImlkIjoiUFNSMDAwMjAwMSIsIm5hbWUiOiJwZXR1Z2FzMTEiLCJsZXZlbCI6IlBURyIsIm93bmVyIjoiUFNSMDAwMiJ9LCJxdWVyeSI6IkV4ZWN1dGluZyAoZGVmYXVsdCk6IFVQREFURSBgREJfTEFQQUtgIFNFVCBgTEFQQUtfU1RBVFVTYD0/LGBMQVBBS19QRU5ZRVdBYD0/LGBMQVBBS19NVUxBSWA9PyxgTEFQQUtfQUtISVJgPT8sYHVwZGF0ZWRBdGA9PyBXSEVSRSBgTEFQQUtfQ09ERWAgPSA/In0=','2025-05-11 13:45:36','PSR0002'),(138,'PSR0004002','USR001','delete','success','eyJ1c2VyIjp7ImlkIjoiVVNSMDAxIiwibmFtZSI6InN1cGVyYWRtaW4iLCJsZXZlbCI6IlNVQSIsIm93bmVyIjoiUFNSMDAwNCJ9LCJxdWVyeSI6IkV4ZWN1dGluZyAoZGVmYXVsdCk6IERFTEVURSBGUk9NIGB1c2VyYWtzZXNgIFdIRVJFIGB1c2VyX2NvZGVgID0gJ1BTUjAwMDQwMDInIn0=','2025-05-13 08:33:01','PSR0004'),(139,'PSR0004002','USR001','create','success','e30=','2025-05-13 08:37:58','PSR0004'),(140,NULL,'USR001','update','success','eyJ1c2VyIjp7ImlkIjoiVVNSMDAxIiwibmFtZSI6InN1cGVyYWRtaW4iLCJsZXZlbCI6IlNVQSIsIm93bmVyIjoiUFNSMDAwNCJ9LCJxdWVyeSI6IkV4ZWN1dGluZyAoZGVmYXVsdCk6IFVQREFURSBgREJfSVVSQU5gIFNFVCBgSVVSQU5fU1RBVFVTYD0/LGBJVVJBTl9NRVRPREVfQkFZQVJgPT8sYElVUkFOX1VTRVJgPT8sYElVUkFOX1dBS1RVX0JBWUFSYD0/LGB1cGRhdGVkQXRgPT8gV0hFUkUgYElVUkFOX0NPREVgID0gPyJ9','2025-05-15 02:35:52','PSR0004'),(141,NULL,'USR001','update','success','eyJ1c2VyIjp7ImlkIjoiVVNSMDAxIiwibmFtZSI6InN1cGVyYWRtaW4iLCJsZXZlbCI6IlNVQSIsIm93bmVyIjoiUFNSMDAwNCJ9LCJxdWVyeSI6IkV4ZWN1dGluZyAoZGVmYXVsdCk6IFVQREFURSBgREJfSVVSQU5gIFNFVCBgSVVSQU5fU1RBVFVTYD0/LGBJVVJBTl9NRVRPREVfQkFZQVJgPT8sYElVUkFOX1VTRVJgPT8sYElVUkFOX1dBS1RVX0JBWUFSYD0/LGB1cGRhdGVkQXRgPT8gV0hFUkUgYElVUkFOX0NPREVgID0gPyJ9','2025-05-15 02:35:52','PSR0004'),(142,NULL,'USR001','update','failed','eyJ1c2VyIjp7ImlkIjoiVVNSMDAxIiwibmFtZSI6InN1cGVyYWRtaW4iLCJsZXZlbCI6IlNVQSIsIm93bmVyIjoiUFNSMDAwNCJ9LCJxdWVyeSI6IkV4ZWN1dGluZyAoZGVmYXVsdCk6IFVQREFURSBgREJfSVVSQU5gIFNFVCBgSVVSQU5fU1RBVFVTYD0/LGBJVVJBTl9NRVRPREVfQkFZQVJgPT8sYElVUkFOX1VTRVJgPT8sYElVUkFOX1dBS1RVX0JBWUFSYD0/LGB1cGRhdGVkQXRgPT8gV0hFUkUgYElVUkFOX0NPREVgID0gPyJ9','2025-05-15 02:35:52','PSR0004'),(143,NULL,'USR001','update','failed','eyJ1c2VyIjp7ImlkIjoiVVNSMDAxIiwibmFtZSI6InN1cGVyYWRtaW4iLCJsZXZlbCI6IlNVQSIsIm93bmVyIjoiUFNSMDAwNCJ9LCJxdWVyeSI6IkV4ZWN1dGluZyAoZGVmYXVsdCk6IFVQREFURSBgREJfSVVSQU5gIFNFVCBgSVVSQU5fU1RBVFVTYD0/LGBJVVJBTl9NRVRPREVfQkFZQVJgPT8sYElVUkFOX1VTRVJgPT8sYElVUkFOX1dBS1RVX0JBWUFSYD0/LGB1cGRhdGVkQXRgPT8gV0hFUkUgYElVUkFOX0NPREVgID0gPyJ9','2025-05-15 02:35:52','PSR0004'),(144,NULL,'USR001','update','success','eyJ1c2VyIjp7ImlkIjoiVVNSMDAxIiwibmFtZSI6InN1cGVyYWRtaW4iLCJsZXZlbCI6IlNVQSIsIm93bmVyIjoiUFNSMDAwNCJ9LCJxdWVyeSI6IkV4ZWN1dGluZyAoZGVmYXVsdCk6IFVQREFURSBgREJfSVVSQU5gIFNFVCBgSVVSQU5fU1RBVFVTYD0/LGBJVVJBTl9NRVRPREVfQkFZQVJgPT8sYElVUkFOX1VTRVJgPT8sYElVUkFOX1dBS1RVX0JBWUFSYD0/LGB1cGRhdGVkQXRgPT8gV0hFUkUgYElVUkFOX0NPREVgID0gPyJ9','2025-05-15 02:36:10','PSR0004'),(145,NULL,'USR001','update','success','eyJ1c2VyIjp7ImlkIjoiVVNSMDAxIiwibmFtZSI6InN1cGVyYWRtaW4iLCJsZXZlbCI6IlNVQSIsIm93bmVyIjoiUFNSMDAwNCJ9LCJxdWVyeSI6IkV4ZWN1dGluZyAoZGVmYXVsdCk6IFVQREFURSBgREJfSVVSQU5gIFNFVCBgSVVSQU5fU1RBVFVTYD0/LGBJVVJBTl9NRVRPREVfQkFZQVJgPT8sYElVUkFOX1VTRVJgPT8sYElVUkFOX1dBS1RVX0JBWUFSYD0/LGB1cGRhdGVkQXRgPT8gV0hFUkUgYElVUkFOX0NPREVgID0gPyJ9','2025-05-15 02:36:10','PSR0004'),(146,NULL,'USR001','update','failed','eyJ1c2VyIjp7ImlkIjoiVVNSMDAxIiwibmFtZSI6InN1cGVyYWRtaW4iLCJsZXZlbCI6IlNVQSIsIm93bmVyIjoiUFNSMDAwNCJ9LCJxdWVyeSI6IkV4ZWN1dGluZyAoZGVmYXVsdCk6IFVQREFURSBgREJfSVVSQU5gIFNFVCBgSVVSQU5fU1RBVFVTYD0/LGBJVVJBTl9NRVRPREVfQkFZQVJgPT8sYElVUkFOX1VTRVJgPT8sYElVUkFOX1dBS1RVX0JBWUFSYD0/LGB1cGRhdGVkQXRgPT8gV0hFUkUgYElVUkFOX0NPREVgID0gPyJ9','2025-05-15 02:36:10','PSR0004'),(147,NULL,'USR001','update','failed','eyJ1c2VyIjp7ImlkIjoiVVNSMDAxIiwibmFtZSI6InN1cGVyYWRtaW4iLCJsZXZlbCI6IlNVQSIsIm93bmVyIjoiUFNSMDAwNCJ9LCJxdWVyeSI6IkV4ZWN1dGluZyAoZGVmYXVsdCk6IFVQREFURSBgREJfSVVSQU5gIFNFVCBgSVVSQU5fU1RBVFVTYD0/LGBJVVJBTl9NRVRPREVfQkFZQVJgPT8sYElVUkFOX1VTRVJgPT8sYElVUkFOX1dBS1RVX0JBWUFSYD0/LGB1cGRhdGVkQXRgPT8gV0hFUkUgYElVUkFOX0NPREVgID0gPyJ9','2025-05-15 02:36:10','PSR0004'),(148,NULL,'USR001','update','success','eyJ1c2VyIjp7ImlkIjoiVVNSMDAxIiwibmFtZSI6InN1cGVyYWRtaW4iLCJsZXZlbCI6IlNVQSIsIm93bmVyIjoiUFNSMDAwNCJ9LCJxdWVyeSI6IkV4ZWN1dGluZyAoZGVmYXVsdCk6IFVQREFURSBgREJfSVVSQU5gIFNFVCBgSVVSQU5fU1RBVFVTYD0/LGBJVVJBTl9NRVRPREVfQkFZQVJgPT8sYElVUkFOX1VTRVJgPT8sYElVUkFOX1dBS1RVX0JBWUFSYD0/LGB1cGRhdGVkQXRgPT8gV0hFUkUgYElVUkFOX0NPREVgID0gPyJ9','2025-05-15 02:48:43','PSR0004'),(149,NULL,'USR001','update','success','eyJ1c2VyIjp7ImlkIjoiVVNSMDAxIiwibmFtZSI6InN1cGVyYWRtaW4iLCJsZXZlbCI6IlNVQSIsIm93bmVyIjoiUFNSMDAwNCJ9LCJxdWVyeSI6IkV4ZWN1dGluZyAoZGVmYXVsdCk6IFVQREFURSBgREJfSVVSQU5gIFNFVCBgSVVSQU5fU1RBVFVTYD0/LGBJVVJBTl9NRVRPREVfQkFZQVJgPT8sYElVUkFOX1VTRVJgPT8sYElVUkFOX1dBS1RVX0JBWUFSYD0/LGB1cGRhdGVkQXRgPT8gV0hFUkUgYElVUkFOX0NPREVgID0gPyJ9','2025-05-15 02:48:43','PSR0004'),(150,NULL,'USR001','update','success','eyJ1c2VyIjp7ImlkIjoiVVNSMDAxIiwibmFtZSI6InN1cGVyYWRtaW4iLCJsZXZlbCI6IlNVQSIsIm93bmVyIjoiUFNSMDAwNCJ9LCJxdWVyeSI6IkV4ZWN1dGluZyAoZGVmYXVsdCk6IFVQREFURSBgREJfSVVSQU5gIFNFVCBgSVVSQU5fU1RBVFVTYD0/LGBJVVJBTl9NRVRPREVfQkFZQVJgPT8sYElVUkFOX1VTRVJgPT8sYElVUkFOX1dBS1RVX0JBWUFSYD0/LGB1cGRhdGVkQXRgPT8gV0hFUkUgYElVUkFOX0NPREVgID0gPyJ9','2025-05-15 02:49:07','PSR0004'),(151,NULL,'USR001','update','success','eyJ1c2VyIjp7ImlkIjoiVVNSMDAxIiwibmFtZSI6InN1cGVyYWRtaW4iLCJsZXZlbCI6IlNVQSIsIm93bmVyIjoiUFNSMDAwNCJ9LCJxdWVyeSI6IkV4ZWN1dGluZyAoZGVmYXVsdCk6IFVQREFURSBgREJfSVVSQU5gIFNFVCBgSVVSQU5fU1RBVFVTYD0/LGBJVVJBTl9NRVRPREVfQkFZQVJgPT8sYElVUkFOX1VTRVJgPT8sYElVUkFOX1dBS1RVX0JBWUFSYD0/LGB1cGRhdGVkQXRgPT8gV0hFUkUgYElVUkFOX0NPREVgID0gPyJ9','2025-05-15 02:49:07','PSR0004'),(152,NULL,'USR001','update','success','eyJ1c2VyIjp7ImlkIjoiVVNSMDAxIiwibmFtZSI6InN1cGVyYWRtaW4iLCJsZXZlbCI6IlNVQSIsIm93bmVyIjoiUFNSMDAwNCJ9LCJxdWVyeSI6IkV4ZWN1dGluZyAoZGVmYXVsdCk6IFVQREFURSBgREJfSVVSQU5gIFNFVCBgSVVSQU5fU1RBVFVTYD0/LGBJVVJBTl9NRVRPREVfQkFZQVJgPT8sYElVUkFOX1VTRVJgPT8sYElVUkFOX1dBS1RVX0JBWUFSYD0/LGB1cGRhdGVkQXRgPT8gV0hFUkUgYElVUkFOX0NPREVgID0gPyJ9','2025-05-15 03:07:36','PSR0004'),(153,NULL,'USR001','update','success','eyJ1c2VyIjp7ImlkIjoiVVNSMDAxIiwibmFtZSI6InN1cGVyYWRtaW4iLCJsZXZlbCI6IlNVQSIsIm93bmVyIjoiUFNSMDAwNCJ9LCJxdWVyeSI6IkV4ZWN1dGluZyAoZGVmYXVsdCk6IFVQREFURSBgREJfSVVSQU5gIFNFVCBgSVVSQU5fU1RBVFVTYD0/LGBJVVJBTl9NRVRPREVfQkFZQVJgPT8sYElVUkFOX1VTRVJgPT8sYElVUkFOX1dBS1RVX0JBWUFSYD0/LGB1cGRhdGVkQXRgPT8gV0hFUkUgYElVUkFOX0NPREVgID0gPyJ9','2025-05-15 03:07:36','PSR0004'),(154,NULL,'USR001','update','success','eyJ1c2VyIjp7ImlkIjoiVVNSMDAxIiwibmFtZSI6InN1cGVyYWRtaW4iLCJsZXZlbCI6IlNVQSIsIm93bmVyIjoiUFNSMDAwNCJ9LCJxdWVyeSI6IkV4ZWN1dGluZyAoZGVmYXVsdCk6IFVQREFURSBgREJfSVVSQU5gIFNFVCBgSVVSQU5fU1RBVFVTYD0/LGBJVVJBTl9NRVRPREVfQkFZQVJgPT8sYElVUkFOX1VTRVJgPT8sYElVUkFOX1dBS1RVX0JBWUFSYD0/LGB1cGRhdGVkQXRgPT8gV0hFUkUgYElVUkFOX0NPREVgID0gPyJ9','2025-05-15 04:03:31','PSR0004'),(155,NULL,'USR001','update','success','eyJ1c2VyIjp7ImlkIjoiVVNSMDAxIiwibmFtZSI6InN1cGVyYWRtaW4iLCJsZXZlbCI6IlNVQSIsIm93bmVyIjoiUFNSMDAwNCJ9LCJxdWVyeSI6IkV4ZWN1dGluZyAoZGVmYXVsdCk6IFVQREFURSBgREJfSVVSQU5gIFNFVCBgSVVSQU5fU1RBVFVTYD0/LGBJVVJBTl9NRVRPREVfQkFZQVJgPT8sYElVUkFOX1VTRVJgPT8sYElVUkFOX1dBS1RVX0JBWUFSYD0/LGB1cGRhdGVkQXRgPT8gV0hFUkUgYElVUkFOX0NPREVgID0gPyJ9','2025-05-15 04:03:31','PSR0004'),(156,NULL,'USR001','update','success','eyJ1c2VyIjp7ImlkIjoiVVNSMDAxIiwibmFtZSI6InN1cGVyYWRtaW4iLCJsZXZlbCI6IlNVQSIsIm93bmVyIjoiUFNSMDAwNCJ9LCJxdWVyeSI6IkV4ZWN1dGluZyAoZGVmYXVsdCk6IFVQREFURSBgREJfSVVSQU5gIFNFVCBgSVVSQU5fU1RBVFVTYD0/LGBJVVJBTl9NRVRPREVfQkFZQVJgPT8sYElVUkFOX1VTRVJgPT8sYElVUkFOX1dBS1RVX0JBWUFSYD0/LGB1cGRhdGVkQXRgPT8gV0hFUkUgYElVUkFOX0NPREVgID0gPyJ9','2025-05-15 06:07:23','PSR0004'),(157,NULL,'USR001','update','success','eyJ1c2VyIjp7ImlkIjoiVVNSMDAxIiwibmFtZSI6InN1cGVyYWRtaW4iLCJsZXZlbCI6IlNVQSIsIm93bmVyIjoiUFNSMDAwNCJ9LCJxdWVyeSI6IkV4ZWN1dGluZyAoZGVmYXVsdCk6IFVQREFURSBgREJfSVVSQU5gIFNFVCBgSVVSQU5fU1RBVFVTYD0/LGBJVVJBTl9NRVRPREVfQkFZQVJgPT8sYElVUkFOX1VTRVJgPT8sYElVUkFOX1dBS1RVX0JBWUFSYD0/LGB1cGRhdGVkQXRgPT8gV0hFUkUgYElVUkFOX0NPREVgID0gPyJ9','2025-05-15 06:30:24','PSR0004'),(158,NULL,'USR001','update','success','eyJ1c2VyIjp7ImlkIjoiVVNSMDAxIiwibmFtZSI6InN1cGVyYWRtaW4iLCJsZXZlbCI6IlNVQSIsIm93bmVyIjoiUFNSMDAwNCJ9LCJxdWVyeSI6IkV4ZWN1dGluZyAoZGVmYXVsdCk6IFVQREFURSBgREJfSVVSQU5gIFNFVCBgSVVSQU5fU1RBVFVTYD0/LGBJVVJBTl9NRVRPREVfQkFZQVJgPT8sYElVUkFOX1VTRVJgPT8sYElVUkFOX1dBS1RVX0JBWUFSYD0/LGB1cGRhdGVkQXRgPT8gV0hFUkUgYElVUkFOX0NPREVgID0gPyJ9','2025-05-15 06:44:26','PSR0004'),(159,NULL,'USR001','update','success','eyJ1c2VyIjp7ImlkIjoiVVNSMDAxIiwibmFtZSI6InN1cGVyYWRtaW4iLCJsZXZlbCI6IlNVQSIsIm93bmVyIjoiUFNSMDAwNCJ9LCJxdWVyeSI6IkV4ZWN1dGluZyAoZGVmYXVsdCk6IFVQREFURSBgREJfSVVSQU5gIFNFVCBgSVVSQU5fU1RBVFVTYD0/LGBJVVJBTl9NRVRPREVfQkFZQVJgPT8sYElVUkFOX1VTRVJgPT8sYElVUkFOX1dBS1RVX0JBWUFSYD0/LGB1cGRhdGVkQXRgPT8gV0hFUkUgYElVUkFOX0NPREVgID0gPyJ9','2025-05-15 07:13:19','PSR0004'),(160,NULL,'USR001','update','success','eyJ1c2VyIjp7ImlkIjoiVVNSMDAxIiwibmFtZSI6InN1cGVyYWRtaW4iLCJsZXZlbCI6IlNVQSIsIm93bmVyIjoiUFNSMDAwNCJ9LCJxdWVyeSI6IkV4ZWN1dGluZyAoZGVmYXVsdCk6IFVQREFURSBgREJfSVVSQU5gIFNFVCBgSVVSQU5fU1RBVFVTYD0/LGBJVVJBTl9NRVRPREVfQkFZQVJgPT8sYElVUkFOX1VTRVJgPT8sYElVUkFOX1dBS1RVX0JBWUFSYD0/LGB1cGRhdGVkQXRgPT8gV0hFUkUgYElVUkFOX0NPREVgID0gPyJ9','2025-05-15 07:21:40','PSR0004'),(161,NULL,'USR001','update','success','eyJ1c2VyIjp7ImlkIjoiVVNSMDAxIiwibmFtZSI6InN1cGVyYWRtaW4iLCJsZXZlbCI6IlNVQSIsIm93bmVyIjoiUFNSMDAwNCJ9LCJxdWVyeSI6IkV4ZWN1dGluZyAoZGVmYXVsdCk6IFVQREFURSBgREJfSVVSQU5gIFNFVCBgSVVSQU5fU1RBVFVTYD0/LGBJVVJBTl9NRVRPREVfQkFZQVJgPT8sYElVUkFOX1VTRVJgPT8sYElVUkFOX1dBS1RVX0JBWUFSYD0/LGB1cGRhdGVkQXRgPT8gV0hFUkUgYElVUkFOX0NPREVgID0gPyJ9','2025-05-15 07:36:42','PSR0004'),(162,NULL,'USR001','update','success','eyJ1c2VyIjp7ImlkIjoiVVNSMDAxIiwibmFtZSI6InN1cGVyYWRtaW4iLCJsZXZlbCI6IlNVQSIsIm93bmVyIjoiUFNSMDAwNCJ9LCJxdWVyeSI6IkV4ZWN1dGluZyAoZGVmYXVsdCk6IFVQREFURSBgREJfSVVSQU5gIFNFVCBgSVVSQU5fU1RBVFVTYD0/LGBJVVJBTl9NRVRPREVfQkFZQVJgPT8sYElVUkFOX1VTRVJgPT8sYElVUkFOX1dBS1RVX0JBWUFSYD0/LGB1cGRhdGVkQXRgPT8gV0hFUkUgYElVUkFOX0NPREVgID0gPyJ9','2025-05-15 07:36:42','PSR0004'),(163,NULL,'USR001','update','success','eyJ1c2VyIjp7ImlkIjoiVVNSMDAxIiwibmFtZSI6InN1cGVyYWRtaW4iLCJsZXZlbCI6IlNVQSIsIm93bmVyIjoiUFNSMDAwNCJ9LCJxdWVyeSI6IkV4ZWN1dGluZyAoZGVmYXVsdCk6IFVQREFURSBgREJfSVVSQU5gIFNFVCBgSVVSQU5fU1RBVFVTYD0/LGBJVVJBTl9NRVRPREVfQkFZQVJgPT8sYElVUkFOX1VTRVJgPT8sYElVUkFOX1dBS1RVX0JBWUFSYD0/LGB1cGRhdGVkQXRgPT8gV0hFUkUgYElVUkFOX0NPREVgID0gPyJ9','2025-05-15 07:39:22','PSR0004'),(164,NULL,'USR001','update','success','eyJ1c2VyIjp7ImlkIjoiVVNSMDAxIiwibmFtZSI6InN1cGVyYWRtaW4iLCJsZXZlbCI6IlNVQSIsIm93bmVyIjoiUFNSMDAwNCJ9LCJxdWVyeSI6IkV4ZWN1dGluZyAoZGVmYXVsdCk6IFVQREFURSBgREJfSVVSQU5gIFNFVCBgSVVSQU5fU1RBVFVTYD0/LGBJVVJBTl9NRVRPREVfQkFZQVJgPT8sYElVUkFOX1VTRVJgPT8sYElVUkFOX1dBS1RVX0JBWUFSYD0/LGB1cGRhdGVkQXRgPT8gV0hFUkUgYElVUkFOX0NPREVgID0gPyJ9','2025-05-15 07:40:39','PSR0004'),(165,NULL,'USR001','update','success','eyJ1c2VyIjp7ImlkIjoiVVNSMDAxIiwibmFtZSI6InN1cGVyYWRtaW4iLCJsZXZlbCI6IlNVQSIsIm93bmVyIjoiUFNSMDAwNCJ9LCJxdWVyeSI6IkV4ZWN1dGluZyAoZGVmYXVsdCk6IFVQREFURSBgREJfSVVSQU5gIFNFVCBgSVVSQU5fU1RBVFVTYD0/LGBJVVJBTl9NRVRPREVfQkFZQVJgPT8sYElVUkFOX1VTRVJgPT8sYElVUkFOX1dBS1RVX0JBWUFSYD0/LGB1cGRhdGVkQXRgPT8gV0hFUkUgYElVUkFOX0NPREVgID0gPyJ9','2025-05-15 07:41:34','PSR0004'),(166,NULL,'USR001','update','success','eyJ1c2VyIjp7ImlkIjoiVVNSMDAxIiwibmFtZSI6InN1cGVyYWRtaW4iLCJsZXZlbCI6IlNVQSIsIm93bmVyIjoiUFNSMDAwNCJ9LCJxdWVyeSI6IkV4ZWN1dGluZyAoZGVmYXVsdCk6IFVQREFURSBgREJfSVVSQU5gIFNFVCBgSVVSQU5fU1RBVFVTYD0/LGBJVVJBTl9NRVRPREVfQkFZQVJgPT8sYElVUkFOX1VTRVJgPT8sYElVUkFOX1dBS1RVX0JBWUFSYD0/LGB1cGRhdGVkQXRgPT8gV0hFUkUgYElVUkFOX0NPREVgID0gPyJ9','2025-05-15 07:52:27','PSR0004'),(167,NULL,'USR001','update','success','eyJ1c2VyIjp7ImlkIjoiVVNSMDAxIiwibmFtZSI6InN1cGVyYWRtaW4iLCJsZXZlbCI6IlNVQSIsIm93bmVyIjoiUFNSMDAwNCJ9LCJxdWVyeSI6IkV4ZWN1dGluZyAoZGVmYXVsdCk6IFVQREFURSBgREJfSVVSQU5gIFNFVCBgSVVSQU5fU1RBVFVTYD0/LGBJVVJBTl9NRVRPREVfQkFZQVJgPT8sYElVUkFOX1VTRVJgPT8sYElVUkFOX1dBS1RVX0JBWUFSYD0/LGB1cGRhdGVkQXRgPT8gV0hFUkUgYElVUkFOX0NPREVgID0gPyJ9','2025-05-15 07:57:36','PSR0004'),(168,NULL,'USR001','update','success','eyJ1c2VyIjp7ImlkIjoiVVNSMDAxIiwibmFtZSI6InN1cGVyYWRtaW4iLCJsZXZlbCI6IlNVQSIsIm93bmVyIjoiUFNSMDAwNCJ9LCJxdWVyeSI6IkV4ZWN1dGluZyAoZGVmYXVsdCk6IFVQREFURSBgREJfSVVSQU5gIFNFVCBgSVVSQU5fU1RBVFVTYD0/LGBJVVJBTl9NRVRPREVfQkFZQVJgPT8sYElVUkFOX1VTRVJgPT8sYElVUkFOX1dBS1RVX0JBWUFSYD0/LGB1cGRhdGVkQXRgPT8gV0hFUkUgYElVUkFOX0NPREVgID0gPyJ9','2025-05-15 07:58:23','PSR0004'),(169,NULL,'USR001','update','success','eyJ1c2VyIjp7ImlkIjoiVVNSMDAxIiwibmFtZSI6InN1cGVyYWRtaW4iLCJsZXZlbCI6IlNVQSIsIm93bmVyIjoiUFNSMDAwNCJ9LCJxdWVyeSI6IkV4ZWN1dGluZyAoZGVmYXVsdCk6IFVQREFURSBgREJfSVVSQU5gIFNFVCBgSVVSQU5fU1RBVFVTYD0/LGBJVVJBTl9NRVRPREVfQkFZQVJgPT8sYElVUkFOX1VTRVJgPT8sYElVUkFOX1dBS1RVX0JBWUFSYD0/LGB1cGRhdGVkQXRgPT8gV0hFUkUgYElVUkFOX0NPREVgID0gPyJ9','2025-05-15 09:53:51','PSR0004'),(170,NULL,'USR001','update','success','eyJ1c2VyIjp7ImlkIjoiVVNSMDAxIiwibmFtZSI6InN1cGVyYWRtaW4iLCJsZXZlbCI6IlNVQSIsIm93bmVyIjoiUFNSMDAwNCJ9LCJxdWVyeSI6IkV4ZWN1dGluZyAoZGVmYXVsdCk6IFVQREFURSBgREJfSVVSQU5gIFNFVCBgSVVSQU5fU1RBVFVTYD0/LGBJVVJBTl9NRVRPREVfQkFZQVJgPT8sYElVUkFOX1VTRVJgPT8sYElVUkFOX1dBS1RVX0JBWUFSYD0/LGB1cGRhdGVkQXRgPT8gV0hFUkUgYElVUkFOX0NPREVgID0gPyJ9','2025-05-15 10:07:15','PSR0004'),(171,NULL,'USR001','update','success','eyJ1c2VyIjp7ImlkIjoiVVNSMDAxIiwibmFtZSI6InN1cGVyYWRtaW4iLCJsZXZlbCI6IlNVQSIsIm93bmVyIjoiUFNSMDAwNCJ9LCJxdWVyeSI6IkV4ZWN1dGluZyAoZGVmYXVsdCk6IFVQREFURSBgREJfSVVSQU5gIFNFVCBgSVVSQU5fU1RBVFVTYD0/LGBJVVJBTl9NRVRPREVfQkFZQVJgPT8sYElVUkFOX1VTRVJgPT8sYElVUkFOX1dBS1RVX0JBWUFSYD0/LGB1cGRhdGVkQXRgPT8gV0hFUkUgYElVUkFOX0NPREVgID0gPyJ9','2025-05-15 10:11:20','PSR0004'),(172,NULL,'USR001','update','success','eyJ1c2VyIjp7ImlkIjoiVVNSMDAxIiwibmFtZSI6InN1cGVyYWRtaW4iLCJsZXZlbCI6IlNVQSIsIm93bmVyIjoiUFNSMDAwNCJ9LCJxdWVyeSI6IkV4ZWN1dGluZyAoZGVmYXVsdCk6IFVQREFURSBgREJfSVVSQU5gIFNFVCBgSVVSQU5fU1RBVFVTYD0/LGBJVVJBTl9NRVRPREVfQkFZQVJgPT8sYElVUkFOX1VTRVJgPT8sYElVUkFOX1dBS1RVX0JBWUFSYD0/LGB1cGRhdGVkQXRgPT8gV0hFUkUgYElVUkFOX0NPREVgID0gPyJ9','2025-05-15 10:16:59','PSR0004'),(173,NULL,'USR001','update','success','eyJ1c2VyIjp7ImlkIjoiVVNSMDAxIiwibmFtZSI6InN1cGVyYWRtaW4iLCJsZXZlbCI6IlNVQSIsIm93bmVyIjoiUFNSMDAwNCJ9LCJxdWVyeSI6IkV4ZWN1dGluZyAoZGVmYXVsdCk6IFVQREFURSBgREJfSVVSQU5gIFNFVCBgSVVSQU5fU1RBVFVTYD0/LGBJVVJBTl9NRVRPREVfQkFZQVJgPT8sYElVUkFOX1VTRVJgPT8sYElVUkFOX1dBS1RVX0JBWUFSYD0/LGB1cGRhdGVkQXRgPT8gV0hFUkUgYElVUkFOX0NPREVgID0gPyJ9','2025-05-15 10:18:08','PSR0004'),(174,'TYPE006','PSR0001002','create','success','eyJ1c2VyIjp7ImlkIjoiUFNSMDAwMTAwMiIsIm5hbWUiOiJwZXR1Z2FzNCIsImxldmVsIjoiUFRHIiwib3duZXIiOiJQU1IwMDAxIn0sInF1ZXJ5IjoiRXhlY3V0aW5nIChkZWZhdWx0KTogSU5TRVJUIElOVE8gYERCX1RZUEVfTEFQQUtgIChgVFlQRV9DT0RFYCxgVFlQRV9OQU1BYCkgVkFMVUVTICg/LD8pOyJ9','2025-05-15 11:58:46','PSR0001'),(175,'TYPE006','PSR0001002','delete','success','eyJ1c2VyIjp7ImlkIjoiUFNSMDAwMTAwMiIsIm5hbWUiOiJwZXR1Z2FzNCIsImxldmVsIjoiUFRHIiwib3duZXIiOiJQU1IwMDAxIn0sInF1ZXJ5IjoiRXhlY3V0aW5nIChkZWZhdWx0KTogREVMRVRFIEZST00gYERCX1RZUEVfTEFQQUtgIFdIRVJFIGBUWVBFX0NPREVgID0gJ1RZUEUwMDYnIn0=','2025-05-15 11:58:51','PSR0001'),(176,'PSR0001LAP002','PSR0001002','create','success','eyJ1c2VyIjp7ImlkIjoiUFNSMDAwMTAwMiIsIm5hbWUiOiJwZXR1Z2FzNCIsImxldmVsIjoiUFRHIiwib3duZXIiOiJQU1IwMDAxIn0sInF1ZXJ5IjoiRXhlY3V0aW5nIChkZWZhdWx0KTogSU5TRVJUIElOVE8gYERCX0xBUEFLYCAoYExBUEFLX0NPREVgLGBMQVBBS19OQU1BYCxgTEFQQUtfQkxPS2AsYExBUEFLX1VLVVJBTmAsYExBUEFLX1RZUEVgLGBMQVBBS19QRU5ZRVdBYCxgTEFQQUtfTVVMQUlgLGBMQVBBS19BS0hJUmAsYExBUEFLX1NUQVRVU2AsYExBUEFLX09XTkVSYCxgY3JlYXRlZEF0YCxgdXBkYXRlZEF0YCkgVkFMVUVTICg/LD8sPyw/LD8sPyw/LD8sPyw/LD8sPyk7In0=','2025-05-15 11:59:01','PSR0001'),(177,'PSR0001LAP003','PSR0001002','create','success','eyJ1c2VyIjp7ImlkIjoiUFNSMDAwMTAwMiIsIm5hbWUiOiJwZXR1Z2FzNCIsImxldmVsIjoiUFRHIiwib3duZXIiOiJQU1IwMDAxIn0sInF1ZXJ5IjoiRXhlY3V0aW5nIChkZWZhdWx0KTogSU5TRVJUIElOVE8gYERCX0xBUEFLYCAoYExBUEFLX0NPREVgLGBMQVBBS19OQU1BYCxgTEFQQUtfQkxPS2AsYExBUEFLX1VLVVJBTmAsYExBUEFLX1RZUEVgLGBMQVBBS19QRU5ZRVdBYCxgTEFQQUtfTVVMQUlgLGBMQVBBS19BS0hJUmAsYExBUEFLX1NUQVRVU2AsYExBUEFLX09XTkVSYCxgY3JlYXRlZEF0YCxgdXBkYXRlZEF0YCkgVkFMVUVTICg/LD8sPyw/LD8sPyw/LD8sPyw/LD8sPyk7In0=','2025-05-15 11:59:07','PSR0001'),(178,'PSR0001LAP004','PSR0001002','create','success','eyJ1c2VyIjp7ImlkIjoiUFNSMDAwMTAwMiIsIm5hbWUiOiJwZXR1Z2FzNCIsImxldmVsIjoiUFRHIiwib3duZXIiOiJQU1IwMDAxIn0sInF1ZXJ5IjoiRXhlY3V0aW5nIChkZWZhdWx0KTogSU5TRVJUIElOVE8gYERCX0xBUEFLYCAoYExBUEFLX0NPREVgLGBMQVBBS19OQU1BYCxgTEFQQUtfQkxPS2AsYExBUEFLX1VLVVJBTmAsYExBUEFLX1RZUEVgLGBMQVBBS19QRU5ZRVdBYCxgTEFQQUtfTVVMQUlgLGBMQVBBS19BS0hJUmAsYExBUEFLX1NUQVRVU2AsYExBUEFLX09XTkVSYCxgY3JlYXRlZEF0YCxgdXBkYXRlZEF0YCkgVkFMVUVTICg/LD8sPyw/LD8sPyw/LD8sPyw/LD8sPyk7In0=','2025-05-15 11:59:12','PSR0001'),(179,'PSR0001LAP005','PSR0001002','create','success','eyJ1c2VyIjp7ImlkIjoiUFNSMDAwMTAwMiIsIm5hbWUiOiJwZXR1Z2FzNCIsImxldmVsIjoiUFRHIiwib3duZXIiOiJQU1IwMDAxIn0sInF1ZXJ5IjoiRXhlY3V0aW5nIChkZWZhdWx0KTogSU5TRVJUIElOVE8gYERCX0xBUEFLYCAoYExBUEFLX0NPREVgLGBMQVBBS19OQU1BYCxgTEFQQUtfQkxPS2AsYExBUEFLX1VLVVJBTmAsYExBUEFLX1RZUEVgLGBMQVBBS19QRU5ZRVdBYCxgTEFQQUtfTVVMQUlgLGBMQVBBS19BS0hJUmAsYExBUEFLX1NUQVRVU2AsYExBUEFLX09XTkVSYCxgY3JlYXRlZEF0YCxgdXBkYXRlZEF0YCkgVkFMVUVTICg/LD8sPyw/LD8sPyw/LD8sPyw/LD8sPyk7In0=','2025-05-15 11:59:18','PSR0001'),(180,'CUST00006','PSR0001002','create','success','eyJ1c2VyIjp7ImlkIjoiUFNSMDAwMTAwMiIsIm5hbWUiOiJwZXR1Z2FzNCIsImxldmVsIjoiUFRHIiwib3duZXIiOiJQU1IwMDAxIn0sInF1ZXJ5IjoiRXhlY3V0aW5nIChlMGQ4YTkxNy0wZGM0LTRhN2QtYjI1OC1mNjQxZmYwNmM2YWIpOiBJTlNFUlQgSU5UTyBgREJfUEVEQUdBTkdgIChgQ1VTVF9DT0RFYCxgQ1VTVF9OQU1BYCxgQ1VTVF9OSUtgLGBDVVNUX1BIT05FYCxgQ1VTVF9PV05FUmAsYENVU1RfSVVSQU5gLGBDVVNUX1NUQVRVU2AsYGNyZWF0ZWRBdGAsYHVwZGF0ZWRBdGApIFZBTFVFUyAoPyw/LD8sPyw/LD8sPyw/LD8pOyJ9','2025-05-15 12:00:24','PSR0001'),(181,'CUST00006','PSR0001002','update','success','eyJ1c2VyIjp7ImlkIjoiUFNSMDAwMTAwMiIsIm5hbWUiOiJwZXR1Z2FzNCIsImxldmVsIjoiUFRHIiwib3duZXIiOiJQU1IwMDAxIn0sInF1ZXJ5IjoiRXhlY3V0aW5nIChkZWZhdWx0KTogVVBEQVRFIGBEQl9MQVBBS2AgU0VUIGBMQVBBS19TVEFUVVNgPT8sYExBUEFLX1BFTllFV0FgPT8sYExBUEFLX01VTEFJYD0/LGBMQVBBS19BS0hJUmA9PyxgdXBkYXRlZEF0YD0/IFdIRVJFIGBMQVBBS19DT0RFYCA9ID8ifQ==','2025-05-15 12:00:24','PSR0001'),(182,'CUST00007','PSR0001002','create','success','eyJ1c2VyIjp7ImlkIjoiUFNSMDAwMTAwMiIsIm5hbWUiOiJwZXR1Z2FzNCIsImxldmVsIjoiUFRHIiwib3duZXIiOiJQU1IwMDAxIn0sInF1ZXJ5IjoiRXhlY3V0aW5nICgxMjA5Yzg5NC1jYjUwLTRhMmQtYjZjZS05YTdmOTg5ZjU1NWMpOiBJTlNFUlQgSU5UTyBgREJfUEVEQUdBTkdgIChgQ1VTVF9DT0RFYCxgQ1VTVF9OQU1BYCxgQ1VTVF9OSUtgLGBDVVNUX1BIT05FYCxgQ1VTVF9PV05FUmAsYENVU1RfSVVSQU5gLGBDVVNUX1NUQVRVU2AsYGNyZWF0ZWRBdGAsYHVwZGF0ZWRBdGApIFZBTFVFUyAoPyw/LD8sPyw/LD8sPyw/LD8pOyJ9','2025-05-15 12:00:45','PSR0001'),(183,'CUST00007','PSR0001002','update','success','eyJ1c2VyIjp7ImlkIjoiUFNSMDAwMTAwMiIsIm5hbWUiOiJwZXR1Z2FzNCIsImxldmVsIjoiUFRHIiwib3duZXIiOiJQU1IwMDAxIn0sInF1ZXJ5IjoiRXhlY3V0aW5nIChkZWZhdWx0KTogVVBEQVRFIGBEQl9MQVBBS2AgU0VUIGBMQVBBS19TVEFUVVNgPT8sYExBUEFLX1BFTllFV0FgPT8sYExBUEFLX01VTEFJYD0/LGBMQVBBS19BS0hJUmA9PyxgdXBkYXRlZEF0YD0/IFdIRVJFIGBMQVBBS19DT0RFYCA9ID8ifQ==','2025-05-15 12:00:45','PSR0001'),(184,'CUST00008','PSR0001002','create','success','eyJ1c2VyIjp7ImlkIjoiUFNSMDAwMTAwMiIsIm5hbWUiOiJwZXR1Z2FzNCIsImxldmVsIjoiUFRHIiwib3duZXIiOiJQU1IwMDAxIn0sInF1ZXJ5IjoiRXhlY3V0aW5nICgwNmE5NTM1Ni0wNTk5LTQ0YTctOTg4Mi01ODgwOTJkOTk2NDApOiBJTlNFUlQgSU5UTyBgREJfUEVEQUdBTkdgIChgQ1VTVF9DT0RFYCxgQ1VTVF9OQU1BYCxgQ1VTVF9OSUtgLGBDVVNUX1BIT05FYCxgQ1VTVF9PV05FUmAsYENVU1RfSVVSQU5gLGBDVVNUX1NUQVRVU2AsYGNyZWF0ZWRBdGAsYHVwZGF0ZWRBdGApIFZBTFVFUyAoPyw/LD8sPyw/LD8sPyw/LD8pOyJ9','2025-05-15 12:01:37','PSR0001'),(185,'CUST00008','PSR0001002','update','success','eyJ1c2VyIjp7ImlkIjoiUFNSMDAwMTAwMiIsIm5hbWUiOiJwZXR1Z2FzNCIsImxldmVsIjoiUFRHIiwib3duZXIiOiJQU1IwMDAxIn0sInF1ZXJ5IjoiRXhlY3V0aW5nIChkZWZhdWx0KTogVVBEQVRFIGBEQl9MQVBBS2AgU0VUIGBMQVBBS19TVEFUVVNgPT8sYExBUEFLX1BFTllFV0FgPT8sYExBUEFLX01VTEFJYD0/LGBMQVBBS19BS0hJUmA9PyxgdXBkYXRlZEF0YD0/IFdIRVJFIGBMQVBBS19DT0RFYCA9ID8ifQ==','2025-05-15 12:01:37','PSR0001'),(186,'CUST00009','PSR0001002','create','success','eyJ1c2VyIjp7ImlkIjoiUFNSMDAwMTAwMiIsIm5hbWUiOiJwZXR1Z2FzNCIsImxldmVsIjoiUFRHIiwib3duZXIiOiJQU1IwMDAxIn0sInF1ZXJ5IjoiRXhlY3V0aW5nIChhNmZmMzZjMi0zZGMxLTQ2OWYtYTgxNy03MWMyYzQyZjZiNWQpOiBJTlNFUlQgSU5UTyBgREJfUEVEQUdBTkdgIChgQ1VTVF9DT0RFYCxgQ1VTVF9OQU1BYCxgQ1VTVF9OSUtgLGBDVVNUX1BIT05FYCxgQ1VTVF9PV05FUmAsYENVU1RfSVVSQU5gLGBDVVNUX1NUQVRVU2AsYGNyZWF0ZWRBdGAsYHVwZGF0ZWRBdGApIFZBTFVFUyAoPyw/LD8sPyw/LD8sPyw/LD8pOyJ9','2025-05-15 12:02:10','PSR0001'),(187,'CUST00009','PSR0001002','update','success','eyJ1c2VyIjp7ImlkIjoiUFNSMDAwMTAwMiIsIm5hbWUiOiJwZXR1Z2FzNCIsImxldmVsIjoiUFRHIiwib3duZXIiOiJQU1IwMDAxIn0sInF1ZXJ5IjoiRXhlY3V0aW5nIChkZWZhdWx0KTogVVBEQVRFIGBEQl9MQVBBS2AgU0VUIGBMQVBBS19TVEFUVVNgPT8sYExBUEFLX1BFTllFV0FgPT8sYExBUEFLX01VTEFJYD0/LGBMQVBBS19BS0hJUmA9PyxgdXBkYXRlZEF0YD0/IFdIRVJFIGBMQVBBS19DT0RFYCA9ID8ifQ==','2025-05-15 12:02:10','PSR0001'),(188,NULL,'PSR0001002','update','success','eyJ1c2VyIjp7ImlkIjoiUFNSMDAwMTAwMiIsIm5hbWUiOiJwZXR1Z2FzNCIsImxldmVsIjoiUFRHIiwib3duZXIiOiJQU1IwMDAxIn0sInF1ZXJ5IjoiRXhlY3V0aW5nIChkZWZhdWx0KTogVVBEQVRFIGBEQl9JVVJBTmAgU0VUIGBJVVJBTl9TVEFUVVNgPT8sYElVUkFOX01FVE9ERV9CQVlBUmA9PyxgSVVSQU5fVVNFUmA9PyxgSVVSQU5fV0FLVFVfQkFZQVJgPT8sYHVwZGF0ZWRBdGA9PyBXSEVSRSBgSVVSQU5fQ09ERWAgPSA/In0=','2025-05-15 12:16:08','PSR0001'),(189,NULL,'PSR0001002','update','success','eyJ1c2VyIjp7ImlkIjoiUFNSMDAwMTAwMiIsIm5hbWUiOiJwZXR1Z2FzNCIsImxldmVsIjoiUFRHIiwib3duZXIiOiJQU1IwMDAxIn0sInF1ZXJ5IjoiRXhlY3V0aW5nIChkZWZhdWx0KTogVVBEQVRFIGBEQl9JVVJBTmAgU0VUIGBJVVJBTl9TVEFUVVNgPT8sYElVUkFOX01FVE9ERV9CQVlBUmA9PyxgSVVSQU5fVVNFUmA9PyxgSVVSQU5fV0FLVFVfQkFZQVJgPT8sYHVwZGF0ZWRBdGA9PyBXSEVSRSBgSVVSQU5fQ09ERWAgPSA/In0=','2025-05-15 12:18:08','PSR0001'),(190,NULL,'USR001','update','success','eyJ1c2VyIjp7ImlkIjoiVVNSMDAxIiwibmFtZSI6InN1cGVyYWRtaW4iLCJsZXZlbCI6IlNVQSIsIm93bmVyIjoiUFNSMDAwNCJ9LCJxdWVyeSI6IkV4ZWN1dGluZyAoZGVmYXVsdCk6IFVQREFURSBgREJfSVVSQU5gIFNFVCBgSVVSQU5fU1RBVFVTYD0/LGBJVVJBTl9NRVRPREVfQkFZQVJgPT8sYElVUkFOX1VTRVJgPT8sYElVUkFOX1dBS1RVX0JBWUFSYD0/LGB1cGRhdGVkQXRgPT8gV0hFUkUgYElVUkFOX0NPREVgID0gPyJ9','2025-05-15 13:27:52','PSR0004'),(191,NULL,'USR001','update','success','eyJ1c2VyIjp7ImlkIjoiVVNSMDAxIiwibmFtZSI6InN1cGVyYWRtaW4iLCJsZXZlbCI6IlNVQSIsIm93bmVyIjoiUFNSMDAwNCJ9LCJxdWVyeSI6IkV4ZWN1dGluZyAoZGVmYXVsdCk6IFVQREFURSBgREJfSVVSQU5gIFNFVCBgSVVSQU5fU1RBVFVTYD0/LGBJVVJBTl9NRVRPREVfQkFZQVJgPT8sYElVUkFOX1VTRVJgPT8sYElVUkFOX1dBS1RVX0JBWUFSYD0/LGB1cGRhdGVkQXRgPT8gV0hFUkUgYElVUkFOX0NPREVgID0gPyJ9','2025-05-15 13:38:58','PSR0004'),(192,NULL,'USR001','update','success','eyJ1c2VyIjp7ImlkIjoiVVNSMDAxIiwibmFtZSI6InN1cGVyYWRtaW4iLCJsZXZlbCI6IlNVQSIsIm93bmVyIjoiUFNSMDAwNCJ9LCJxdWVyeSI6IkV4ZWN1dGluZyAoZGVmYXVsdCk6IFVQREFURSBgREJfSVVSQU5gIFNFVCBgSVVSQU5fU1RBVFVTYD0/LGBJVVJBTl9NRVRPREVfQkFZQVJgPT8sYElVUkFOX1VTRVJgPT8sYElVUkFOX1dBS1RVX0JBWUFSYD0/LGB1cGRhdGVkQXRgPT8gV0hFUkUgYElVUkFOX0NPREVgID0gPyJ9','2025-05-15 13:43:25','PSR0004'),(193,'PSR0001LAP006','PSR0001002','create','success','eyJ1c2VyIjp7ImlkIjoiUFNSMDAwMTAwMiIsIm5hbWUiOiJwZXR1Z2FzNCIsImxldmVsIjoiUFRHIiwib3duZXIiOiJQU1IwMDAxIn0sInF1ZXJ5IjoiRXhlY3V0aW5nIChkZWZhdWx0KTogSU5TRVJUIElOVE8gYERCX0xBUEFLYCAoYExBUEFLX0NPREVgLGBMQVBBS19OQU1BYCxgTEFQQUtfQkxPS2AsYExBUEFLX1VLVVJBTmAsYExBUEFLX1RZUEVgLGBMQVBBS19QRU5ZRVdBYCxgTEFQQUtfTVVMQUlgLGBMQVBBS19BS0hJUmAsYExBUEFLX1NUQVRVU2AsYExBUEFLX09XTkVSYCxgY3JlYXRlZEF0YCxgdXBkYXRlZEF0YCkgVkFMVUVTICg/LD8sPyw/LD8sPyw/LD8sPyw/LD8sPyk7In0=','2025-05-15 14:00:10','PSR0001'),(194,'CUST00010','PSR0001002','create','success','eyJ1c2VyIjp7ImlkIjoiUFNSMDAwMTAwMiIsIm5hbWUiOiJwZXR1Z2FzNCIsImxldmVsIjoiUFRHIiwib3duZXIiOiJQU1IwMDAxIn0sInF1ZXJ5IjoiRXhlY3V0aW5nICg1M2MzYTU5Yy04YWM4LTQ3MGUtYWYwOC04NDg1MTA4MDFiNTgpOiBJTlNFUlQgSU5UTyBgREJfUEVEQUdBTkdgIChgQ1VTVF9DT0RFYCxgQ1VTVF9OQU1BYCxgQ1VTVF9OSUtgLGBDVVNUX1BIT05FYCxgQ1VTVF9PV05FUmAsYENVU1RfSVVSQU5gLGBDVVNUX1NUQVRVU2AsYGNyZWF0ZWRBdGAsYHVwZGF0ZWRBdGApIFZBTFVFUyAoPyw/LD8sPyw/LD8sPyw/LD8pOyJ9','2025-05-15 14:00:38','PSR0001'),(195,'CUST00010','PSR0001002','update','success','eyJ1c2VyIjp7ImlkIjoiUFNSMDAwMTAwMiIsIm5hbWUiOiJwZXR1Z2FzNCIsImxldmVsIjoiUFRHIiwib3duZXIiOiJQU1IwMDAxIn0sInF1ZXJ5IjoiRXhlY3V0aW5nIChkZWZhdWx0KTogVVBEQVRFIGBEQl9MQVBBS2AgU0VUIGBMQVBBS19TVEFUVVNgPT8sYExBUEFLX1BFTllFV0FgPT8sYExBUEFLX01VTEFJYD0/LGBMQVBBS19BS0hJUmA9PyxgdXBkYXRlZEF0YD0/IFdIRVJFIGBMQVBBS19DT0RFYCA9ID8ifQ==','2025-05-15 14:00:38','PSR0001'),(196,NULL,'USR001','update','success','eyJ1c2VyIjp7ImlkIjoiVVNSMDAxIiwibmFtZSI6InN1cGVyYWRtaW4iLCJsZXZlbCI6IlNVQSIsIm93bmVyIjoiUFNSMDAwNCJ9LCJxdWVyeSI6IkV4ZWN1dGluZyAoZGVmYXVsdCk6IFVQREFURSBgREJfSVVSQU5gIFNFVCBgSVVSQU5fU1RBVFVTYD0/LGBJVVJBTl9NRVRPREVfQkFZQVJgPT8sYElVUkFOX1VTRVJgPT8sYElVUkFOX1dBS1RVX0JBWUFSYD0/LGB1cGRhdGVkQXRgPT8gV0hFUkUgYElVUkFOX0NPREVgID0gPyJ9','2025-05-15 14:01:36','PSR0004'),(197,NULL,'PSR0001002','update','success','eyJ1c2VyIjp7ImlkIjoiUFNSMDAwMTAwMiIsIm5hbWUiOiJwZXR1Z2FzNCIsImxldmVsIjoiUFRHIiwib3duZXIiOiJQU1IwMDAxIn0sInF1ZXJ5IjoiRXhlY3V0aW5nIChkZWZhdWx0KTogVVBEQVRFIGBEQl9JVVJBTmAgU0VUIGBJVVJBTl9QRURBR0FOR2A9PyxgSVVSQU5fVEFOR0dBTGA9PyxgSVVSQU5fSlVNTEFIYD0/LGBJVVJBTl9TVEFUVVNgPT8sYElVUkFOX01FVE9ERV9CQVlBUmA9PyxgSVVSQU5fV0FLVFVfQkFZQVJgPT8sYElVUkFOX1VTRVJgPT8sYHVwZGF0ZWRBdGA9PyBXSEVSRSBgSVVSQU5fQ09ERWAgPSA/In0=','2025-05-15 14:11:08','PSR0001'),(198,NULL,'USR001','update','success','eyJ1c2VyIjp7ImlkIjoiVVNSMDAxIiwibmFtZSI6InN1cGVyYWRtaW4iLCJsZXZlbCI6IlNVQSIsIm93bmVyIjoiUFNSMDAwNCJ9LCJxdWVyeSI6IkV4ZWN1dGluZyAoZGVmYXVsdCk6IFVQREFURSBgREJfSVVSQU5gIFNFVCBgSVVSQU5fU1RBVFVTYD0/LGBJVVJBTl9NRVRPREVfQkFZQVJgPT8sYElVUkFOX1VTRVJgPT8sYElVUkFOX1dBS1RVX0JBWUFSYD0/LGB1cGRhdGVkQXRgPT8gV0hFUkUgYElVUkFOX0NPREVgID0gPyJ9','2025-05-15 14:11:51','PSR0004'),(199,NULL,'PSR0001002','update','success','eyJ1c2VyIjp7ImlkIjoiUFNSMDAwMTAwMiIsIm5hbWUiOiJwZXR1Z2FzNCIsImxldmVsIjoiUFRHIiwib3duZXIiOiJQU1IwMDAxIn0sInF1ZXJ5IjoiRXhlY3V0aW5nIChkZWZhdWx0KTogVVBEQVRFIGBEQl9JVVJBTmAgU0VUIGBJVVJBTl9QRURBR0FOR2A9PyxgSVVSQU5fVEFOR0dBTGA9PyxgSVVSQU5fSlVNTEFIYD0/LGBJVVJBTl9TVEFUVVNgPT8sYElVUkFOX01FVE9ERV9CQVlBUmA9PyxgSVVSQU5fV0FLVFVfQkFZQVJgPT8sYElVUkFOX1VTRVJgPT8sYHVwZGF0ZWRBdGA9PyBXSEVSRSBgSVVSQU5fQ09ERWAgPSA/In0=','2025-05-15 14:15:12','PSR0001'),(200,NULL,'USR001','update','success','eyJ1c2VyIjp7ImlkIjoiVVNSMDAxIiwibmFtZSI6InN1cGVyYWRtaW4iLCJsZXZlbCI6IlNVQSIsIm93bmVyIjoiUFNSMDAwNCJ9LCJxdWVyeSI6IkV4ZWN1dGluZyAoZGVmYXVsdCk6IFVQREFURSBgREJfSVVSQU5gIFNFVCBgSVVSQU5fU1RBVFVTYD0/LGBJVVJBTl9NRVRPREVfQkFZQVJgPT8sYElVUkFOX1VTRVJgPT8sYElVUkFOX1dBS1RVX0JBWUFSYD0/LGB1cGRhdGVkQXRgPT8gV0hFUkUgYElVUkFOX0NPREVgID0gPyJ9','2025-05-15 14:15:36','PSR0004'),(201,NULL,'USR001','update','success','eyJ1c2VyIjp7ImlkIjoiVVNSMDAxIiwibmFtZSI6InN1cGVyYWRtaW4iLCJsZXZlbCI6IlNVQSIsIm93bmVyIjoiUFNSMDAwNCJ9LCJxdWVyeSI6IkV4ZWN1dGluZyAoZGVmYXVsdCk6IFVQREFURSBgREJfSVVSQU5gIFNFVCBgSVVSQU5fU1RBVFVTYD0/LGBJVVJBTl9NRVRPREVfQkFZQVJgPT8sYElVUkFOX1VTRVJgPT8sYElVUkFOX1dBS1RVX0JBWUFSYD0/LGB1cGRhdGVkQXRgPT8gV0hFUkUgYElVUkFOX0NPREVgID0gPyJ9','2025-05-15 14:16:30','PSR0004'),(202,NULL,'PSR0001002','update','success','eyJ1c2VyIjp7ImlkIjoiUFNSMDAwMTAwMiIsIm5hbWUiOiJwZXR1Z2FzNCIsImxldmVsIjoiUFRHIiwib3duZXIiOiJQU1IwMDAxIn0sInF1ZXJ5IjoiRXhlY3V0aW5nIChkZWZhdWx0KTogVVBEQVRFIGBEQl9JVVJBTmAgU0VUIGBJVVJBTl9QRURBR0FOR2A9PyxgSVVSQU5fVEFOR0dBTGA9PyxgSVVSQU5fSlVNTEFIYD0/LGBJVVJBTl9TVEFUVVNgPT8sYElVUkFOX01FVE9ERV9CQVlBUmA9PyxgSVVSQU5fV0FLVFVfQkFZQVJgPT8sYElVUkFOX1VTRVJgPT8sYHVwZGF0ZWRBdGA9PyBXSEVSRSBgSVVSQU5fQ09ERWAgPSA/In0=','2025-05-15 14:29:57','PSR0001'),(203,NULL,'USR001','update','success','eyJ1c2VyIjp7ImlkIjoiVVNSMDAxIiwibmFtZSI6InN1cGVyYWRtaW4iLCJsZXZlbCI6IlNVQSIsIm93bmVyIjoiUFNSMDAwNCJ9LCJxdWVyeSI6IkV4ZWN1dGluZyAoZGVmYXVsdCk6IFVQREFURSBgREJfSVVSQU5gIFNFVCBgSVVSQU5fU1RBVFVTYD0/LGBJVVJBTl9NRVRPREVfQkFZQVJgPT8sYElVUkFOX1VTRVJgPT8sYElVUkFOX1dBS1RVX0JBWUFSYD0/LGB1cGRhdGVkQXRgPT8gV0hFUkUgYElVUkFOX0NPREVgID0gPyJ9','2025-05-15 14:30:16','PSR0004'),(204,NULL,'PSR0001002','update','success','eyJ1c2VyIjp7ImlkIjoiUFNSMDAwMTAwMiIsIm5hbWUiOiJwZXR1Z2FzNCIsImxldmVsIjoiUFRHIiwib3duZXIiOiJQU1IwMDAxIn0sInF1ZXJ5IjoiRXhlY3V0aW5nIChkZWZhdWx0KTogVVBEQVRFIGBEQl9JVVJBTmAgU0VUIGBJVVJBTl9QRURBR0FOR2A9PyxgSVVSQU5fVEFOR0dBTGA9PyxgSVVSQU5fSlVNTEFIYD0/LGBJVVJBTl9TVEFUVVNgPT8sYElVUkFOX01FVE9ERV9CQVlBUmA9PyxgSVVSQU5fV0FLVFVfQkFZQVJgPT8sYElVUkFOX1VTRVJgPT8sYHVwZGF0ZWRBdGA9PyBXSEVSRSBgSVVSQU5fQ09ERWAgPSA/In0=','2025-05-15 14:31:10','PSR0001'),(205,NULL,'USR001','update','success','eyJ1c2VyIjp7ImlkIjoiVVNSMDAxIiwibmFtZSI6InN1cGVyYWRtaW4iLCJsZXZlbCI6IlNVQSIsIm93bmVyIjoiUFNSMDAwNCJ9LCJxdWVyeSI6IkV4ZWN1dGluZyAoZGVmYXVsdCk6IFVQREFURSBgREJfSVVSQU5gIFNFVCBgSVVSQU5fU1RBVFVTYD0/LGBJVVJBTl9NRVRPREVfQkFZQVJgPT8sYElVUkFOX1VTRVJgPT8sYElVUkFOX1dBS1RVX0JBWUFSYD0/LGB1cGRhdGVkQXRgPT8gV0hFUkUgYElVUkFOX0NPREVgID0gPyJ9','2025-05-15 14:31:26','PSR0004'),(206,NULL,'PSR0001002','update','success','eyJ1c2VyIjp7ImlkIjoiUFNSMDAwMTAwMiIsIm5hbWUiOiJwZXR1Z2FzNCIsImxldmVsIjoiUFRHIiwib3duZXIiOiJQU1IwMDAxIn0sInF1ZXJ5IjoiRXhlY3V0aW5nIChkZWZhdWx0KTogVVBEQVRFIGBEQl9JVVJBTmAgU0VUIGBJVVJBTl9QRURBR0FOR2A9PyxgSVVSQU5fVEFOR0dBTGA9PyxgSVVSQU5fSlVNTEFIYD0/LGBJVVJBTl9TVEFUVVNgPT8sYElVUkFOX01FVE9ERV9CQVlBUmA9PyxgSVVSQU5fV0FLVFVfQkFZQVJgPT8sYElVUkFOX1VTRVJgPT8sYHVwZGF0ZWRBdGA9PyBXSEVSRSBgSVVSQU5fQ09ERWAgPSA/In0=','2025-05-15 14:58:45','PSR0001'),(207,NULL,'USR001','update','success','eyJ1c2VyIjp7ImlkIjoiVVNSMDAxIiwibmFtZSI6InN1cGVyYWRtaW4iLCJsZXZlbCI6IlNVQSIsIm93bmVyIjoiUFNSMDAwNCJ9LCJxdWVyeSI6IkV4ZWN1dGluZyAoZGVmYXVsdCk6IFVQREFURSBgREJfSVVSQU5gIFNFVCBgSVVSQU5fU1RBVFVTYD0/LGBJVVJBTl9NRVRPREVfQkFZQVJgPT8sYElVUkFOX1VTRVJgPT8sYElVUkFOX1dBS1RVX0JBWUFSYD0/LGB1cGRhdGVkQXRgPT8gV0hFUkUgYElVUkFOX0NPREVgID0gPyJ9','2025-05-15 14:59:07','PSR0004'),(208,NULL,'USR001','update','success','eyJ1c2VyIjp7ImlkIjoiVVNSMDAxIiwibmFtZSI6InN1cGVyYWRtaW4iLCJsZXZlbCI6IlNVQSIsIm93bmVyIjoiUFNSMDAwNCJ9LCJxdWVyeSI6IkV4ZWN1dGluZyAoZGVmYXVsdCk6IFVQREFURSBgREJfSVVSQU5gIFNFVCBgSVVSQU5fU1RBVFVTYD0/LGBJVVJBTl9NRVRPREVfQkFZQVJgPT8sYElVUkFOX1VTRVJgPT8sYElVUkFOX1dBS1RVX0JBWUFSYD0/LGB1cGRhdGVkQXRgPT8gV0hFUkUgYElVUkFOX0NPREVgID0gPyJ9','2025-05-16 02:49:13','PSR0004'),(209,NULL,'USR001','update','success','eyJ1c2VyIjp7ImlkIjoiVVNSMDAxIiwibmFtZSI6InN1cGVyYWRtaW4iLCJsZXZlbCI6IlNVQSIsIm93bmVyIjoiUFNSMDAwNCJ9LCJxdWVyeSI6IkV4ZWN1dGluZyAoZGVmYXVsdCk6IFVQREFURSBgREJfSVVSQU5gIFNFVCBgSVVSQU5fU1RBVFVTYD0/LGBJVVJBTl9NRVRPREVfQkFZQVJgPT8sYElVUkFOX1VTRVJgPT8sYElVUkFOX1dBS1RVX0JBWUFSYD0/LGB1cGRhdGVkQXRgPT8gV0hFUkUgYElVUkFOX0NPREVgID0gPyJ9','2025-05-16 03:14:42','PSR0004'),(210,NULL,'PSR0001002','update','success','eyJ1c2VyIjp7ImlkIjoiUFNSMDAwMTAwMiIsIm5hbWUiOiJwZXR1Z2FzNCIsImxldmVsIjoiUFRHIiwib3duZXIiOiJQU1IwMDAxIn0sInF1ZXJ5IjoiRXhlY3V0aW5nIChkZWZhdWx0KTogVVBEQVRFIGBEQl9JVVJBTmAgU0VUIGBJVVJBTl9TVEFUVVNgPT8sYElVUkFOX01FVE9ERV9CQVlBUmA9PyxgSVVSQU5fVVNFUmA9PyxgSVVSQU5fV0FLVFVfQkFZQVJgPT8sYHVwZGF0ZWRBdGA9PyBXSEVSRSBgSVVSQU5fQ09ERWAgPSA/In0=','2025-05-16 04:15:53','PSR0001'),(211,NULL,'PSR0001002','update','success','eyJ1c2VyIjp7ImlkIjoiUFNSMDAwMTAwMiIsIm5hbWUiOiJwZXR1Z2FzNCIsImxldmVsIjoiUFRHIiwib3duZXIiOiJQU1IwMDAxIn0sInF1ZXJ5IjoiRXhlY3V0aW5nIChkZWZhdWx0KTogVVBEQVRFIGBEQl9JVVJBTmAgU0VUIGBJVVJBTl9TVEFUVVNgPT8sYElVUkFOX01FVE9ERV9CQVlBUmA9PyxgSVVSQU5fVVNFUmA9PyxgSVVSQU5fV0FLVFVfQkFZQVJgPT8sYHVwZGF0ZWRBdGA9PyBXSEVSRSBgSVVSQU5fQ09ERWAgPSA/In0=','2025-05-16 06:14:14','PSR0001'),(212,NULL,'PSR0001002','update','success','eyJ1c2VyIjp7ImlkIjoiUFNSMDAwMTAwMiIsIm5hbWUiOiJwZXR1Z2FzNCIsImxldmVsIjoiUFRHIiwib3duZXIiOiJQU1IwMDAxIn0sInF1ZXJ5IjoiRXhlY3V0aW5nIChkZWZhdWx0KTogVVBEQVRFIGBEQl9JVVJBTmAgU0VUIGBJVVJBTl9TVEFUVVNgPT8sYElVUkFOX01FVE9ERV9CQVlBUmA9PyxgSVVSQU5fVVNFUmA9PyxgSVVSQU5fV0FLVFVfQkFZQVJgPT8sYHVwZGF0ZWRBdGA9PyBXSEVSRSBgSVVSQU5fQ09ERWAgPSA/In0=','2025-05-17 14:34:43','PSR0001'),(213,NULL,'USR001','update','success','eyJ1c2VyIjp7ImlkIjoiVVNSMDAxIiwibmFtZSI6InN1cGVyYWRtaW4iLCJsZXZlbCI6IlNVQSIsIm93bmVyIjoiUFNSMDAwNCJ9LCJxdWVyeSI6IkV4ZWN1dGluZyAoZGVmYXVsdCk6IFVQREFURSBgZGF0YV9wYXNhcnNgIFNFVCBgcGFzYXJfc3RhdHVzYD0/LGB1cGRhdGVkQXRgPT8gV0hFUkUgYHBhc2FyX2NvZGVgID0gPyJ9','2025-06-10 03:10:42','PSR0004'),(214,'PSR0001LAP001','USR001','update','success','eyJ1c2VyIjp7ImlkIjoiVVNSMDAxIiwibmFtZSI6InN1cGVyYWRtaW4iLCJsZXZlbCI6IlNVQSIsIm93bmVyIjoiUFNSMDAwNCJ9fQ==','2025-06-10 04:11:51','PSR0004'),(215,'PSR0001LAP001','USR001','update','failed','eyJ1c2VyIjp7ImlkIjoiVVNSMDAxIiwibmFtZSI6InN1cGVyYWRtaW4iLCJsZXZlbCI6IlNVQSIsIm93bmVyIjoiUFNSMDAwNCJ9fQ==','2025-06-10 04:11:51','PSR0004'),(216,'PSR0001LAP001','USR001','update','success','eyJ1c2VyIjp7ImlkIjoiVVNSMDAxIiwibmFtZSI6InN1cGVyYWRtaW4iLCJsZXZlbCI6IlNVQSIsIm93bmVyIjoiUFNSMDAwNCJ9fQ==','2025-06-10 04:14:09','PSR0004'),(217,'PSR0001LAP001','USR001','update','failed','eyJ1c2VyIjp7ImlkIjoiVVNSMDAxIiwibmFtZSI6InN1cGVyYWRtaW4iLCJsZXZlbCI6IlNVQSIsIm93bmVyIjoiUFNSMDAwNCJ9fQ==','2025-06-10 04:14:09','PSR0004'),(218,'PSR0001LAP006','USR001','update','success','eyJ1c2VyIjp7ImlkIjoiVVNSMDAxIiwibmFtZSI6InN1cGVyYWRtaW4iLCJsZXZlbCI6IlNVQSIsIm93bmVyIjoiUFNSMDAwNCJ9fQ==','2025-06-10 04:14:16','PSR0004'),(219,'PSR0001LAP006','USR001','update','failed','eyJ1c2VyIjp7ImlkIjoiVVNSMDAxIiwibmFtZSI6InN1cGVyYWRtaW4iLCJsZXZlbCI6IlNVQSIsIm93bmVyIjoiUFNSMDAwNCJ9fQ==','2025-06-10 04:14:16','PSR0004'),(220,'PSR0002LAP003','USR001','update','success','eyJ1c2VyIjp7ImlkIjoiVVNSMDAxIiwibmFtZSI6InN1cGVyYWRtaW4iLCJsZXZlbCI6IlNVQSIsIm93bmVyIjoiUFNSMDAwNCJ9fQ==','2025-06-10 04:14:25','PSR0004'),(221,'PSR0002LAP003','USR001','update','failed','eyJ1c2VyIjp7ImlkIjoiVVNSMDAxIiwibmFtZSI6InN1cGVyYWRtaW4iLCJsZXZlbCI6IlNVQSIsIm93bmVyIjoiUFNSMDAwNCJ9fQ==','2025-06-10 04:14:25','PSR0004'),(222,'PSR0002LAP003','USR001','update','success','eyJ1c2VyIjp7ImlkIjoiVVNSMDAxIiwibmFtZSI6InN1cGVyYWRtaW4iLCJsZXZlbCI6IlNVQSIsIm93bmVyIjoiUFNSMDAwNCJ9fQ==','2025-06-10 04:14:36','PSR0004'),(223,'PSR0002LAP003','USR001','update','failed','eyJ1c2VyIjp7ImlkIjoiVVNSMDAxIiwibmFtZSI6InN1cGVyYWRtaW4iLCJsZXZlbCI6IlNVQSIsIm93bmVyIjoiUFNSMDAwNCJ9fQ==','2025-06-10 04:14:36','PSR0004'),(224,'PSR0001LAP001','USR001','update','success','eyJ1c2VyIjp7ImlkIjoiVVNSMDAxIiwibmFtZSI6InN1cGVyYWRtaW4iLCJsZXZlbCI6IlNVQSIsIm93bmVyIjoiUFNSMDAwNCJ9fQ==','2025-06-10 04:17:24','PSR0004'),(225,'PSR0001LAP001','USR001','update','failed','eyJ1c2VyIjp7ImlkIjoiVVNSMDAxIiwibmFtZSI6InN1cGVyYWRtaW4iLCJsZXZlbCI6IlNVQSIsIm93bmVyIjoiUFNSMDAwNCJ9fQ==','2025-06-10 04:17:24','PSR0004'),(226,'PSR0001LAP001','USR001','update','success','eyJ1c2VyIjp7ImlkIjoiVVNSMDAxIiwibmFtZSI6InN1cGVyYWRtaW4iLCJsZXZlbCI6IlNVQSIsIm93bmVyIjoiUFNSMDAwNCJ9fQ==','2025-06-10 04:19:01','PSR0004'),(227,'PSR0001LAP001','USR001','update','failed','eyJ1c2VyIjp7ImlkIjoiVVNSMDAxIiwibmFtZSI6InN1cGVyYWRtaW4iLCJsZXZlbCI6IlNVQSIsIm93bmVyIjoiUFNSMDAwNCJ9fQ==','2025-06-10 04:19:01','PSR0004'),(228,'PSR0001LAP006','USR001','update','success','eyJ1c2VyIjp7ImlkIjoiVVNSMDAxIiwibmFtZSI6InN1cGVyYWRtaW4iLCJsZXZlbCI6IlNVQSIsIm93bmVyIjoiUFNSMDAwNCJ9LCJxdWVyeSI6IkV4ZWN1dGluZyAoZGVmYXVsdCk6IFVQREFURSBgREJfTEFQQUtgIFNFVCBgTEFQQUtfTkFNQWA9PyxgTEFQQUtfQkxPS2A9PyxgTEFQQUtfVUtVUkFOYD0/LGBMQVBBS19UWVBFYD0/LGBMQVBBS19QRU5ZRVdBYD0/LGBMQVBBS19NVUxBSWA9PyxgTEFQQUtfQUtISVJgPT8sYExBUEFLX1NUQVRVU2A9PyxgTEFQQUtfT1dORVJgPT8sYExBUEFLX0JVS1RJX0ZPVE9gPT8sYHVwZGF0ZWRBdGA9PyBXSEVSRSBgTEFQQUtfQ09ERWAgPSA/In0=','2025-06-10 04:27:51','PSR0004'),(229,'PSR0001LAP006','USR001','update','success','eyJ1c2VyIjp7ImlkIjoiVVNSMDAxIiwibmFtZSI6InN1cGVyYWRtaW4iLCJsZXZlbCI6IlNVQSIsIm93bmVyIjoiUFNSMDAwNCJ9LCJxdWVyeSI6IkV4ZWN1dGluZyAoZGVmYXVsdCk6IFVQREFURSBgREJfTEFQQUtgIFNFVCBgTEFQQUtfTkFNQWA9PyxgTEFQQUtfQkxPS2A9PyxgTEFQQUtfVUtVUkFOYD0/LGBMQVBBS19UWVBFYD0/LGBMQVBBS19QRU5ZRVdBYD0/LGBMQVBBS19NVUxBSWA9PyxgTEFQQUtfQUtISVJgPT8sYExBUEFLX1NUQVRVU2A9PyxgTEFQQUtfT1dORVJgPT8sYExBUEFLX0JVS1RJX0ZPVE9gPT8sYHVwZGF0ZWRBdGA9PyBXSEVSRSBgTEFQQUtfQ09ERWAgPSA/In0=','2025-06-10 04:32:29','PSR0004'),(230,'PSR0001LAP001','USR001','update','success','eyJ1c2VyIjp7ImlkIjoiVVNSMDAxIiwibmFtZSI6InN1cGVyYWRtaW4iLCJsZXZlbCI6IlNVQSIsIm93bmVyIjoiUFNSMDAwNCJ9LCJxdWVyeSI6IkV4ZWN1dGluZyAoZGVmYXVsdCk6IFVQREFURSBgREJfTEFQQUtgIFNFVCBgTEFQQUtfTkFNQWA9PyxgTEFQQUtfQkxPS2A9PyxgTEFQQUtfVUtVUkFOYD0/LGBMQVBBS19UWVBFYD0/LGBMQVBBS19QRU5ZRVdBYD0/LGBMQVBBS19NVUxBSWA9PyxgTEFQQUtfQUtISVJgPT8sYExBUEFLX1NUQVRVU2A9PyxgTEFQQUtfT1dORVJgPT8sYExBUEFLX0JVS1RJX0ZPVE9gPT8sYHVwZGF0ZWRBdGA9PyBXSEVSRSBgTEFQQUtfQ09ERWAgPSA/In0=','2025-06-10 04:39:01','PSR0004'),(231,'PSR0001LAP001','USR001','update','success','eyJ1c2VyIjp7ImlkIjoiVVNSMDAxIiwibmFtZSI6InN1cGVyYWRtaW4iLCJsZXZlbCI6IlNVQSIsIm93bmVyIjoiUFNSMDAwNCJ9LCJxdWVyeSI6IkV4ZWN1dGluZyAoZGVmYXVsdCk6IFVQREFURSBgREJfTEFQQUtgIFNFVCBgTEFQQUtfTkFNQWA9PyxgTEFQQUtfQkxPS2A9PyxgTEFQQUtfVUtVUkFOYD0/LGBMQVBBS19UWVBFYD0/LGBMQVBBS19QRU5ZRVdBYD0/LGBMQVBBS19NVUxBSWA9PyxgTEFQQUtfQUtISVJgPT8sYExBUEFLX1NUQVRVU2A9PyxgTEFQQUtfT1dORVJgPT8sYExBUEFLX0JVS1RJX0ZPVE9gPT8sYHVwZGF0ZWRBdGA9PyBXSEVSRSBgTEFQQUtfQ09ERWAgPSA/In0=','2025-06-10 04:39:14','PSR0004'),(232,'PSR0001LAP001','USR001','update','success','eyJ1c2VyIjp7ImlkIjoiVVNSMDAxIiwibmFtZSI6InN1cGVyYWRtaW4iLCJsZXZlbCI6IlNVQSIsIm93bmVyIjoiUFNSMDAwNCJ9LCJxdWVyeSI6IkV4ZWN1dGluZyAoZGVmYXVsdCk6IFVQREFURSBgREJfTEFQQUtgIFNFVCBgTEFQQUtfTkFNQWA9PyxgTEFQQUtfQkxPS2A9PyxgTEFQQUtfVUtVUkFOYD0/LGBMQVBBS19UWVBFYD0/LGBMQVBBS19QRU5ZRVdBYD0/LGBMQVBBS19NVUxBSWA9PyxgTEFQQUtfQUtISVJgPT8sYExBUEFLX1NUQVRVU2A9PyxgTEFQQUtfT1dORVJgPT8sYExBUEFLX0JVS1RJX0ZPVE9gPT8sYHVwZGF0ZWRBdGA9PyBXSEVSRSBgTEFQQUtfQ09ERWAgPSA/In0=','2025-06-10 04:51:42','PSR0004'),(233,'PSR0001LAP001','USR001','update','success','eyJ1c2VyIjp7ImlkIjoiVVNSMDAxIiwibmFtZSI6InN1cGVyYWRtaW4iLCJsZXZlbCI6IlNVQSIsIm93bmVyIjoiUFNSMDAwNCJ9LCJxdWVyeSI6IkV4ZWN1dGluZyAoZGVmYXVsdCk6IFVQREFURSBgREJfTEFQQUtgIFNFVCBgTEFQQUtfTkFNQWA9PyxgTEFQQUtfQkxPS2A9PyxgTEFQQUtfVUtVUkFOYD0/LGBMQVBBS19UWVBFYD0/LGBMQVBBS19QRU5ZRVdBYD0/LGBMQVBBS19NVUxBSWA9PyxgTEFQQUtfQUtISVJgPT8sYExBUEFLX1NUQVRVU2A9PyxgTEFQQUtfT1dORVJgPT8sYExBUEFLX0JVS1RJX0ZPVE9gPT8sYHVwZGF0ZWRBdGA9PyBXSEVSRSBgTEFQQUtfQ09ERWAgPSA/In0=','2025-06-10 04:59:58','PSR0004'),(234,'PSR0001LAP001','USR001','update','success','eyJ1c2VyIjp7ImlkIjoiVVNSMDAxIiwibmFtZSI6InN1cGVyYWRtaW4iLCJsZXZlbCI6IlNVQSIsIm93bmVyIjoiUFNSMDAwNCJ9LCJxdWVyeSI6IkV4ZWN1dGluZyAoZGVmYXVsdCk6IFVQREFURSBgREJfTEFQQUtgIFNFVCBgTEFQQUtfTkFNQWA9PyxgTEFQQUtfQkxPS2A9PyxgTEFQQUtfVUtVUkFOYD0/LGBMQVBBS19UWVBFYD0/LGBMQVBBS19QRU5ZRVdBYD0/LGBMQVBBS19NVUxBSWA9PyxgTEFQQUtfQUtISVJgPT8sYExBUEFLX1NUQVRVU2A9PyxgTEFQQUtfT1dORVJgPT8sYExBUEFLX0JVS1RJX0ZPVE9gPT8sYHVwZGF0ZWRBdGA9PyBXSEVSRSBgTEFQQUtfQ09ERWAgPSA/In0=','2025-06-10 05:00:32','PSR0004'),(235,'PSR0001LAP001','USR001','update','success','eyJ1c2VyIjp7ImlkIjoiVVNSMDAxIiwibmFtZSI6InN1cGVyYWRtaW4iLCJsZXZlbCI6IlNVQSIsIm93bmVyIjoiUFNSMDAwNCJ9LCJxdWVyeSI6IkV4ZWN1dGluZyAoZGVmYXVsdCk6IFVQREFURSBgREJfTEFQQUtgIFNFVCBgTEFQQUtfTkFNQWA9PyxgTEFQQUtfQkxPS2A9PyxgTEFQQUtfVUtVUkFOYD0/LGBMQVBBS19UWVBFYD0/LGBMQVBBS19QRU5ZRVdBYD0/LGBMQVBBS19NVUxBSWA9PyxgTEFQQUtfQUtISVJgPT8sYExBUEFLX1NUQVRVU2A9PyxgTEFQQUtfT1dORVJgPT8sYExBUEFLX0JVS1RJX0ZPVE9gPT8sYHVwZGF0ZWRBdGA9PyBXSEVSRSBgTEFQQUtfQ09ERWAgPSA/In0=','2025-06-10 05:00:55','PSR0004'),(236,'PSR0001LAP001','USR001','update','success','eyJ1c2VyIjp7ImlkIjoiVVNSMDAxIiwibmFtZSI6InN1cGVyYWRtaW4iLCJsZXZlbCI6IlNVQSIsIm93bmVyIjoiUFNSMDAwNCJ9LCJxdWVyeSI6IkV4ZWN1dGluZyAoZGVmYXVsdCk6IFVQREFURSBgREJfTEFQQUtgIFNFVCBgTEFQQUtfTkFNQWA9PyxgTEFQQUtfQkxPS2A9PyxgTEFQQUtfVUtVUkFOYD0/LGBMQVBBS19UWVBFYD0/LGBMQVBBS19QRU5ZRVdBYD0/LGBMQVBBS19NVUxBSWA9PyxgTEFQQUtfQUtISVJgPT8sYExBUEFLX1NUQVRVU2A9PyxgTEFQQUtfT1dORVJgPT8sYExBUEFLX0JVS1RJX0ZPVE9gPT8sYHVwZGF0ZWRBdGA9PyBXSEVSRSBgTEFQQUtfQ09ERWAgPSA/In0=','2025-06-10 05:01:19','PSR0004'),(237,'PSR0001LAP001','USR001','update','success','eyJ1c2VyIjp7ImlkIjoiVVNSMDAxIiwibmFtZSI6InN1cGVyYWRtaW4iLCJsZXZlbCI6IlNVQSIsIm93bmVyIjoiUFNSMDAwNCJ9LCJxdWVyeSI6IkV4ZWN1dGluZyAoZGVmYXVsdCk6IFVQREFURSBgREJfTEFQQUtgIFNFVCBgTEFQQUtfTkFNQWA9PyxgTEFQQUtfQkxPS2A9PyxgTEFQQUtfVUtVUkFOYD0/LGBMQVBBS19UWVBFYD0/LGBMQVBBS19QRU5ZRVdBYD0/LGBMQVBBS19NVUxBSWA9PyxgTEFQQUtfQUtISVJgPT8sYExBUEFLX1NUQVRVU2A9PyxgTEFQQUtfT1dORVJgPT8sYExBUEFLX0JVS1RJX0ZPVE9gPT8sYHVwZGF0ZWRBdGA9PyBXSEVSRSBgTEFQQUtfQ09ERWAgPSA/In0=','2025-06-10 05:08:33','PSR0004'),(238,NULL,'USR001','update','success','eyJ1c2VyIjp7ImlkIjoiVVNSMDAxIiwibmFtZSI6InN1cGVyYWRtaW4iLCJsZXZlbCI6IlNVQSIsIm93bmVyIjoiUFNSMDAwNCJ9fQ==','2025-06-10 06:19:41','PSR0004'),(239,'PSR0004002','USR001','update','failed','eyJ1c2VyIjp7ImlkIjoiVVNSMDAxIiwibmFtZSI6InN1cGVyYWRtaW4iLCJsZXZlbCI6IlNVQSIsIm93bmVyIjoiUFNSMDAwNCJ9fQ==','2025-06-10 06:19:41','PSR0004'),(240,NULL,'USR001','update','success','eyJ1c2VyIjp7ImlkIjoiVVNSMDAxIiwibmFtZSI6InN1cGVyYWRtaW4iLCJsZXZlbCI6IlNVQSIsIm93bmVyIjoiUFNSMDAwNCJ9fQ==','2025-06-10 06:19:58','PSR0004'),(241,'PSR0004002','USR001','update','failed','eyJ1c2VyIjp7ImlkIjoiVVNSMDAxIiwibmFtZSI6InN1cGVyYWRtaW4iLCJsZXZlbCI6IlNVQSIsIm93bmVyIjoiUFNSMDAwNCJ9fQ==','2025-06-10 06:19:58','PSR0004'),(242,'PSR0001003','USR001','create','success','e30=','2025-06-10 06:20:33','PSR0004'),(243,'PSR0001LAP001','PSR0001003','update','success','eyJ1c2VyIjp7ImlkIjoiUFNSMDAwMTAwMyIsIm5hbWUiOiJwZW5nZ3VuYTIiLCJsZXZlbCI6IlBHTiIsIm93bmVyIjoiUFNSMDAwMSJ9LCJxdWVyeSI6IkV4ZWN1dGluZyAoZGVmYXVsdCk6IFVQREFURSBgREJfTEFQQUtgIFNFVCBgTEFQQUtfTkFNQWA9PyxgTEFQQUtfQkxPS2A9PyxgTEFQQUtfVUtVUkFOYD0/LGBMQVBBS19UWVBFYD0/LGBMQVBBS19QRU5ZRVdBYD0/LGBMQVBBS19NVUxBSWA9PyxgTEFQQUtfQUtISVJgPT8sYExBUEFLX1NUQVRVU2A9PyxgTEFQQUtfT1dORVJgPT8sYExBUEFLX0JVS1RJX0ZPVE9gPT8sYHVwZGF0ZWRBdGA9PyBXSEVSRSBgTEFQQUtfQ09ERWAgPSA/In0=','2025-06-10 06:22:22','PSR0001'),(244,'PSR0001LAP001','PSR0001003','update','success','eyJ1c2VyIjp7ImlkIjoiUFNSMDAwMTAwMyIsIm5hbWUiOiJwZW5nZ3VuYTIiLCJsZXZlbCI6IlBHTiIsIm93bmVyIjoiUFNSMDAwMSJ9LCJxdWVyeSI6IkV4ZWN1dGluZyAoZGVmYXVsdCk6IFVQREFURSBgREJfTEFQQUtgIFNFVCBgTEFQQUtfTkFNQWA9PyxgTEFQQUtfQkxPS2A9PyxgTEFQQUtfVUtVUkFOYD0/LGBMQVBBS19UWVBFYD0/LGBMQVBBS19QRU5ZRVdBYD0/LGBMQVBBS19NVUxBSWA9PyxgTEFQQUtfQUtISVJgPT8sYExBUEFLX1NUQVRVU2A9PyxgTEFQQUtfT1dORVJgPT8sYExBUEFLX0JVS1RJX0ZPVE9gPT8sYHVwZGF0ZWRBdGA9PyBXSEVSRSBgTEFQQUtfQ09ERWAgPSA/In0=','2025-06-10 06:22:35','PSR0001'),(245,'CUST00001','USR001','update','success','eyJ1c2VyIjp7ImlkIjoiVVNSMDAxIiwibmFtZSI6InN1cGVyYWRtaW4iLCJsZXZlbCI6IlNVQSIsIm93bmVyIjoiUFNSMDAwNCJ9LCJxdWVyeSI6IkV4ZWN1dGluZyAoZGVmYXVsdCk6IFVQREFURSBgREJfUEVEQUdBTkdgIFNFVCBgQ1VTVF9OQU1BYD0/LGBDVVNUX05JS2A9PyxgQ1VTVF9QSE9ORWA9PyxgQ1VTVF9PV05FUmA9PyxgQ1VTVF9JVVJBTmA9PyxgQ1VTVF9TVEFUVVNgPT8sYHVwZGF0ZWRBdGA9PyBXSEVSRSBgQ1VTVF9DT0RFYCA9ID8ifQ==','2025-06-10 07:04:14','PSR0004'),(246,'CUST00001','USR001','update','success','eyJ1c2VyIjp7ImlkIjoiVVNSMDAxIiwibmFtZSI6InN1cGVyYWRtaW4iLCJsZXZlbCI6IlNVQSIsIm93bmVyIjoiUFNSMDAwNCJ9LCJxdWVyeSI6IkV4ZWN1dGluZyAoZGVmYXVsdCk6IFVQREFURSBgREJfTEFQQUtgIFNFVCBgTEFQQUtfU1RBVFVTYD0/LGBMQVBBS19QRU5ZRVdBYD0/LGBMQVBBS19NVUxBSWA9PyxgTEFQQUtfQUtISVJgPT8sYExBUEFLX0JVS1RJX0ZPVE9gPT8sYHVwZGF0ZWRBdGA9PyBXSEVSRSBgTEFQQUtfQ09ERWAgPSA/In0=','2025-06-10 07:04:14','PSR0004'),(247,'CUST00001','USR001','update','success','eyJ1c2VyIjp7ImlkIjoiVVNSMDAxIiwibmFtZSI6InN1cGVyYWRtaW4iLCJsZXZlbCI6IlNVQSIsIm93bmVyIjoiUFNSMDAwNCJ9LCJxdWVyeSI6IkV4ZWN1dGluZyAoMTgxMjg1ZTEtM2NjNC00Njk3LTk4YTEtMTM1MDUxMTk1MmE1KTogVVBEQVRFIGBEQl9QRURBR0FOR2AgU0VUIGBDVVNUX05BTUFgPT8sYENVU1RfTklLYD0/LGBDVVNUX1BIT05FYD0/LGBDVVNUX09XTkVSYD0/LGBDVVNUX0lVUkFOYD0/LGBDVVNUX1NUQVRVU2A9PyxgdXBkYXRlZEF0YD0/IFdIRVJFIGBDVVNUX0NPREVgID0gPyJ9','2025-06-10 07:34:28','PSR0004'),(248,'CUST00001','USR001','update','success','eyJ1c2VyIjp7ImlkIjoiVVNSMDAxIiwibmFtZSI6InN1cGVyYWRtaW4iLCJsZXZlbCI6IlNVQSIsIm93bmVyIjoiUFNSMDAwNCJ9LCJxdWVyeSI6IkV4ZWN1dGluZyAoNmVhMjM1OTMtNTc3MS00MzJiLTlmZmMtZmFjZDhkNWVlNjIxKTogVVBEQVRFIGBEQl9QRURBR0FOR2AgU0VUIGBDVVNUX05BTUFgPT8sYENVU1RfTklLYD0/LGBDVVNUX1BIT05FYD0/LGBDVVNUX09XTkVSYD0/LGBDVVNUX0lVUkFOYD0/LGBDVVNUX1NUQVRVU2A9PyxgdXBkYXRlZEF0YD0/IFdIRVJFIGBDVVNUX0NPREVgID0gPyJ9','2025-06-10 07:34:32','PSR0004'),(249,'CUST00006','USR001','update','success','eyJ1c2VyIjp7ImlkIjoiVVNSMDAxIiwibmFtZSI6InN1cGVyYWRtaW4iLCJsZXZlbCI6IlNVQSIsIm93bmVyIjoiUFNSMDAwNCJ9LCJxdWVyeSI6IkV4ZWN1dGluZyAoNmQyNWRmZjMtM2NlMi00YzUyLTliMmUtZmM2ZThkNTk3OWU1KTogVVBEQVRFIGBEQl9QRURBR0FOR2AgU0VUIGBDVVNUX05BTUFgPT8sYENVU1RfTklLYD0/LGBDVVNUX1BIT05FYD0/LGBDVVNUX09XTkVSYD0/LGBDVVNUX0lVUkFOYD0/LGBDVVNUX1NUQVRVU2A9PyxgdXBkYXRlZEF0YD0/IFdIRVJFIGBDVVNUX0NPREVgID0gPyJ9','2025-06-10 07:39:35','PSR0004'),(250,'CUST00010','USR001','update','success','eyJ1c2VyIjp7ImlkIjoiVVNSMDAxIiwibmFtZSI6InN1cGVyYWRtaW4iLCJsZXZlbCI6IlNVQSIsIm93bmVyIjoiUFNSMDAwNCJ9LCJxdWVyeSI6IkV4ZWN1dGluZyAoMDdhYTI5NGMtMGZmZS00ODIxLTk5NDYtZmQ5MjMxNzkzZmNkKTogVVBEQVRFIGBEQl9QRURBR0FOR2AgU0VUIGBDVVNUX05BTUFgPT8sYENVU1RfTklLYD0/LGBDVVNUX1BIT05FYD0/LGBDVVNUX09XTkVSYD0/LGBDVVNUX0lVUkFOYD0/LGBDVVNUX1NUQVRVU2A9PyxgdXBkYXRlZEF0YD0/IFdIRVJFIGBDVVNUX0NPREVgID0gPyJ9','2025-06-10 07:39:48','PSR0004'),(251,'CUST00002','USR001','update','success','eyJ1c2VyIjp7ImlkIjoiVVNSMDAxIiwibmFtZSI6InN1cGVyYWRtaW4iLCJsZXZlbCI6IlNVQSIsIm93bmVyIjoiUFNSMDAwNCJ9LCJxdWVyeSI6IkV4ZWN1dGluZyAoOTBhZjU2ZTktZjJlZi00MDZjLWJkYjEtNzVlMmU4MTAwM2VmKTogVVBEQVRFIGBEQl9QRURBR0FOR2AgU0VUIGBDVVNUX05BTUFgPT8sYENVU1RfTklLYD0/LGBDVVNUX1BIT05FYD0/LGBDVVNUX09XTkVSYD0/LGBDVVNUX0lVUkFOYD0/LGBDVVNUX1NUQVRVU2A9PyxgdXBkYXRlZEF0YD0/IFdIRVJFIGBDVVNUX0NPREVgID0gPyJ9','2025-06-10 07:43:39','PSR0004'),(252,'PSR0001LAP003','PSR0001002','update','success','eyJ1c2VyIjp7ImlkIjoiUFNSMDAwMTAwMiIsIm5hbWUiOiJwZXR1Z2FzNCIsImxldmVsIjoiUFRHIiwib3duZXIiOiJQU1IwMDAxIn0sInF1ZXJ5IjoiRXhlY3V0aW5nIChkZWZhdWx0KTogVVBEQVRFIGBEQl9MQVBBS2AgU0VUIGBMQVBBS19OQU1BYD0/LGBMQVBBS19CTE9LYD0/LGBMQVBBS19VS1VSQU5gPT8sYExBUEFLX1RZUEVgPT8sYExBUEFLX1BFTllFV0FgPT8sYExBUEFLX01VTEFJYD0/LGBMQVBBS19BS0hJUmA9PyxgTEFQQUtfU1RBVFVTYD0/LGBMQVBBS19PV05FUmA9PyxgTEFQQUtfQlVLVElfRk9UT2A9PyxgdXBkYXRlZEF0YD0/IFdIRVJFIGBMQVBBS19DT0RFYCA9ID8ifQ==','2025-06-10 07:53:03','PSR0001'),(253,'PSR0002LAP003','USR001','update','success','eyJ1c2VyIjp7ImlkIjoiVVNSMDAxIiwibmFtZSI6InN1cGVyYWRtaW4iLCJsZXZlbCI6IlNVQSIsIm93bmVyIjoiUFNSMDAwNCJ9LCJxdWVyeSI6IkV4ZWN1dGluZyAoZGVmYXVsdCk6IFVQREFURSBgREJfTEFQQUtgIFNFVCBgTEFQQUtfTkFNQWA9PyxgTEFQQUtfQkxPS2A9PyxgTEFQQUtfVUtVUkFOYD0/LGBMQVBBS19UWVBFYD0/LGBMQVBBS19QRU5ZRVdBYD0/LGBMQVBBS19NVUxBSWA9PyxgTEFQQUtfQUtISVJgPT8sYExBUEFLX1NUQVRVU2A9PyxgTEFQQUtfT1dORVJgPT8sYExBUEFLX0JVS1RJX0ZPVE9gPT8sYHVwZGF0ZWRBdGA9PyBXSEVSRSBgTEFQQUtfQ09ERWAgPSA/In0=','2025-06-10 08:09:57','PSR0004'),(254,NULL,'USR001','update','success','eyJ1c2VyIjp7ImlkIjoiVVNSMDAxIiwibmFtZSI6InN1cGVyYWRtaW4iLCJsZXZlbCI6IlNVQSIsIm93bmVyIjoiUFNSMDAwNCJ9LCJxdWVyeSI6IkV4ZWN1dGluZyAoZGVmYXVsdCk6IFVQREFURSBgREJfSVVSQU5gIFNFVCBgSVVSQU5fUEVEQUdBTkdgPT8sYElVUkFOX1RBTkdHQUxgPT8sYElVUkFOX0pVTUxBSGA9PyxgSVVSQU5fU1RBVFVTYD0/LGBJVVJBTl9NRVRPREVfQkFZQVJgPT8sYElVUkFOX1dBS1RVX0JBWUFSYD0/LGBJVVJBTl9CVUtUSV9GT1RPYD0/LGBJVVJBTl9VU0VSYD0/LGB1cGRhdGVkQXRgPT8gV0hFUkUgYElVUkFOX0NPREVgID0gPyJ9','2025-06-10 08:28:19','PSR0004'),(255,NULL,'USR001','update','success','eyJ1c2VyIjp7ImlkIjoiVVNSMDAxIiwibmFtZSI6InN1cGVyYWRtaW4iLCJsZXZlbCI6IlNVQSIsIm93bmVyIjoiUFNSMDAwNCJ9LCJxdWVyeSI6IkV4ZWN1dGluZyAoZGVmYXVsdCk6IFVQREFURSBgREJfSVVSQU5gIFNFVCBgSVVSQU5fUEVEQUdBTkdgPT8sYElVUkFOX1RBTkdHQUxgPT8sYElVUkFOX0pVTUxBSGA9PyxgSVVSQU5fU1RBVFVTYD0/LGBJVVJBTl9NRVRPREVfQkFZQVJgPT8sYElVUkFOX1dBS1RVX0JBWUFSYD0/LGBJVVJBTl9CVUtUSV9GT1RPYD0/LGBJVVJBTl9VU0VSYD0/LGB1cGRhdGVkQXRgPT8gV0hFUkUgYElVUkFOX0NPREVgID0gPyJ9','2025-06-10 08:41:52','PSR0004'),(256,'IU2025051700010','USR001','update','failed','eyJ1c2VyIjp7ImlkIjoiVVNSMDAxIiwibmFtZSI6InN1cGVyYWRtaW4iLCJsZXZlbCI6IlNVQSIsIm93bmVyIjoiUFNSMDAwNCJ9fQ==','2025-06-10 08:58:42','PSR0004'),(257,'IU2025051700010','USR001','update','success','eyJ1c2VyIjp7ImlkIjoiVVNSMDAxIiwibmFtZSI6InN1cGVyYWRtaW4iLCJsZXZlbCI6IlNVQSIsIm93bmVyIjoiUFNSMDAwNCJ9LCJxdWVyeSI6IkV4ZWN1dGluZyAoZGVmYXVsdCk6IFVQREFURSBgREJfSVVSQU5gIFNFVCBgSVVSQU5fUEVEQUdBTkdgPT8sYElVUkFOX1RBTkdHQUxgPT8sYElVUkFOX0pVTUxBSGA9PyxgSVVSQU5fU1RBVFVTYD0/LGBJVVJBTl9NRVRPREVfQkFZQVJgPT8sYElVUkFOX1dBS1RVX0JBWUFSYD0/LGBJVVJBTl9CVUtUSV9GT1RPYD0/LGBJVVJBTl9VU0VSYD0/LGB1cGRhdGVkQXRgPT8gV0hFUkUgYElVUkFOX0NPREVgID0gPyJ9','2025-06-10 08:59:44','PSR0004'),(258,'IU2025051700010','USR001','update','success','eyJ1c2VyIjp7ImlkIjoiVVNSMDAxIiwibmFtZSI6InN1cGVyYWRtaW4iLCJsZXZlbCI6IlNVQSIsIm93bmVyIjoiUFNSMDAwNCJ9LCJxdWVyeSI6IkV4ZWN1dGluZyAoZGVmYXVsdCk6IFVQREFURSBgREJfSVVSQU5gIFNFVCBgSVVSQU5fUEVEQUdBTkdgPT8sYElVUkFOX1RBTkdHQUxgPT8sYElVUkFOX0pVTUxBSGA9PyxgSVVSQU5fU1RBVFVTYD0/LGBJVVJBTl9NRVRPREVfQkFZQVJgPT8sYElVUkFOX1dBS1RVX0JBWUFSYD0/LGBJVVJBTl9CVUtUSV9GT1RPYD0/LGBJVVJBTl9VU0VSYD0/LGB1cGRhdGVkQXRgPT8gV0hFUkUgYElVUkFOX0NPREVgID0gPyJ9','2025-06-10 12:45:44','PSR0004'),(259,'IU2025051700010','USR001','update','success','eyJ1c2VyIjp7ImlkIjoiVVNSMDAxIiwibmFtZSI6InN1cGVyYWRtaW4iLCJsZXZlbCI6IlNVQSIsIm93bmVyIjoiUFNSMDAwNCJ9LCJxdWVyeSI6IkV4ZWN1dGluZyAoZGVmYXVsdCk6IFVQREFURSBgREJfSVVSQU5gIFNFVCBgSVVSQU5fUEVEQUdBTkdgPT8sYElVUkFOX1RBTkdHQUxgPT8sYElVUkFOX0pVTUxBSGA9PyxgSVVSQU5fU1RBVFVTYD0/LGBJVVJBTl9NRVRPREVfQkFZQVJgPT8sYElVUkFOX1dBS1RVX0JBWUFSYD0/LGBJVVJBTl9CVUtUSV9GT1RPYD0/LGBJVVJBTl9VU0VSYD0/LGB1cGRhdGVkQXRgPT8gV0hFUkUgYElVUkFOX0NPREVgID0gPyJ9','2025-06-10 12:46:12','PSR0004'),(260,'IU2025051700003','USR001','update','success','eyJ1c2VyIjp7ImlkIjoiVVNSMDAxIiwibmFtZSI6InN1cGVyYWRtaW4iLCJsZXZlbCI6IlNVQSIsIm93bmVyIjoiUFNSMDAwNCJ9LCJxdWVyeSI6IkV4ZWN1dGluZyAoZGVmYXVsdCk6IFVQREFURSBgREJfSVVSQU5gIFNFVCBgSVVSQU5fUEVEQUdBTkdgPT8sYElVUkFOX1RBTkdHQUxgPT8sYElVUkFOX0pVTUxBSGA9PyxgSVVSQU5fU1RBVFVTYD0/LGBJVVJBTl9NRVRPREVfQkFZQVJgPT8sYElVUkFOX1dBS1RVX0JBWUFSYD0/LGBJVVJBTl9CVUtUSV9GT1RPYD0/LGBJVVJBTl9VU0VSYD0/LGB1cGRhdGVkQXRgPT8gV0hFUkUgYElVUkFOX0NPREVgID0gPyJ9','2025-06-10 12:49:14','PSR0004'),(261,'IU2025051700003','USR001','update','success','eyJ1c2VyIjp7ImlkIjoiVVNSMDAxIiwibmFtZSI6InN1cGVyYWRtaW4iLCJsZXZlbCI6IlNVQSIsIm93bmVyIjoiUFNSMDAwNCJ9LCJxdWVyeSI6IkV4ZWN1dGluZyAoNDZmODBjODItNDZhNi00NzRiLThiNzgtYjQ1ODM4MzJmODliKTogVVBEQVRFIGBEQl9JVVJBTmAgU0VUIGBJVVJBTl9QRURBR0FOR2A9PyxgSVVSQU5fVEFOR0dBTGA9PyxgSVVSQU5fSlVNTEFIYD0/LGBJVVJBTl9TVEFUVVNgPT8sYElVUkFOX01FVE9ERV9CQVlBUmA9PyxgSVVSQU5fV0FLVFVfQkFZQVJgPT8sYElVUkFOX0JVS1RJX0ZPVE9gPT8sYElVUkFOX1VTRVJgPT8sYHVwZGF0ZWRBdGA9PyBXSEVSRSBgSVVSQU5fQ09ERWAgPSA/In0=','2025-06-10 12:57:04','PSR0004'),(262,'IU2025051700009','PSR0001002','update','success','eyJ1c2VyIjp7ImlkIjoiUFNSMDAwMTAwMiIsIm5hbWUiOiJwZXR1Z2FzNCIsImxldmVsIjoiUFRHIiwib3duZXIiOiJQU1IwMDAxIn0sInF1ZXJ5IjoiRXhlY3V0aW5nIChhMGU0OGQxMC04ZDhiLTQyMDAtYjkxZS01NGVmMzMwMzFiZDApOiBVUERBVEUgYERCX0lVUkFOYCBTRVQgYElVUkFOX1BFREFHQU5HYD0/LGBJVVJBTl9UQU5HR0FMYD0/LGBJVVJBTl9KVU1MQUhgPT8sYElVUkFOX1NUQVRVU2A9PyxgSVVSQU5fTUVUT0RFX0JBWUFSYD0/LGBJVVJBTl9XQUtUVV9CQVlBUmA9PyxgSVVSQU5fQlVLVElfRk9UT2A9PyxgSVVSQU5fVVNFUmA9PyxgdXBkYXRlZEF0YD0/IFdIRVJFIGBJVVJBTl9DT0RFYCA9ID8ifQ==','2025-06-10 13:03:31','PSR0001'),(263,'PSR0001LAP003','PSR0001002','update','success','eyJ1c2VyIjp7ImlkIjoiUFNSMDAwMTAwMiIsIm5hbWUiOiJwZXR1Z2FzNCIsImxldmVsIjoiUFRHIiwib3duZXIiOiJQU1IwMDAxIn0sInF1ZXJ5IjoiRXhlY3V0aW5nIChkZWZhdWx0KTogVVBEQVRFIGBEQl9MQVBBS2AgU0VUIGBMQVBBS19OQU1BYD0/LGBMQVBBS19CTE9LYD0/LGBMQVBBS19VS1VSQU5gPT8sYExBUEFLX1RZUEVgPT8sYExBUEFLX1BFTllFV0FgPT8sYExBUEFLX01VTEFJYD0/LGBMQVBBS19BS0hJUmA9PyxgTEFQQUtfU1RBVFVTYD0/LGBMQVBBS19PV05FUmA9PyxgTEFQQUtfQlVLVElfRk9UT2A9PyxgdXBkYXRlZEF0YD0/IFdIRVJFIGBMQVBBS19DT0RFYCA9ID8ifQ==','2025-06-10 13:09:05','PSR0001'),(264,'PSR0001LAP005','PSR0001002','update','success','eyJ1c2VyIjp7ImlkIjoiUFNSMDAwMTAwMiIsIm5hbWUiOiJwZXR1Z2FzNCIsImxldmVsIjoiUFRHIiwib3duZXIiOiJQU1IwMDAxIn0sInF1ZXJ5IjoiRXhlY3V0aW5nIChkZWZhdWx0KTogVVBEQVRFIGBEQl9MQVBBS2AgU0VUIGBMQVBBS19OQU1BYD0/LGBMQVBBS19CTE9LYD0/LGBMQVBBS19VS1VSQU5gPT8sYExBUEFLX1RZUEVgPT8sYExBUEFLX1BFTllFV0FgPT8sYExBUEFLX01VTEFJYD0/LGBMQVBBS19BS0hJUmA9PyxgTEFQQUtfU1RBVFVTYD0/LGBMQVBBS19PV05FUmA9PyxgTEFQQUtfQlVLVElfRk9UT2A9PyxgdXBkYXRlZEF0YD0/IFdIRVJFIGBMQVBBS19DT0RFYCA9ID8ifQ==','2025-06-10 13:09:32','PSR0001'),(265,'IU2025051700009','PSR0001003','update','success','eyJ1c2VyIjp7ImlkIjoiUFNSMDAwMTAwMyIsIm5hbWUiOiJwZW5nZ3VuYTIiLCJsZXZlbCI6IlBHTiIsIm93bmVyIjoiUFNSMDAwMSJ9LCJxdWVyeSI6IkV4ZWN1dGluZyAoMzIyMTc5MDAtZTg1Yi00NGMwLWEyY2EtOWQ5MjI3MDlhMGJjKTogVVBEQVRFIGBEQl9JVVJBTmAgU0VUIGBJVVJBTl9QRURBR0FOR2A9PyxgSVVSQU5fVEFOR0dBTGA9PyxgSVVSQU5fSlVNTEFIYD0/LGBJVVJBTl9TVEFUVVNgPT8sYElVUkFOX01FVE9ERV9CQVlBUmA9PyxgSVVSQU5fV0FLVFVfQkFZQVJgPT8sYElVUkFOX0JVS1RJX0ZPVE9gPT8sYElVUkFOX1VTRVJgPT8sYHVwZGF0ZWRBdGA9PyBXSEVSRSBgSVVSQU5fQ09ERWAgPSA/In0=','2025-06-11 01:50:04','PSR0001'),(266,'IU2025051600007','PSR0001003','update','success','eyJ1c2VyIjp7ImlkIjoiUFNSMDAwMTAwMyIsIm5hbWUiOiJwZW5nZ3VuYTIiLCJsZXZlbCI6IlBHTiIsIm93bmVyIjoiUFNSMDAwMSJ9LCJxdWVyeSI6IkV4ZWN1dGluZyAoMzE3YzA2NWYtODFlNS00M2U4LTk5NzgtYmQ4ZmJhY2ZiOGU5KTogVVBEQVRFIGBEQl9JVVJBTmAgU0VUIGBJVVJBTl9TVEFUVVNgPT8sYElVUkFOX01FVE9ERV9CQVlBUmA9PyxgSVVSQU5fVVNFUmA9PyxgSVVSQU5fV0FLVFVfQkFZQVJgPT8sYElVUkFOX0JVS1RJX0ZPVE9gPT8sYHVwZGF0ZWRBdGA9PyBXSEVSRSBgSVVSQU5fQ09ERWAgPSA/In0=','2025-06-11 01:59:33','PSR0001'),(267,'IU2025051600007','PSR0001003','update','success','eyJ1c2VyIjp7ImlkIjoiUFNSMDAwMTAwMyIsIm5hbWUiOiJwZW5nZ3VuYTIiLCJsZXZlbCI6IlBHTiIsIm93bmVyIjoiUFNSMDAwMSJ9LCJxdWVyeSI6IkV4ZWN1dGluZyAoMjI5NDAxN2MtYjhjNy00Y2MwLWFhZGEtOTlhZmIyZTdmYzZmKTogVVBEQVRFIGBEQl9JVVJBTmAgU0VUIGBJVVJBTl9TVEFUVVNgPT8sYElVUkFOX01FVE9ERV9CQVlBUmA9PyxgSVVSQU5fVVNFUmA9PyxgSVVSQU5fV0FLVFVfQkFZQVJgPT8sYElVUkFOX0JVS1RJX0ZPVE9gPT8sYHVwZGF0ZWRBdGA9PyBXSEVSRSBgSVVSQU5fQ09ERWAgPSA/In0=','2025-06-11 01:59:43','PSR0001'),(268,'IU2025051700007','PSR0001003','update','success','eyJ1c2VyIjp7ImlkIjoiUFNSMDAwMTAwMyIsIm5hbWUiOiJwZW5nZ3VuYTIiLCJsZXZlbCI6IlBHTiIsIm93bmVyIjoiUFNSMDAwMSJ9LCJxdWVyeSI6IkV4ZWN1dGluZyAoMDQ2NGNjNzktZDdhOS00ZDI4LWFmODYtYzM0OTA1ZTk4MDVmKTogVVBEQVRFIGBEQl9JVVJBTmAgU0VUIGBJVVJBTl9TVEFUVVNgPT8sYElVUkFOX1VTRVJgPT8sYElVUkFOX1dBS1RVX0JBWUFSYD0/LGBJVVJBTl9CVUtUSV9GT1RPYD0/LGB1cGRhdGVkQXRgPT8gV0hFUkUgYElVUkFOX0NPREVgID0gPyJ9','2025-06-11 03:18:27','PSR0001'),(269,'IU2025051700005','USR001','update','success','eyJ1c2VyIjp7ImlkIjoiVVNSMDAxIiwibmFtZSI6InN1cGVyYWRtaW4iLCJsZXZlbCI6IlNVQSIsIm93bmVyIjoiUFNSMDAwNCJ9LCJxdWVyeSI6IkV4ZWN1dGluZyAoYjVjNDdlMjktZDI0ZC00MmUyLTk0MWItNTQxZDRiMjhhMjYwKTogVVBEQVRFIGBEQl9JVVJBTmAgU0VUIGBJVVJBTl9TVEFUVVNgPT8sYElVUkFOX1VTRVJgPT8sYElVUkFOX1dBS1RVX0JBWUFSYD0/LGBJVVJBTl9CVUtUSV9GT1RPYD0/LGB1cGRhdGVkQXRgPT8gV0hFUkUgYElVUkFOX0NPREVgID0gPyJ9','2025-06-11 04:05:15','PSR0004'),(270,'PSR0001LAP003','PSR0001003','update','failed','eyJ1c2VyIjp7ImlkIjoiUFNSMDAwMTAwMyIsIm5hbWUiOiJwZW5nZ3VuYTIiLCJsZXZlbCI6IlBHTiIsIm93bmVyIjoiUFNSMDAwMSJ9fQ==','2025-06-11 04:45:23','PSR0001'),(271,'PSR0001LAP003','PSR0001003','update','failed','eyJ1c2VyIjp7ImlkIjoiUFNSMDAwMTAwMyIsIm5hbWUiOiJwZW5nZ3VuYTIiLCJsZXZlbCI6IlBHTiIsIm93bmVyIjoiUFNSMDAwMSJ9fQ==','2025-06-11 06:06:29','PSR0001'),(272,'PSR0001LAP003','PSR0001003','update','failed','eyJ1c2VyIjp7ImlkIjoiUFNSMDAwMTAwMyIsIm5hbWUiOiJwZW5nZ3VuYTIiLCJsZXZlbCI6IlBHTiIsIm93bmVyIjoiUFNSMDAwMSJ9fQ==','2025-06-11 06:07:15','PSR0001'),(273,'PSR0001LAP003','PSR0001003','update','failed','eyJ1c2VyIjp7ImlkIjoiUFNSMDAwMTAwMyIsIm5hbWUiOiJwZW5nZ3VuYTIiLCJsZXZlbCI6IlBHTiIsIm93bmVyIjoiUFNSMDAwMSJ9fQ==','2025-06-11 06:07:31','PSR0001'),(274,'PSR0001LAP003','PSR0001003','update','failed','eyJ1c2VyIjp7ImlkIjoiUFNSMDAwMTAwMyIsIm5hbWUiOiJwZW5nZ3VuYTIiLCJsZXZlbCI6IlBHTiIsIm93bmVyIjoiUFNSMDAwMSJ9fQ==','2025-06-11 06:07:31','PSR0001'),(275,'PSR0001LAP003','PSR0001003','update','failed','eyJ1c2VyIjp7ImlkIjoiUFNSMDAwMTAwMyIsIm5hbWUiOiJwZW5nZ3VuYTIiLCJsZXZlbCI6IlBHTiIsIm93bmVyIjoiUFNSMDAwMSJ9fQ==','2025-06-11 06:12:37','PSR0001'),(276,'PSR0001LAP003','PSR0001003','update','failed','eyJ1c2VyIjp7ImlkIjoiUFNSMDAwMTAwMyIsIm5hbWUiOiJwZW5nZ3VuYTIiLCJsZXZlbCI6IlBHTiIsIm93bmVyIjoiUFNSMDAwMSJ9fQ==','2025-06-11 06:12:49','PSR0001'),(277,'PSR0001LAP003','PSR0001003','update','failed','eyJ1c2VyIjp7ImlkIjoiUFNSMDAwMTAwMyIsIm5hbWUiOiJwZW5nZ3VuYTIiLCJsZXZlbCI6IlBHTiIsIm93bmVyIjoiUFNSMDAwMSJ9fQ==','2025-06-11 06:19:20','PSR0001'),(278,'PSR0001LAP003','PSR0001003','update','failed','eyJ1c2VyIjp7ImlkIjoiUFNSMDAwMTAwMyIsIm5hbWUiOiJwZW5nZ3VuYTIiLCJsZXZlbCI6IlBHTiIsIm93bmVyIjoiUFNSMDAwMSJ9fQ==','2025-06-11 06:19:36','PSR0001'),(279,'PSR0001LAP003','PSR0001003','update','failed','eyJ1c2VyIjp7ImlkIjoiUFNSMDAwMTAwMyIsIm5hbWUiOiJwZW5nZ3VuYTIiLCJsZXZlbCI6IlBHTiIsIm93bmVyIjoiUFNSMDAwMSJ9fQ==','2025-06-11 06:21:18','PSR0001'),(280,'PSR0001LAP003','PSR0001003','update','failed','eyJ1c2VyIjp7ImlkIjoiUFNSMDAwMTAwMyIsIm5hbWUiOiJwZW5nZ3VuYTIiLCJsZXZlbCI6IlBHTiIsIm93bmVyIjoiUFNSMDAwMSJ9fQ==','2025-06-11 06:21:56','PSR0001'),(281,'PSR0001LAP003','PSR0001003','update','failed','eyJ1c2VyIjp7ImlkIjoiUFNSMDAwMTAwMyIsIm5hbWUiOiJwZW5nZ3VuYTIiLCJsZXZlbCI6IlBHTiIsIm93bmVyIjoiUFNSMDAwMSJ9fQ==','2025-06-11 06:22:13','PSR0001'),(282,'PSR0001LAP003','USR001','update','success','eyJ1c2VyIjp7ImlkIjoiVVNSMDAxIiwibmFtZSI6InN1cGVyYWRtaW4iLCJsZXZlbCI6IlNVQSIsIm93bmVyIjoiUFNSMDAwNCJ9LCJxdWVyeSI6IkV4ZWN1dGluZyAoZGVmYXVsdCk6IFVQREFURSBgREJfTEFQQUtgIFNFVCBgTEFQQUtfTkFNQWA9PyxgTEFQQUtfQkxPS2A9PyxgTEFQQUtfVUtVUkFOYD0/LGBMQVBBS19UWVBFYD0/LGBMQVBBS19QRU5ZRVdBYD0/LGBMQVBBS19NVUxBSWA9PyxgTEFQQUtfQUtISVJgPT8sYExBUEFLX1NUQVRVU2A9PyxgTEFQQUtfT1dORVJgPT8sYExBUEFLX0JVS1RJX0ZPVE9gPT8sYHVwZGF0ZWRBdGA9PyBXSEVSRSBgTEFQQUtfQ09ERWAgPSA/In0=','2025-06-11 06:23:03','PSR0004'),(283,'PSR0001LAP003','PSR0001003','update','failed','eyJ1c2VyIjp7ImlkIjoiUFNSMDAwMTAwMyIsIm5hbWUiOiJwZW5nZ3VuYTIiLCJsZXZlbCI6IlBHTiIsIm93bmVyIjoiUFNSMDAwMSJ9fQ==','2025-06-11 06:23:22','PSR0001'),(284,'PSR0001LAP003','PSR0001003','update','failed','eyJ1c2VyIjp7ImlkIjoiUFNSMDAwMTAwMyIsIm5hbWUiOiJwZW5nZ3VuYTIiLCJsZXZlbCI6IlBHTiIsIm93bmVyIjoiUFNSMDAwMSJ9fQ==','2025-06-11 06:46:28','PSR0001'),(285,'PSR0001LAP003','PSR0001003','update','failed','eyJ1c2VyIjp7ImlkIjoiUFNSMDAwMTAwMyIsIm5hbWUiOiJwZW5nZ3VuYTIiLCJsZXZlbCI6IlBHTiIsIm93bmVyIjoiUFNSMDAwMSJ9fQ==','2025-06-11 06:51:16','PSR0001'),(286,'PSR0001LAP003','PSR0001003','update','failed','eyJ1c2VyIjp7ImlkIjoiUFNSMDAwMTAwMyIsIm5hbWUiOiJwZW5nZ3VuYTIiLCJsZXZlbCI6IlBHTiIsIm93bmVyIjoiUFNSMDAwMSJ9fQ==','2025-06-11 06:51:20','PSR0001'),(287,'PSR0001LAP003','PSR0001003','update','failed','eyJ1c2VyIjp7ImlkIjoiUFNSMDAwMTAwMyIsIm5hbWUiOiJwZW5nZ3VuYTIiLCJsZXZlbCI6IlBHTiIsIm93bmVyIjoiUFNSMDAwMSJ9fQ==','2025-06-11 06:53:28','PSR0001'),(288,'PSR0001LAP004','PSR0001003','update','failed','eyJ1c2VyIjp7ImlkIjoiUFNSMDAwMTAwMyIsIm5hbWUiOiJwZW5nZ3VuYTIiLCJsZXZlbCI6IlBHTiIsIm93bmVyIjoiUFNSMDAwMSJ9fQ==','2025-06-11 07:09:36','PSR0001'),(289,'PSR0001LAP004','PSR0001003','update','failed','eyJ1c2VyIjp7ImlkIjoiUFNSMDAwMTAwMyIsIm5hbWUiOiJwZW5nZ3VuYTIiLCJsZXZlbCI6IlBHTiIsIm93bmVyIjoiUFNSMDAwMSJ9fQ==','2025-06-11 07:10:02','PSR0001'),(290,'PSR0001LAP003','PSR0001003','update','failed','eyJ1c2VyIjp7ImlkIjoiUFNSMDAwMTAwMyIsIm5hbWUiOiJwZW5nZ3VuYTIiLCJsZXZlbCI6IlBHTiIsIm93bmVyIjoiUFNSMDAwMSJ9fQ==','2025-06-11 07:18:43','PSR0001'),(291,'PSR0001LAP003','PSR0001003','update','failed','eyJ1c2VyIjp7ImlkIjoiUFNSMDAwMTAwMyIsIm5hbWUiOiJwZW5nZ3VuYTIiLCJsZXZlbCI6IlBHTiIsIm93bmVyIjoiUFNSMDAwMSJ9fQ==','2025-06-11 07:20:36','PSR0001'),(292,'PSR0001LAP003','PSR0001003','update','failed','eyJ1c2VyIjp7ImlkIjoiUFNSMDAwMTAwMyIsIm5hbWUiOiJwZW5nZ3VuYTIiLCJsZXZlbCI6IlBHTiIsIm93bmVyIjoiUFNSMDAwMSJ9fQ==','2025-06-11 07:21:10','PSR0001'),(293,'PSR0001LAP003','PSR0001003','update','success','eyJ1c2VyIjp7ImlkIjoiUFNSMDAwMTAwMyIsIm5hbWUiOiJwZW5nZ3VuYTIiLCJsZXZlbCI6IlBHTiIsIm93bmVyIjoiUFNSMDAwMSJ9LCJxdWVyeSI6IkV4ZWN1dGluZyAoZGVmYXVsdCk6IFVQREFURSBgREJfTEFQQUtgIFNFVCBgTEFQQUtfU1RBVFVTYD0/LGBMQVBBS19CVUtUSV9GT1RPYD0/LGB1cGRhdGVkQXRgPT8gV0hFUkUgYExBUEFLX0NPREVgID0gPyJ9','2025-06-11 07:28:33','PSR0001'),(294,'PSR0001LAP003','PSR0001003','update','success','eyJ1c2VyIjp7ImlkIjoiUFNSMDAwMTAwMyIsIm5hbWUiOiJwZW5nZ3VuYTIiLCJsZXZlbCI6IlBHTiIsIm93bmVyIjoiUFNSMDAwMSJ9LCJxdWVyeSI6IkV4ZWN1dGluZyAoZGVmYXVsdCk6IFVQREFURSBgREJfTEFQQUtgIFNFVCBgTEFQQUtfU1RBVFVTYD0/LGBMQVBBS19CVUtUSV9GT1RPYD0/LGB1cGRhdGVkQXRgPT8gV0hFUkUgYExBUEFLX0NPREVgID0gPyJ9','2025-06-11 07:28:42','PSR0001'),(295,'IU2025061100001','PSR0001003','create','success','eyJ1c2VyIjp7ImlkIjoiUFNSMDAwMTAwMyIsIm5hbWUiOiJwZW5nZ3VuYTIiLCJsZXZlbCI6IlBHTiIsIm93bmVyIjoiUFNSMDAwMSJ9LCJxdWVyeSI6IkV4ZWN1dGluZyAoYmQ5NWY0ZTQtZTNmMi00YTljLThlNzAtOGQ2NTVhNmYwYzY1KTogSU5TRVJUIElOVE8gYERCX0lVUkFOYCAoYElVUkFOX0NPREVgLGBJVVJBTl9QRURBR0FOR2AsYElVUkFOX1RBTkdHQUxgLGBJVVJBTl9KVU1MQUhgLGBJVVJBTl9TVEFUVVNgLGBJVVJBTl9NRVRPREVfQkFZQVJgLGBJVVJBTl9XQUtUVV9CQVlBUmAsYElVUkFOX1VTRVJgLGBJVVJBTl9CVUtUSV9GT1RPYCxgY3JlYXRlZEF0YCxgdXBkYXRlZEF0YCkgVkFMVUVTICg/LD8sPyw/LD8sPyw/LD8sPyw/LD8pOyJ9','2025-06-11 08:10:46','PSR0001'),(296,'IU2025061100002','USR001','create','success','eyJ1c2VyIjp7ImlkIjoiVVNSMDAxIiwibmFtZSI6InN1cGVyYWRtaW4iLCJsZXZlbCI6IlNVQSIsIm93bmVyIjoiUFNSMDAwNCJ9LCJxdWVyeSI6IkV4ZWN1dGluZyAoZGU4NGJiNzgtMDIyNy00MDNmLWI3YjctZDg3OTQwNzIwYmIzKTogSU5TRVJUIElOVE8gYERCX0lVUkFOYCAoYElVUkFOX0NPREVgLGBJVVJBTl9QRURBR0FOR2AsYElVUkFOX1RBTkdHQUxgLGBJVVJBTl9KVU1MQUhgLGBJVVJBTl9TVEFUVVNgLGBJVVJBTl9NRVRPREVfQkFZQVJgLGBJVVJBTl9XQUtUVV9CQVlBUmAsYElVUkFOX1VTRVJgLGBJVVJBTl9CVUtUSV9GT1RPYCxgY3JlYXRlZEF0YCxgdXBkYXRlZEF0YCkgVkFMVUVTICg/LD8sPyw/LD8sPyw/LD8sPyw/LD8pOyJ9','2025-06-11 08:11:48','PSR0004'),(297,'IU2025061100001','PSR0001003','update','success','eyJ1c2VyIjp7ImlkIjoiUFNSMDAwMTAwMyIsIm5hbWUiOiJwZW5nZ3VuYTIiLCJsZXZlbCI6IlBHTiIsIm93bmVyIjoiUFNSMDAwMSJ9LCJxdWVyeSI6IkV4ZWN1dGluZyAoOWYxYjNjODYtZDExNC00ZjA3LTkzMTctMTk2ZGQyNzU5MTc4KTogVVBEQVRFIGBEQl9JVVJBTmAgU0VUIGBJVVJBTl9TVEFUVVNgPT8sYElVUkFOX01FVE9ERV9CQVlBUmA9PyxgSVVSQU5fVVNFUmA9PyxgSVVSQU5fV0FLVFVfQkFZQVJgPT8sYElVUkFOX0JVS1RJX0ZPVE9gPT8sYHVwZGF0ZWRBdGA9PyBXSEVSRSBgSVVSQU5fQ09ERWAgPSA/In0=','2025-06-11 08:16:49','PSR0001'),(298,'IU2025061100003','PSR0001003','create','success','eyJ1c2VyIjp7ImlkIjoiUFNSMDAwMTAwMyIsIm5hbWUiOiJwZW5nZ3VuYTIiLCJsZXZlbCI6IlBHTiIsIm93bmVyIjoiUFNSMDAwMSJ9LCJxdWVyeSI6IkV4ZWN1dGluZyAoOWVkYmZkNjYtY2ZkOS00YjRhLTkwOTktYzVlZDU2ODRkZDk4KTogSU5TRVJUIElOVE8gYERCX0lVUkFOYCAoYElVUkFOX0NPREVgLGBJVVJBTl9QRURBR0FOR2AsYElVUkFOX1RBTkdHQUxgLGBJVVJBTl9KVU1MQUhgLGBJVVJBTl9TVEFUVVNgLGBJVVJBTl9NRVRPREVfQkFZQVJgLGBJVVJBTl9XQUtUVV9CQVlBUmAsYElVUkFOX1VTRVJgLGBJVVJBTl9CVUtUSV9GT1RPYCxgY3JlYXRlZEF0YCxgdXBkYXRlZEF0YCkgVkFMVUVTICg/LD8sPyw/LD8sPyw/LD8sPyw/LD8pOyJ9','2025-06-11 08:17:35','PSR0001'),(299,'IU2025061100002','PSR0001003','update','success','eyJ1c2VyIjp7ImlkIjoiUFNSMDAwMTAwMyIsIm5hbWUiOiJwZW5nZ3VuYTIiLCJsZXZlbCI6IlBHTiIsIm93bmVyIjoiUFNSMDAwMSJ9LCJxdWVyeSI6IkV4ZWN1dGluZyAoMDA2NWU5MDAtYmVlOS00ZWExLTliMDMtYWZlYjk5M2EwYjFhKTogVVBEQVRFIGBEQl9JVVJBTmAgU0VUIGBJVVJBTl9TVEFUVVNgPT8sYElVUkFOX01FVE9ERV9CQVlBUmA9PyxgSVVSQU5fVVNFUmA9PyxgSVVSQU5fV0FLVFVfQkFZQVJgPT8sYElVUkFOX0JVS1RJX0ZPVE9gPT8sYHVwZGF0ZWRBdGA9PyBXSEVSRSBgSVVSQU5fQ09ERWAgPSA/In0=','2025-06-11 08:17:48','PSR0001'),(300,'IU2025061100003','PSR0001003','update','success','eyJ1c2VyIjp7ImlkIjoiUFNSMDAwMTAwMyIsIm5hbWUiOiJwZW5nZ3VuYTIiLCJsZXZlbCI6IlBHTiIsIm93bmVyIjoiUFNSMDAwMSJ9LCJxdWVyeSI6IkV4ZWN1dGluZyAoNjI3MzEwNDItYmJkMC00MGY0LTkwNmQtZWE3YTczNzNlOTMyKTogVVBEQVRFIGBEQl9JVVJBTmAgU0VUIGBJVVJBTl9TVEFUVVNgPT8sYElVUkFOX01FVE9ERV9CQVlBUmA9PyxgSVVSQU5fVVNFUmA9PyxgSVVSQU5fV0FLVFVfQkFZQVJgPT8sYElVUkFOX0JVS1RJX0ZPVE9gPT8sYHVwZGF0ZWRBdGA9PyBXSEVSRSBgSVVSQU5fQ09ERWAgPSA/In0=','2025-06-11 08:17:48','PSR0001'),(301,'PSR0001LAP003','PSR0001003','update','success','eyJ1c2VyIjp7ImlkIjoiUFNSMDAwMTAwMyIsIm5hbWUiOiJwZW5nZ3VuYTIiLCJsZXZlbCI6IlBHTiIsIm93bmVyIjoiUFNSMDAwMSJ9LCJxdWVyeSI6IkV4ZWN1dGluZyAoZGVmYXVsdCk6IFVQREFURSBgREJfTEFQQUtgIFNFVCBgTEFQQUtfU1RBVFVTYD0/LGBMQVBBS19CVUtUSV9GT1RPYD0/LGB1cGRhdGVkQXRgPT8gV0hFUkUgYExBUEFLX0NPREVgID0gPyJ9','2025-06-11 08:18:18','PSR0001'),(302,'PSR0001LAP003','PSR0001003','update','success','eyJ1c2VyIjp7ImlkIjoiUFNSMDAwMTAwMyIsIm5hbWUiOiJwZW5nZ3VuYTIiLCJsZXZlbCI6IlBHTiIsIm93bmVyIjoiUFNSMDAwMSJ9LCJxdWVyeSI6IkV4ZWN1dGluZyAoZGVmYXVsdCk6IFVQREFURSBgREJfTEFQQUtgIFNFVCBgTEFQQUtfU1RBVFVTYD0/LGBMQVBBS19CVUtUSV9GT1RPYD0/LGB1cGRhdGVkQXRgPT8gV0hFUkUgYExBUEFLX0NPREVgID0gPyJ9','2025-06-11 08:20:55','PSR0001'),(303,'PSR0001LAP003','PSR0001003','update','success','eyJ1c2VyIjp7ImlkIjoiUFNSMDAwMTAwMyIsIm5hbWUiOiJwZW5nZ3VuYTIiLCJsZXZlbCI6IlBHTiIsIm93bmVyIjoiUFNSMDAwMSJ9LCJxdWVyeSI6IkV4ZWN1dGluZyAoZGVmYXVsdCk6IFVQREFURSBgREJfTEFQQUtgIFNFVCBgTEFQQUtfU1RBVFVTYD0/LGBMQVBBS19CVUtUSV9GT1RPYD0/LGB1cGRhdGVkQXRgPT8gV0hFUkUgYExBUEFLX0NPREVgID0gPyJ9','2025-06-11 08:21:56','PSR0001'),(304,'PSR0001LAP003','PSR0001003','update','success','eyJ1c2VyIjp7ImlkIjoiUFNSMDAwMTAwMyIsIm5hbWUiOiJwZW5nZ3VuYTIiLCJsZXZlbCI6IlBHTiIsIm93bmVyIjoiUFNSMDAwMSJ9LCJxdWVyeSI6IkV4ZWN1dGluZyAoZGVmYXVsdCk6IFVQREFURSBgREJfTEFQQUtgIFNFVCBgTEFQQUtfU1RBVFVTYD0/LGBMQVBBS19CVUtUSV9GT1RPYD0/LGB1cGRhdGVkQXRgPT8gV0hFUkUgYExBUEFLX0NPREVgID0gPyJ9','2025-06-11 08:21:59','PSR0001'),(305,'IU2025061100004','PSR0001003','create','success','eyJ1c2VyIjp7ImlkIjoiUFNSMDAwMTAwMyIsIm5hbWUiOiJwZW5nZ3VuYTIiLCJsZXZlbCI6IlBHTiIsIm93bmVyIjoiUFNSMDAwMSJ9LCJxdWVyeSI6IkV4ZWN1dGluZyAoOTU5M2EyOGQtZTY2Ni00YmFjLWE5ZmItMjYyOGJmM2Y5M2M3KTogSU5TRVJUIElOVE8gYERCX0lVUkFOYCAoYElVUkFOX0NPREVgLGBJVVJBTl9QRURBR0FOR2AsYElVUkFOX1RBTkdHQUxgLGBJVVJBTl9KVU1MQUhgLGBJVVJBTl9TVEFUVVNgLGBJVVJBTl9NRVRPREVfQkFZQVJgLGBJVVJBTl9XQUtUVV9CQVlBUmAsYElVUkFOX1VTRVJgLGBJVVJBTl9CVUtUSV9GT1RPYCxgY3JlYXRlZEF0YCxgdXBkYXRlZEF0YCkgVkFMVUVTICg/LD8sPyw/LD8sPyw/LD8sPyw/LD8pOyJ9','2025-06-11 08:48:52','PSR0001'),(306,'IU2025061100004','PSR0001003','update','success','eyJ1c2VyIjp7ImlkIjoiUFNSMDAwMTAwMyIsIm5hbWUiOiJwZW5nZ3VuYTIiLCJsZXZlbCI6IlBHTiIsIm93bmVyIjoiUFNSMDAwMSJ9LCJxdWVyeSI6IkV4ZWN1dGluZyAoYjY5NzZiOWUtN2I1NS00ZjNjLTlkZjItNTg3YjUyMjA1YmFhKTogVVBEQVRFIGBEQl9JVVJBTmAgU0VUIGBJVVJBTl9TVEFUVVNgPT8sYElVUkFOX1VTRVJgPT8sYElVUkFOX1dBS1RVX0JBWUFSYD0/LGBJVVJBTl9CVUtUSV9GT1RPYD0/LGB1cGRhdGVkQXRgPT8gV0hFUkUgYElVUkFOX0NPREVgID0gPyJ9','2025-06-11 08:56:08','PSR0001'),(307,'PSR0001LAP003','PSR0001003','update','success','eyJ1c2VyIjp7ImlkIjoiUFNSMDAwMTAwMyIsIm5hbWUiOiJwZW5nZ3VuYTIiLCJsZXZlbCI6IlBHTiIsIm93bmVyIjoiUFNSMDAwMSJ9LCJxdWVyeSI6IkV4ZWN1dGluZyAoZGVmYXVsdCk6IFVQREFURSBgREJfTEFQQUtgIFNFVCBgTEFQQUtfU1RBVFVTYD0/LGBMQVBBS19CVUtUSV9GT1RPYD0/LGB1cGRhdGVkQXRgPT8gV0hFUkUgYExBUEFLX0NPREVgID0gPyJ9','2025-06-11 08:56:22','PSR0001'),(308,'IU2025061100005','PSR0001003','create','success','eyJ1c2VyIjp7ImlkIjoiUFNSMDAwMTAwMyIsIm5hbWUiOiJwZW5nZ3VuYTIiLCJsZXZlbCI6IlBHTiIsIm93bmVyIjoiUFNSMDAwMSJ9LCJxdWVyeSI6IkV4ZWN1dGluZyAoYjMzNjkyYWMtNDE1Yy00OWZmLWIzOGUtN2RlMzYwOGE5ZWFlKTogSU5TRVJUIElOVE8gYERCX0lVUkFOYCAoYElVUkFOX0NPREVgLGBJVVJBTl9QRURBR0FOR2AsYElVUkFOX1RBTkdHQUxgLGBJVVJBTl9KVU1MQUhgLGBJVVJBTl9TVEFUVVNgLGBJVVJBTl9NRVRPREVfQkFZQVJgLGBJVVJBTl9XQUtUVV9CQVlBUmAsYElVUkFOX1VTRVJgLGBJVVJBTl9CVUtUSV9GT1RPYCxgY3JlYXRlZEF0YCxgdXBkYXRlZEF0YCkgVkFMVUVTICg/LD8sPyw/LD8sPyw/LD8sPyw/LD8pOyJ9','2025-06-11 11:42:24','PSR0001'),(309,'IU2025061100005','PSR0001003','update','success','eyJ1c2VyIjp7ImlkIjoiUFNSMDAwMTAwMyIsIm5hbWUiOiJwZW5nZ3VuYTIiLCJsZXZlbCI6IlBHTiIsIm93bmVyIjoiUFNSMDAwMSJ9LCJxdWVyeSI6IkV4ZWN1dGluZyAoMmVkNTIyNzYtYmM2My00MmZmLWI0Y2QtMTllNmQ5MTEwNTY2KTogVVBEQVRFIGBEQl9JVVJBTmAgU0VUIGBJVVJBTl9TVEFUVVNgPT8sYElVUkFOX01FVE9ERV9CQVlBUmA9PyxgSVVSQU5fVVNFUmA9PyxgSVVSQU5fV0FLVFVfQkFZQVJgPT8sYElVUkFOX0JVS1RJX0ZPVE9gPT8sYHVwZGF0ZWRBdGA9PyBXSEVSRSBgSVVSQU5fQ09ERWAgPSA/In0=','2025-06-11 11:46:37','PSR0001'),(310,'IU2025061100006','PSR0001003','create','success','eyJ1c2VyIjp7ImlkIjoiUFNSMDAwMTAwMyIsIm5hbWUiOiJwZW5nZ3VuYTIiLCJsZXZlbCI6IlBHTiIsIm93bmVyIjoiUFNSMDAwMSJ9LCJxdWVyeSI6IkV4ZWN1dGluZyAoODFhYWExNTEtNGViZS00NzJmLWFhNGItYTY4MTYyMmMwM2U1KTogSU5TRVJUIElOVE8gYERCX0lVUkFOYCAoYElVUkFOX0NPREVgLGBJVVJBTl9QRURBR0FOR2AsYElVUkFOX1RBTkdHQUxgLGBJVVJBTl9KVU1MQUhgLGBJVVJBTl9TVEFUVVNgLGBJVVJBTl9NRVRPREVfQkFZQVJgLGBJVVJBTl9XQUtUVV9CQVlBUmAsYElVUkFOX1VTRVJgLGBJVVJBTl9CVUtUSV9GT1RPYCxgY3JlYXRlZEF0YCxgdXBkYXRlZEF0YCkgVkFMVUVTICg/LD8sPyw/LD8sPyw/LD8sPyw/LD8pOyJ9','2025-06-11 11:49:35','PSR0001'),(311,'IU2025061100006','PSR0001003','update','success','eyJ1c2VyIjp7ImlkIjoiUFNSMDAwMTAwMyIsIm5hbWUiOiJwZW5nZ3VuYTIiLCJsZXZlbCI6IlBHTiIsIm93bmVyIjoiUFNSMDAwMSJ9LCJxdWVyeSI6IkV4ZWN1dGluZyAoMGViN2NiNDAtZjJiNi00MzE3LTg0ZWItZjQ2NzNkMGU3NWMyKTogVVBEQVRFIGBEQl9JVVJBTmAgU0VUIGBJVVJBTl9TVEFUVVNgPT8sYElVUkFOX01FVE9ERV9CQVlBUmA9PyxgSVVSQU5fVVNFUmA9PyxgSVVSQU5fV0FLVFVfQkFZQVJgPT8sYElVUkFOX0JVS1RJX0ZPVE9gPT8sYHVwZGF0ZWRBdGA9PyBXSEVSRSBgSVVSQU5fQ09ERWAgPSA/In0=','2025-06-11 11:50:02','PSR0001'),(312,'IU2025061100007','PSR0001003','create','success','eyJ1c2VyIjp7ImlkIjoiUFNSMDAwMTAwMyIsIm5hbWUiOiJwZW5nZ3VuYTIiLCJsZXZlbCI6IlBHTiIsIm93bmVyIjoiUFNSMDAwMSJ9LCJxdWVyeSI6IkV4ZWN1dGluZyAoOTk5NDg5NDEtMjU4MC00NmM0LWFjZDgtYmIyZjEwOWM4Y2YxKTogSU5TRVJUIElOVE8gYERCX0lVUkFOYCAoYElVUkFOX0NPREVgLGBJVVJBTl9QRURBR0FOR2AsYElVUkFOX1RBTkdHQUxgLGBJVVJBTl9KVU1MQUhgLGBJVVJBTl9TVEFUVVNgLGBJVVJBTl9NRVRPREVfQkFZQVJgLGBJVVJBTl9XQUtUVV9CQVlBUmAsYElVUkFOX1VTRVJgLGBJVVJBTl9CVUtUSV9GT1RPYCxgY3JlYXRlZEF0YCxgdXBkYXRlZEF0YCkgVkFMVUVTICg/LD8sPyw/LD8sPyw/LD8sPyw/LD8pOyJ9','2025-06-11 12:05:04','PSR0001'),(313,'IU2025061100007','PSR0001003','update','success','eyJ1c2VyIjp7ImlkIjoiUFNSMDAwMTAwMyIsIm5hbWUiOiJwZW5nZ3VuYTIiLCJsZXZlbCI6IlBHTiIsIm93bmVyIjoiUFNSMDAwMSJ9LCJxdWVyeSI6IkV4ZWN1dGluZyAoMDRjN2Q2MmItMzBlMS00ZDhlLWJhZTItNWQ5YWEzMDJhZjVhKTogVVBEQVRFIGBEQl9JVVJBTmAgU0VUIGBJVVJBTl9TVEFUVVNgPT8sYElVUkFOX01FVE9ERV9CQVlBUmA9PyxgSVVSQU5fVVNFUmA9PyxgSVVSQU5fV0FLVFVfQkFZQVJgPT8sYElVUkFOX0JVS1RJX0ZPVE9gPT8sYHVwZGF0ZWRBdGA9PyBXSEVSRSBgSVVSQU5fQ09ERWAgPSA/In0=','2025-06-11 12:05:35','PSR0001'),(314,'IU2025061100008','PSR0001003','create','success','eyJ1c2VyIjp7ImlkIjoiUFNSMDAwMTAwMyIsIm5hbWUiOiJwZW5nZ3VuYTIiLCJsZXZlbCI6IlBHTiIsIm93bmVyIjoiUFNSMDAwMSJ9LCJxdWVyeSI6IkV4ZWN1dGluZyAoYWJhNmYxMWEtY2M5My00ZDhkLTg1OTctMmI4OTY1OTRiMzQ5KTogSU5TRVJUIElOVE8gYERCX0lVUkFOYCAoYElVUkFOX0NPREVgLGBJVVJBTl9QRURBR0FOR2AsYElVUkFOX1RBTkdHQUxgLGBJVVJBTl9KVU1MQUhgLGBJVVJBTl9TVEFUVVNgLGBJVVJBTl9NRVRPREVfQkFZQVJgLGBJVVJBTl9XQUtUVV9CQVlBUmAsYElVUkFOX1VTRVJgLGBJVVJBTl9CVUtUSV9GT1RPYCxgY3JlYXRlZEF0YCxgdXBkYXRlZEF0YCkgVkFMVUVTICg/LD8sPyw/LD8sPyw/LD8sPyw/LD8pOyJ9','2025-06-11 12:05:52','PSR0001'),(315,'IU2025061100009','PSR0001003','create','success','eyJ1c2VyIjp7ImlkIjoiUFNSMDAwMTAwMyIsIm5hbWUiOiJwZW5nZ3VuYTIiLCJsZXZlbCI6IlBHTiIsIm93bmVyIjoiUFNSMDAwMSJ9LCJxdWVyeSI6IkV4ZWN1dGluZyAoNGQ1ZTk1MTgtOGQ0Ni00OTY0LWI2YjMtODdmNjUwMmQ0YzU4KTogSU5TRVJUIElOVE8gYERCX0lVUkFOYCAoYElVUkFOX0NPREVgLGBJVVJBTl9QRURBR0FOR2AsYElVUkFOX1RBTkdHQUxgLGBJVVJBTl9KVU1MQUhgLGBJVVJBTl9TVEFUVVNgLGBJVVJBTl9NRVRPREVfQkFZQVJgLGBJVVJBTl9XQUtUVV9CQVlBUmAsYElVUkFOX1VTRVJgLGBJVVJBTl9CVUtUSV9GT1RPYCxgY3JlYXRlZEF0YCxgdXBkYXRlZEF0YCkgVkFMVUVTICg/LD8sPyw/LD8sPyw/LD8sPyw/LD8pOyJ9','2025-06-11 12:06:00','PSR0001'),(316,'IU2025061100009','PSR0001003','update','success','eyJ1c2VyIjp7ImlkIjoiUFNSMDAwMTAwMyIsIm5hbWUiOiJwZW5nZ3VuYTIiLCJsZXZlbCI6IlBHTiIsIm93bmVyIjoiUFNSMDAwMSJ9LCJxdWVyeSI6IkV4ZWN1dGluZyAoNThkZGRkZWYtMGQxNi00ZmQzLThhZmEtZDFhZjg4MTRlZTIxKTogVVBEQVRFIGBEQl9JVVJBTmAgU0VUIGBJVVJBTl9TVEFUVVNgPT8sYElVUkFOX01FVE9ERV9CQVlBUmA9PyxgSVVSQU5fVVNFUmA9PyxgSVVSQU5fV0FLVFVfQkFZQVJgPT8sYElVUkFOX0JVS1RJX0ZPVE9gPT8sYHVwZGF0ZWRBdGA9PyBXSEVSRSBgSVVSQU5fQ09ERWAgPSA/In0=','2025-06-11 12:06:21','PSR0001'),(317,'IU2025061100010','PSR0001003','create','success','eyJ1c2VyIjp7ImlkIjoiUFNSMDAwMTAwMyIsIm5hbWUiOiJwZW5nZ3VuYTIiLCJsZXZlbCI6IlBHTiIsIm93bmVyIjoiUFNSMDAwMSJ9LCJxdWVyeSI6IkV4ZWN1dGluZyAoMWMxY2NlMjctOWZiYS00ZDgzLWIyNDgtZWU4OTQyZGE5M2RhKTogSU5TRVJUIElOVE8gYERCX0lVUkFOYCAoYElVUkFOX0NPREVgLGBJVVJBTl9QRURBR0FOR2AsYElVUkFOX1RBTkdHQUxgLGBJVVJBTl9KVU1MQUhgLGBJVVJBTl9TVEFUVVNgLGBJVVJBTl9NRVRPREVfQkFZQVJgLGBJVVJBTl9XQUtUVV9CQVlBUmAsYElVUkFOX1VTRVJgLGBJVVJBTl9CVUtUSV9GT1RPYCxgY3JlYXRlZEF0YCxgdXBkYXRlZEF0YCkgVkFMVUVTICg/LD8sPyw/LD8sPyw/LD8sPyw/LD8pOyJ9','2025-06-11 12:09:28','PSR0001'),(318,'IU2025061100010','PSR0001003','update','success','eyJ1c2VyIjp7ImlkIjoiUFNSMDAwMTAwMyIsIm5hbWUiOiJwZW5nZ3VuYTIiLCJsZXZlbCI6IlBHTiIsIm93bmVyIjoiUFNSMDAwMSJ9LCJxdWVyeSI6IkV4ZWN1dGluZyAoMjNhNGQ0NTYtMjlmYi00OGFjLWI3NTktNTZkMGM5MDhlMGMyKTogVVBEQVRFIGBEQl9JVVJBTmAgU0VUIGBJVVJBTl9TVEFUVVNgPT8sYElVUkFOX01FVE9ERV9CQVlBUmA9PyxgSVVSQU5fVVNFUmA9PyxgSVVSQU5fV0FLVFVfQkFZQVJgPT8sYElVUkFOX0JVS1RJX0ZPVE9gPT8sYHVwZGF0ZWRBdGA9PyBXSEVSRSBgSVVSQU5fQ09ERWAgPSA/In0=','2025-06-11 12:09:35','PSR0001'),(319,'IU2025061100008','PSR0001003','update','success','eyJ1c2VyIjp7ImlkIjoiUFNSMDAwMTAwMyIsIm5hbWUiOiJwZW5nZ3VuYTIiLCJsZXZlbCI6IlBHTiIsIm93bmVyIjoiUFNSMDAwMSJ9LCJxdWVyeSI6IkV4ZWN1dGluZyAoZWE3ZWFkYjItNmMxYS00MjEyLTkwOWYtMzc3OTYyZWNjYmY3KTogVVBEQVRFIGBEQl9JVVJBTmAgU0VUIGBJVVJBTl9TVEFUVVNgPT8sYElVUkFOX01FVE9ERV9CQVlBUmA9PyxgSVVSQU5fVVNFUmA9PyxgSVVSQU5fV0FLVFVfQkFZQVJgPT8sYElVUkFOX0JVS1RJX0ZPVE9gPT8sYHVwZGF0ZWRBdGA9PyBXSEVSRSBgSVVSQU5fQ09ERWAgPSA/In0=','2025-06-11 12:09:35','PSR0001'),(320,'CUST00002','USR001','update','success','eyJ1c2VyIjp7ImlkIjoiVVNSMDAxIiwibmFtZSI6InN1cGVyYWRtaW4iLCJsZXZlbCI6IlNVQSIsIm93bmVyIjoiUFNSMDAwNCJ9LCJxdWVyeSI6IkV4ZWN1dGluZyAoMTQ5MWY4MTAtZjVjYS00YjY5LWFiNGItYmNjNzNlNDRjZjI2KTogVVBEQVRFIGBEQl9QRURBR0FOR2AgU0VUIGBDVVNUX05BTUFgPT8sYENVU1RfTklLYD0/LGBDVVNUX1BIT05FYD0/LGBDVVNUX09XTkVSYD0/LGBDVVNUX0lVUkFOYD0/LGBDVVNUX1NUQVRVU2A9PyxgdXBkYXRlZEF0YD0/IFdIRVJFIGBDVVNUX0NPREVgID0gPyJ9','2025-06-11 15:18:55','PSR0004'),(321,'CUST00002','USR001','update','success','eyJ1c2VyIjp7ImlkIjoiVVNSMDAxIiwibmFtZSI6InN1cGVyYWRtaW4iLCJsZXZlbCI6IlNVQSIsIm93bmVyIjoiUFNSMDAwNCJ9LCJxdWVyeSI6IkV4ZWN1dGluZyAoNDBlMGQ1OTUtZDg4ZS00Mjk2LTliNmYtNTY0OTIwZTUzMzM5KTogVVBEQVRFIGBEQl9QRURBR0FOR2AgU0VUIGBDVVNUX05BTUFgPT8sYENVU1RfTklLYD0/LGBDVVNUX1BIT05FYD0/LGBDVVNUX09XTkVSYD0/LGBDVVNUX0lVUkFOYD0/LGBDVVNUX1NUQVRVU2A9PyxgdXBkYXRlZEF0YD0/IFdIRVJFIGBDVVNUX0NPREVgID0gPyJ9','2025-06-11 15:19:18','PSR0004'),(322,'CUST00002','USR001','update','success','eyJ1c2VyIjp7ImlkIjoiVVNSMDAxIiwibmFtZSI6InN1cGVyYWRtaW4iLCJsZXZlbCI6IlNVQSIsIm93bmVyIjoiUFNSMDAwNCJ9LCJxdWVyeSI6IkV4ZWN1dGluZyAoODQzNzRiNWEtYzRhYy00YmQwLThiZDktMjhhMjI2YTEzY2NiKTogVVBEQVRFIGBEQl9QRURBR0FOR2AgU0VUIGBDVVNUX05BTUFgPT8sYENVU1RfTklLYD0/LGBDVVNUX1BIT05FYD0/LGBDVVNUX09XTkVSYD0/LGBDVVNUX0lVUkFOYD0/LGBDVVNUX1NUQVRVU2A9PyxgdXBkYXRlZEF0YD0/IFdIRVJFIGBDVVNUX0NPREVgID0gPyJ9','2025-06-11 15:19:56','PSR0004'),(323,'CUST00010','USR001','update','success','eyJ1c2VyIjp7ImlkIjoiVVNSMDAxIiwibmFtZSI6InN1cGVyYWRtaW4iLCJsZXZlbCI6IlNVQSIsIm93bmVyIjoiUFNSMDAwNCJ9LCJxdWVyeSI6IkV4ZWN1dGluZyAoMWYzZWIwODctYWE2Ny00NDU3LWJmOGUtMDQwNzMxNWE0NjM0KTogVVBEQVRFIGBEQl9QRURBR0FOR2AgU0VUIGBDVVNUX05BTUFgPT8sYENVU1RfTklLYD0/LGBDVVNUX1BIT05FYD0/LGBDVVNUX09XTkVSYD0/LGBDVVNUX0lVUkFOYD0/LGBDVVNUX1NUQVRVU2A9PyxgdXBkYXRlZEF0YD0/IFdIRVJFIGBDVVNUX0NPREVgID0gPyJ9','2025-06-11 15:20:54','PSR0004'),(324,'CUST00003','USR001','update','success','eyJ1c2VyIjp7ImlkIjoiVVNSMDAxIiwibmFtZSI6InN1cGVyYWRtaW4iLCJsZXZlbCI6IlNVQSIsIm93bmVyIjoiUFNSMDAwNCJ9LCJxdWVyeSI6IkV4ZWN1dGluZyAoOGU1MDNiMmMtZWFjZi00YTQ2LWIzMDctZjk3MzQ4NjcyZjVhKTogVVBEQVRFIGBEQl9QRURBR0FOR2AgU0VUIGBDVVNUX05BTUFgPT8sYENVU1RfTklLYD0/LGBDVVNUX1BIT05FYD0/LGBDVVNUX09XTkVSYD0/LGBDVVNUX0lVUkFOYD0/LGBDVVNUX1NUQVRVU2A9PyxgdXBkYXRlZEF0YD0/IFdIRVJFIGBDVVNUX0NPREVgID0gPyJ9','2025-06-11 15:21:51','PSR0004'),(325,'CUST00010','USR001','update','success','eyJ1c2VyIjp7ImlkIjoiVVNSMDAxIiwibmFtZSI6InN1cGVyYWRtaW4iLCJsZXZlbCI6IlNVQSIsIm93bmVyIjoiUFNSMDAwNCJ9LCJxdWVyeSI6IkV4ZWN1dGluZyAoZDBmZGYxY2ItZjZhNS00ZDMxLTk5MTYtMmFlYTI5NGE2ZjAzKTogVVBEQVRFIGBEQl9QRURBR0FOR2AgU0VUIGBDVVNUX05BTUFgPT8sYENVU1RfTklLYD0/LGBDVVNUX1BIT05FYD0/LGBDVVNUX09XTkVSYD0/LGBDVVNUX0lVUkFOYD0/LGBDVVNUX1NUQVRVU2A9PyxgdXBkYXRlZEF0YD0/IFdIRVJFIGBDVVNUX0NPREVgID0gPyJ9','2025-06-11 15:22:09','PSR0004'),(326,'CUST00002','USR001','update','success','eyJ1c2VyIjp7ImlkIjoiVVNSMDAxIiwibmFtZSI6InN1cGVyYWRtaW4iLCJsZXZlbCI6IlNVQSIsIm93bmVyIjoiUFNSMDAwNCJ9LCJxdWVyeSI6IkV4ZWN1dGluZyAoYWM3YTg5MjAtZjc1Ni00YmYyLWE5MjktNTkxYjM2Mzg4NjA0KTogVVBEQVRFIGBEQl9QRURBR0FOR2AgU0VUIGBDVVNUX05BTUFgPT8sYENVU1RfTklLYD0/LGBDVVNUX1BIT05FYD0/LGBDVVNUX09XTkVSYD0/LGBDVVNUX0lVUkFOYD0/LGBDVVNUX1NUQVRVU2A9PyxgdXBkYXRlZEF0YD0/IFdIRVJFIGBDVVNUX0NPREVgID0gPyJ9','2025-06-11 15:22:23','PSR0004'),(327,'CUST00001','USR001','update','success','eyJ1c2VyIjp7ImlkIjoiVVNSMDAxIiwibmFtZSI6InN1cGVyYWRtaW4iLCJsZXZlbCI6IlNVQSIsIm93bmVyIjoiUFNSMDAwNCJ9LCJxdWVyeSI6IkV4ZWN1dGluZyAoMjA5NjNlNGQtODVjMS00YzE4LTgyOGItOWQxMjIyZjY2NGJmKTogVVBEQVRFIGBEQl9QRURBR0FOR2AgU0VUIGBDVVNUX05BTUFgPT8sYENVU1RfTklLYD0/LGBDVVNUX1BIT05FYD0/LGBDVVNUX09XTkVSYD0/LGBDVVNUX0lVUkFOYD0/LGBDVVNUX1NUQVRVU2A9PyxgdXBkYXRlZEF0YD0/IFdIRVJFIGBDVVNUX0NPREVgID0gPyJ9','2025-06-11 15:22:40','PSR0004'),(328,'CUST00011','USR001','create','success','eyJ1c2VyIjp7ImlkIjoiVVNSMDAxIiwibmFtZSI6InN1cGVyYWRtaW4iLCJsZXZlbCI6IlNVQSIsIm93bmVyIjoiUFNSMDAwNCJ9LCJxdWVyeSI6IkV4ZWN1dGluZyAoYjJmYjNlYjMtMDQxNi00YWZmLTk5M2YtMWE3MjBiMTI3ZGM5KTogSU5TRVJUIElOVE8gYERCX1BFREFHQU5HYCAoYENVU1RfQ09ERWAsYENVU1RfTkFNQWAsYENVU1RfTklLYCxgQ1VTVF9QSE9ORWAsYENVU1RfT1dORVJgLGBDVVNUX0lVUkFOYCxgQ1VTVF9TVEFUVVNgLGBjcmVhdGVkQXRgLGB1cGRhdGVkQXRgKSBWQUxVRVMgKD8sPyw/LD8sPyw/LD8sPyw/KTsifQ==','2025-06-11 15:23:35','PSR0004'),(329,'CUST00011','USR001','update','success','eyJ1c2VyIjp7ImlkIjoiVVNSMDAxIiwibmFtZSI6InN1cGVyYWRtaW4iLCJsZXZlbCI6IlNVQSIsIm93bmVyIjoiUFNSMDAwNCJ9LCJxdWVyeSI6IkV4ZWN1dGluZyAoYTQzNmM3MjUtYTJiYy00ZjA5LTg0ZDgtNjdlNmFhYjk3ZDI5KTogVVBEQVRFIGBEQl9QRURBR0FOR2AgU0VUIGBDVVNUX05BTUFgPT8sYENVU1RfTklLYD0/LGBDVVNUX1BIT05FYD0/LGBDVVNUX09XTkVSYD0/LGBDVVNUX0lVUkFOYD0/LGBDVVNUX1NUQVRVU2A9PyxgdXBkYXRlZEF0YD0/IFdIRVJFIGBDVVNUX0NPREVgID0gPyJ9','2025-06-11 15:43:54','PSR0004'),(330,'CUST00011','USR001','update','success','eyJ1c2VyIjp7ImlkIjoiVVNSMDAxIiwibmFtZSI6InN1cGVyYWRtaW4iLCJsZXZlbCI6IlNVQSIsIm93bmVyIjoiUFNSMDAwNCJ9LCJxdWVyeSI6IkV4ZWN1dGluZyAoN2M4MGI3YTctYmUxYS00M2E1LTk5MzUtN2I3ZTE0Yjg1YzEzKTogVVBEQVRFIGBEQl9QRURBR0FOR2AgU0VUIGBDVVNUX05BTUFgPT8sYENVU1RfTklLYD0/LGBDVVNUX1BIT05FYD0/LGBDVVNUX09XTkVSYD0/LGBDVVNUX0lVUkFOYD0/LGBDVVNUX1NUQVRVU2A9PyxgdXBkYXRlZEF0YD0/IFdIRVJFIGBDVVNUX0NPREVgID0gPyJ9','2025-06-11 15:44:15','PSR0004'),(331,'PSR0001LAP001','USR001','update','success','eyJ1c2VyIjp7ImlkIjoiVVNSMDAxIiwibmFtZSI6InN1cGVyYWRtaW4iLCJsZXZlbCI6IlNVQSIsIm93bmVyIjoiUFNSMDAwNCJ9LCJxdWVyeSI6IkV4ZWN1dGluZyAoZGVmYXVsdCk6IFVQREFURSBgREJfTEFQQUtgIFNFVCBgTEFQQUtfTkFNQWA9PyxgTEFQQUtfQkxPS2A9PyxgTEFQQUtfVUtVUkFOYD0/LGBMQVBBS19UWVBFYD0/LGBMQVBBS19QRU5ZRVdBYD0/LGBMQVBBS19NVUxBSWA9PyxgTEFQQUtfQUtISVJgPT8sYExBUEFLX1NUQVRVU2A9PyxgTEFQQUtfT1dORVJgPT8sYExBUEFLX0JVS1RJX0ZPVE9gPT8sYHVwZGF0ZWRBdGA9PyBXSEVSRSBgTEFQQUtfQ09ERWAgPSA/In0=','2025-06-11 15:45:53','PSR0004'),(332,'PSR0001LAP006','USR001','update','success','eyJ1c2VyIjp7ImlkIjoiVVNSMDAxIiwibmFtZSI6InN1cGVyYWRtaW4iLCJsZXZlbCI6IlNVQSIsIm93bmVyIjoiUFNSMDAwNCJ9LCJxdWVyeSI6IkV4ZWN1dGluZyAoZGVmYXVsdCk6IFVQREFURSBgREJfTEFQQUtgIFNFVCBgTEFQQUtfTkFNQWA9PyxgTEFQQUtfQkxPS2A9PyxgTEFQQUtfVUtVUkFOYD0/LGBMQVBBS19UWVBFYD0/LGBMQVBBS19QRU5ZRVdBYD0/LGBMQVBBS19NVUxBSWA9PyxgTEFQQUtfQUtISVJgPT8sYExBUEFLX1NUQVRVU2A9PyxgTEFQQUtfT1dORVJgPT8sYExBUEFLX0JVS1RJX0ZPVE9gPT8sYHVwZGF0ZWRBdGA9PyBXSEVSRSBgTEFQQUtfQ09ERWAgPSA/In0=','2025-06-11 15:46:19','PSR0004'),(333,'CUST00011','USR001','update','success','eyJ1c2VyIjp7ImlkIjoiVVNSMDAxIiwibmFtZSI6InN1cGVyYWRtaW4iLCJsZXZlbCI6IlNVQSIsIm93bmVyIjoiUFNSMDAwNCJ9LCJxdWVyeSI6IkV4ZWN1dGluZyAoN2JhNmMzNGItNTIxMi00M2ZkLThlM2EtMzFmYTI0NmI1MzdjKTogVVBEQVRFIGBEQl9QRURBR0FOR2AgU0VUIGBDVVNUX05BTUFgPT8sYENVU1RfTklLYD0/LGBDVVNUX1BIT05FYD0/LGBDVVNUX09XTkVSYD0/LGBDVVNUX0lVUkFOYD0/LGBDVVNUX1NUQVRVU2A9PyxgdXBkYXRlZEF0YD0/IFdIRVJFIGBDVVNUX0NPREVgID0gPyJ9','2025-06-11 15:47:08','PSR0004'),(334,'IU2025061200001','PSR0001003','create','success','eyJ1c2VyIjp7ImlkIjoiUFNSMDAwMTAwMyIsIm5hbWUiOiJwZW5nZ3VuYTIiLCJsZXZlbCI6IlBHTiIsIm93bmVyIjoiUFNSMDAwMSJ9LCJxdWVyeSI6IkV4ZWN1dGluZyAoMjgyOTUzOGEtOGQ1MC00ZmJhLWEyNDUtODg1YmJhMjg5N2U5KTogSU5TRVJUIElOVE8gYERCX0lVUkFOYCAoYElVUkFOX0NPREVgLGBJVVJBTl9QRURBR0FOR2AsYElVUkFOX1RBTkdHQUxgLGBJVVJBTl9KVU1MQUhgLGBJVVJBTl9TVEFUVVNgLGBJVVJBTl9NRVRPREVfQkFZQVJgLGBJVVJBTl9XQUtUVV9CQVlBUmAsYElVUkFOX1VTRVJgLGBJVVJBTl9CVUtUSV9GT1RPYCxgY3JlYXRlZEF0YCxgdXBkYXRlZEF0YCkgVkFMVUVTICg/LD8sPyw/LD8sPyw/LD8sPyw/LD8pOyJ9','2025-06-12 04:08:34','PSR0001'),(335,'IU2025061200001','PSR0001003','update','success','eyJ1c2VyIjp7ImlkIjoiUFNSMDAwMTAwMyIsIm5hbWUiOiJwZW5nZ3VuYTIiLCJsZXZlbCI6IlBHTiIsIm93bmVyIjoiUFNSMDAwMSJ9LCJxdWVyeSI6IkV4ZWN1dGluZyAoZDM5ZjlmNmYtN2QzNy00MzIyLWE3YWItNTQ5NzJiYzA1NzAwKTogVVBEQVRFIGBEQl9JVVJBTmAgU0VUIGBJVVJBTl9TVEFUVVNgPT8sYElVUkFOX01FVE9ERV9CQVlBUmA9PyxgSVVSQU5fVVNFUmA9PyxgSVVSQU5fV0FLVFVfQkFZQVJgPT8sYElVUkFOX0JVS1RJX0ZPVE9gPT8sYHVwZGF0ZWRBdGA9PyBXSEVSRSBgSVVSQU5fQ09ERWAgPSA/In0=','2025-06-12 04:08:40','PSR0001'),(336,'CUST00011','USR001','update','success','eyJ1c2VyIjp7ImlkIjoiVVNSMDAxIiwibmFtZSI6InN1cGVyYWRtaW4iLCJsZXZlbCI6IlNVQSIsIm93bmVyIjoiUFNSMDAwNCJ9LCJxdWVyeSI6IkV4ZWN1dGluZyAoZTE2MmFhYWItZTFiNi00N2Q4LWE2OWMtMThlNTc0ZGJmMmUyKTogVVBEQVRFIGBEQl9QRURBR0FOR2AgU0VUIGBDVVNUX05BTUFgPT8sYENVU1RfTklLYD0/LGBDVVNUX1BIT05FYD0/LGBDVVNUX09XTkVSYD0/LGBDVVNUX0lVUkFOYD0/LGBDVVNUX1NUQVRVU2A9PyxgdXBkYXRlZEF0YD0/IFdIRVJFIGBDVVNUX0NPREVgID0gPyJ9','2025-06-12 04:15:35','PSR0004'),(337,'CUST00011','USR001','update','success','eyJ1c2VyIjp7ImlkIjoiVVNSMDAxIiwibmFtZSI6InN1cGVyYWRtaW4iLCJsZXZlbCI6IlNVQSIsIm93bmVyIjoiUFNSMDAwNCJ9LCJxdWVyeSI6IkV4ZWN1dGluZyAoNDEzYTU4MDAtY2M2NC00YTY3LWI0NjItNDQ0YzI5NTRhNmQ4KTogVVBEQVRFIGBEQl9QRURBR0FOR2AgU0VUIGBDVVNUX05BTUFgPT8sYENVU1RfTklLYD0/LGBDVVNUX1BIT05FYD0/LGBDVVNUX09XTkVSYD0/LGBDVVNUX0lVUkFOYD0/LGBDVVNUX1NUQVRVU2A9PyxgdXBkYXRlZEF0YD0/IFdIRVJFIGBDVVNUX0NPREVgID0gPyJ9','2025-06-12 04:18:19','PSR0004'),(338,'CUST00011','USR001','update','success','eyJ1c2VyIjp7ImlkIjoiVVNSMDAxIiwibmFtZSI6InN1cGVyYWRtaW4iLCJsZXZlbCI6IlNVQSIsIm93bmVyIjoiUFNSMDAwNCJ9LCJxdWVyeSI6IkV4ZWN1dGluZyAoMDYwM2Y1ODItOWYxOC00ODU2LWI4NGMtMTNiZDg1ZmY1NmJiKTogVVBEQVRFIGBEQl9QRURBR0FOR2AgU0VUIGBDVVNUX05BTUFgPT8sYENVU1RfTklLYD0/LGBDVVNUX1BIT05FYD0/LGBDVVNUX09XTkVSYD0/LGBDVVNUX0lVUkFOYD0/LGBDVVNUX1NUQVRVU2A9PyxgdXBkYXRlZEF0YD0/IFdIRVJFIGBDVVNUX0NPREVgID0gPyJ9','2025-06-12 04:18:53','PSR0004'),(339,'CUST00011','USR001','update','success','eyJ1c2VyIjp7ImlkIjoiVVNSMDAxIiwibmFtZSI6InN1cGVyYWRtaW4iLCJsZXZlbCI6IlNVQSIsIm93bmVyIjoiUFNSMDAwNCJ9LCJxdWVyeSI6IkV4ZWN1dGluZyAoZGVmYXVsdCk6IFVQREFURSBgREJfTEFQQUtgIFNFVCBgTEFQQUtfU1RBVFVTYD0/LGBMQVBBS19QRU5ZRVdBYD0/LGBMQVBBS19NVUxBSWA9PyxgTEFQQUtfQUtISVJgPT8sYExBUEFLX0JVS1RJX0ZPVE9gPT8sYHVwZGF0ZWRBdGA9PyBXSEVSRSBgTEFQQUtfQ09ERWAgPSA/In0=','2025-06-12 04:18:53','PSR0004'),(340,'CUST00012','USR001','create','success','eyJ1c2VyIjp7ImlkIjoiVVNSMDAxIiwibmFtZSI6InN1cGVyYWRtaW4iLCJsZXZlbCI6IlNVQSIsIm93bmVyIjoiUFNSMDAwNCJ9LCJxdWVyeSI6IkV4ZWN1dGluZyAoOWQyMGNhMWQtZmMxZi00ZjFhLTg2MTEtMWUyNWJiNmU4MWQ4KTogSU5TRVJUIElOVE8gYERCX1BFREFHQU5HYCAoYENVU1RfQ09ERWAsYENVU1RfTkFNQWAsYENVU1RfTklLYCxgQ1VTVF9QSE9ORWAsYENVU1RfT1dORVJgLGBDVVNUX0lVUkFOYCxgQ1VTVF9TVEFUVVNgLGBjcmVhdGVkQXRgLGB1cGRhdGVkQXRgKSBWQUxVRVMgKD8sPyw/LD8sPyw/LD8sPyw/KTsifQ==','2025-06-12 04:19:26','PSR0004'),(341,'CUST00012','USR001','update','success','eyJ1c2VyIjp7ImlkIjoiVVNSMDAxIiwibmFtZSI6InN1cGVyYWRtaW4iLCJsZXZlbCI6IlNVQSIsIm93bmVyIjoiUFNSMDAwNCJ9LCJxdWVyeSI6IkV4ZWN1dGluZyAoZGVmYXVsdCk6IFVQREFURSBgREJfTEFQQUtgIFNFVCBgTEFQQUtfU1RBVFVTYD0/LGBMQVBBS19QRU5ZRVdBYD0/LGBMQVBBS19NVUxBSWA9PyxgTEFQQUtfQUtISVJgPT8sYExBUEFLX0JVS1RJX0ZPVE9gPT8sYHVwZGF0ZWRBdGA9PyBXSEVSRSBgTEFQQUtfQ09ERWAgPSA/In0=','2025-06-12 04:19:26','PSR0004'),(342,'CUST00011','USR001','update','success','eyJ1c2VyIjp7ImlkIjoiVVNSMDAxIiwibmFtZSI6InN1cGVyYWRtaW4iLCJsZXZlbCI6IlNVQSIsIm93bmVyIjoiUFNSMDAwNCJ9LCJxdWVyeSI6IkV4ZWN1dGluZyAoYmFmMWYwYWEtODMxZS00NWU3LTk3YmEtMzE4M2JkYjk4YTM0KTogVVBEQVRFIGBEQl9QRURBR0FOR2AgU0VUIGBDVVNUX05BTUFgPT8sYENVU1RfTklLYD0/LGBDVVNUX1BIT05FYD0/LGBDVVNUX09XTkVSYD0/LGBDVVNUX0lVUkFOYD0/LGBDVVNUX1NUQVRVU2A9PyxgdXBkYXRlZEF0YD0/IFdIRVJFIGBDVVNUX0NPREVgID0gPyJ9','2025-06-12 07:32:08','PSR0004'),(343,'CUST00011','USR001','update','success','eyJ1c2VyIjp7ImlkIjoiVVNSMDAxIiwibmFtZSI6InN1cGVyYWRtaW4iLCJsZXZlbCI6IlNVQSIsIm93bmVyIjoiUFNSMDAwNCJ9LCJxdWVyeSI6IkV4ZWN1dGluZyAoZGVmYXVsdCk6IFVQREFURSBgREJfTEFQQUtgIFNFVCBgTEFQQUtfU1RBVFVTYD0/LGBMQVBBS19QRU5ZRVdBYD0/LGBMQVBBS19NVUxBSWA9PyxgTEFQQUtfQUtISVJgPT8sYExBUEFLX0JVS1RJX0ZPVE9gPT8sYHVwZGF0ZWRBdGA9PyBXSEVSRSBgTEFQQUtfQ09ERWAgPSA/In0=','2025-06-12 07:32:08','PSR0004'),(344,'CUST00011','USR001','update','success','eyJ1c2VyIjp7ImlkIjoiVVNSMDAxIiwibmFtZSI6InN1cGVyYWRtaW4iLCJsZXZlbCI6IlNVQSIsIm93bmVyIjoiUFNSMDAwNCJ9LCJxdWVyeSI6IkV4ZWN1dGluZyAoZGVmYXVsdCk6IFVQREFURSBgREJfTEFQQUtgIFNFVCBgTEFQQUtfU1RBVFVTYD0/LGBMQVBBS19QRU5ZRVdBYD0/LGBMQVBBS19NVUxBSWA9PyxgTEFQQUtfQUtISVJgPT8sYExBUEFLX0JVS1RJX0ZPVE9gPT8sYHVwZGF0ZWRBdGA9PyBXSEVSRSBgTEFQQUtfQ09ERWAgPSA/In0=','2025-06-12 07:32:08','PSR0004'),(345,'CUST00011','USR001','update','success','eyJ1c2VyIjp7ImlkIjoiVVNSMDAxIiwibmFtZSI6InN1cGVyYWRtaW4iLCJsZXZlbCI6IlNVQSIsIm93bmVyIjoiUFNSMDAwNCJ9LCJxdWVyeSI6IkV4ZWN1dGluZyAoZTcyNDQ5NzQtMzk4ZS00ZmVhLWE2NzQtZDcwYjVmYmRjMDdhKTogVVBEQVRFIGBEQl9QRURBR0FOR2AgU0VUIGBDVVNUX05BTUFgPT8sYENVU1RfTklLYD0/LGBDVVNUX1BIT05FYD0/LGBDVVNUX09XTkVSYD0/LGBDVVNUX0lVUkFOYD0/LGBDVVNUX1NUQVRVU2A9PyxgdXBkYXRlZEF0YD0/IFdIRVJFIGBDVVNUX0NPREVgID0gPyJ9','2025-06-12 07:32:38','PSR0004'),(346,'CUST00011','USR001','update','success','eyJ1c2VyIjp7ImlkIjoiVVNSMDAxIiwibmFtZSI6InN1cGVyYWRtaW4iLCJsZXZlbCI6IlNVQSIsIm93bmVyIjoiUFNSMDAwNCJ9LCJxdWVyeSI6IkV4ZWN1dGluZyAoZGVmYXVsdCk6IFVQREFURSBgREJfTEFQQUtgIFNFVCBgTEFQQUtfU1RBVFVTYD0/LGBMQVBBS19QRU5ZRVdBYD0/LGBMQVBBS19NVUxBSWA9PyxgTEFQQUtfQUtISVJgPT8sYExBUEFLX0JVS1RJX0ZPVE9gPT8sYHVwZGF0ZWRBdGA9PyBXSEVSRSBgTEFQQUtfQ09ERWAgPSA/In0=','2025-06-12 07:32:38','PSR0004'),(347,'CUST00011','USR001','update','success','eyJ1c2VyIjp7ImlkIjoiVVNSMDAxIiwibmFtZSI6InN1cGVyYWRtaW4iLCJsZXZlbCI6IlNVQSIsIm93bmVyIjoiUFNSMDAwNCJ9LCJxdWVyeSI6IkV4ZWN1dGluZyAoZjM3MjZmM2EtYTJjZS00YWY4LTg3NjYtYWFlNjBjYmIzZDU3KTogVVBEQVRFIGBEQl9QRURBR0FOR2AgU0VUIGBDVVNUX05BTUFgPT8sYENVU1RfTklLYD0/LGBDVVNUX1BIT05FYD0/LGBDVVNUX09XTkVSYD0/LGBDVVNUX0lVUkFOYD0/LGBDVVNUX1NUQVRVU2A9PyxgdXBkYXRlZEF0YD0/IFdIRVJFIGBDVVNUX0NPREVgID0gPyJ9','2025-06-12 07:32:50','PSR0004'),(348,'CUST00011','USR001','update','success','eyJ1c2VyIjp7ImlkIjoiVVNSMDAxIiwibmFtZSI6InN1cGVyYWRtaW4iLCJsZXZlbCI6IlNVQSIsIm93bmVyIjoiUFNSMDAwNCJ9LCJxdWVyeSI6IkV4ZWN1dGluZyAoZGVmYXVsdCk6IFVQREFURSBgREJfTEFQQUtgIFNFVCBgTEFQQUtfU1RBVFVTYD0/LGBMQVBBS19QRU5ZRVdBYD0/LGBMQVBBS19NVUxBSWA9PyxgTEFQQUtfQUtISVJgPT8sYExBUEFLX0JVS1RJX0ZPVE9gPT8sYHVwZGF0ZWRBdGA9PyBXSEVSRSBgTEFQQUtfQ09ERWAgPSA/In0=','2025-06-12 07:32:50','PSR0004'),(349,'CUST00011','USR001','update','success','eyJ1c2VyIjp7ImlkIjoiVVNSMDAxIiwibmFtZSI6InN1cGVyYWRtaW4iLCJsZXZlbCI6IlNVQSIsIm93bmVyIjoiUFNSMDAwNCJ9LCJxdWVyeSI6IkV4ZWN1dGluZyAoMGNlNzVhNzItN2U3MC00ZTFlLTlmMTEtMTU5OTUxN2ViMGQwKTogVVBEQVRFIGBEQl9QRURBR0FOR2AgU0VUIGBDVVNUX05BTUFgPT8sYENVU1RfTklLYD0/LGBDVVNUX1BIT05FYD0/LGBDVVNUX09XTkVSYD0/LGBDVVNUX0lVUkFOYD0/LGBDVVNUX1NUQVRVU2A9PyxgdXBkYXRlZEF0YD0/IFdIRVJFIGBDVVNUX0NPREVgID0gPyJ9','2025-06-12 07:33:12','PSR0004'),(350,'CUST00011','USR001','update','success','eyJ1c2VyIjp7ImlkIjoiVVNSMDAxIiwibmFtZSI6InN1cGVyYWRtaW4iLCJsZXZlbCI6IlNVQSIsIm93bmVyIjoiUFNSMDAwNCJ9LCJxdWVyeSI6IkV4ZWN1dGluZyAoZGVmYXVsdCk6IFVQREFURSBgREJfTEFQQUtgIFNFVCBgTEFQQUtfU1RBVFVTYD0/LGBMQVBBS19QRU5ZRVdBYD0/LGBMQVBBS19NVUxBSWA9PyxgTEFQQUtfQUtISVJgPT8sYExBUEFLX0JVS1RJX0ZPVE9gPT8sYHVwZGF0ZWRBdGA9PyBXSEVSRSBgTEFQQUtfQ09ERWAgPSA/In0=','2025-06-12 07:33:12','PSR0004'),(351,'CUST00011','USR001','update','success','eyJ1c2VyIjp7ImlkIjoiVVNSMDAxIiwibmFtZSI6InN1cGVyYWRtaW4iLCJsZXZlbCI6IlNVQSIsIm93bmVyIjoiUFNSMDAwNCJ9LCJxdWVyeSI6IkV4ZWN1dGluZyAoZjgyOWFlZTctNmQ4OS00NjYzLTkwODYtMWRlMjAxYzkzMDQxKTogVVBEQVRFIGBEQl9QRURBR0FOR2AgU0VUIGBDVVNUX05BTUFgPT8sYENVU1RfTklLYD0/LGBDVVNUX1BIT05FYD0/LGBDVVNUX09XTkVSYD0/LGBDVVNUX0lVUkFOYD0/LGBDVVNUX1NUQVRVU2A9PyxgdXBkYXRlZEF0YD0/IFdIRVJFIGBDVVNUX0NPREVgID0gPyJ9','2025-06-12 07:33:43','PSR0004'),(352,'CUST00011','USR001','update','success','eyJ1c2VyIjp7ImlkIjoiVVNSMDAxIiwibmFtZSI6InN1cGVyYWRtaW4iLCJsZXZlbCI6IlNVQSIsIm93bmVyIjoiUFNSMDAwNCJ9LCJxdWVyeSI6IkV4ZWN1dGluZyAoZGVmYXVsdCk6IFVQREFURSBgREJfTEFQQUtgIFNFVCBgTEFQQUtfU1RBVFVTYD0/LGBMQVBBS19QRU5ZRVdBYD0/LGBMQVBBS19NVUxBSWA9PyxgTEFQQUtfQUtISVJgPT8sYExBUEFLX0JVS1RJX0ZPVE9gPT8sYHVwZGF0ZWRBdGA9PyBXSEVSRSBgTEFQQUtfQ09ERWAgPSA/In0=','2025-06-12 07:33:43','PSR0004'),(353,'CUST00001','USR001','update','success','eyJ1c2VyIjp7ImlkIjoiVVNSMDAxIiwibmFtZSI6InN1cGVyYWRtaW4iLCJsZXZlbCI6IlNVQSIsIm93bmVyIjoiUFNSMDAwNCJ9LCJxdWVyeSI6IkV4ZWN1dGluZyAoOWQ4ODY0ODctMWY0NC00MDE2LWFmNjItZTczMDI3Zjc5YTU3KTogVVBEQVRFIGBEQl9QRURBR0FOR2AgU0VUIGBDVVNUX05BTUFgPT8sYENVU1RfTklLYD0/LGBDVVNUX1BIT05FYD0/LGBDVVNUX09XTkVSYD0/LGBDVVNUX0lVUkFOYD0/LGBDVVNUX1NUQVRVU2A9PyxgdXBkYXRlZEF0YD0/IFdIRVJFIGBDVVNUX0NPREVgID0gPyJ9','2025-06-12 07:34:38','PSR0004'),(354,'CUST00001','USR001','update','success','eyJ1c2VyIjp7ImlkIjoiVVNSMDAxIiwibmFtZSI6InN1cGVyYWRtaW4iLCJsZXZlbCI6IlNVQSIsIm93bmVyIjoiUFNSMDAwNCJ9LCJxdWVyeSI6IkV4ZWN1dGluZyAoZGVmYXVsdCk6IFVQREFURSBgREJfTEFQQUtgIFNFVCBgTEFQQUtfU1RBVFVTYD0/LGBMQVBBS19QRU5ZRVdBYD0/LGBMQVBBS19NVUxBSWA9PyxgTEFQQUtfQUtISVJgPT8sYExBUEFLX0JVS1RJX0ZPVE9gPT8sYHVwZGF0ZWRBdGA9PyBXSEVSRSBgTEFQQUtfQ09ERWAgPSA/In0=','2025-06-12 07:34:38','PSR0004'),(355,'CUST00001','USR001','update','success','eyJ1c2VyIjp7ImlkIjoiVVNSMDAxIiwibmFtZSI6InN1cGVyYWRtaW4iLCJsZXZlbCI6IlNVQSIsIm93bmVyIjoiUFNSMDAwNCJ9LCJxdWVyeSI6IkV4ZWN1dGluZyAoZGI3MWI1OGYtZDkyYy00ZTYzLTllYTQtN2NkZWY4MWE5NjYwKTogVVBEQVRFIGBEQl9QRURBR0FOR2AgU0VUIGBDVVNUX05BTUFgPT8sYENVU1RfTklLYD0/LGBDVVNUX1BIT05FYD0/LGBDVVNUX09XTkVSYD0/LGBDVVNUX0lVUkFOYD0/LGBDVVNUX1NUQVRVU2A9PyxgdXBkYXRlZEF0YD0/IFdIRVJFIGBDVVNUX0NPREVgID0gPyJ9','2025-06-12 07:35:26','PSR0004'),(356,'CUST00001','USR001','update','success','eyJ1c2VyIjp7ImlkIjoiVVNSMDAxIiwibmFtZSI6InN1cGVyYWRtaW4iLCJsZXZlbCI6IlNVQSIsIm93bmVyIjoiUFNSMDAwNCJ9LCJxdWVyeSI6IkV4ZWN1dGluZyAoZGVmYXVsdCk6IFVQREFURSBgREJfTEFQQUtgIFNFVCBgTEFQQUtfU1RBVFVTYD0/LGBMQVBBS19QRU5ZRVdBYD0/LGBMQVBBS19NVUxBSWA9PyxgTEFQQUtfQUtISVJgPT8sYExBUEFLX0JVS1RJX0ZPVE9gPT8sYHVwZGF0ZWRBdGA9PyBXSEVSRSBgTEFQQUtfQ09ERWAgPSA/In0=','2025-06-12 07:35:26','PSR0004'),(357,'CUST00001','USR001','update','success','eyJ1c2VyIjp7ImlkIjoiVVNSMDAxIiwibmFtZSI6InN1cGVyYWRtaW4iLCJsZXZlbCI6IlNVQSIsIm93bmVyIjoiUFNSMDAwNCJ9LCJxdWVyeSI6IkV4ZWN1dGluZyAoNjc4ZWU3YjEtMzQyZi00YmVhLTkxOWMtNGViYzkzOGQyZGY0KTogVVBEQVRFIGBEQl9QRURBR0FOR2AgU0VUIGBDVVNUX05BTUFgPT8sYENVU1RfTklLYD0/LGBDVVNUX1BIT05FYD0/LGBDVVNUX09XTkVSYD0/LGBDVVNUX0lVUkFOYD0/LGBDVVNUX1NUQVRVU2A9PyxgdXBkYXRlZEF0YD0/IFdIRVJFIGBDVVNUX0NPREVgID0gPyJ9','2025-06-12 07:35:42','PSR0004'),(358,'CUST00001','USR001','update','success','eyJ1c2VyIjp7ImlkIjoiVVNSMDAxIiwibmFtZSI6InN1cGVyYWRtaW4iLCJsZXZlbCI6IlNVQSIsIm93bmVyIjoiUFNSMDAwNCJ9LCJxdWVyeSI6IkV4ZWN1dGluZyAoNzhiYjEwMjQtN2U2ZS00NTAwLTliMTctYWY5MDI0ODcwODAzKTogVVBEQVRFIGBEQl9QRURBR0FOR2AgU0VUIGBDVVNUX05BTUFgPT8sYENVU1RfTklLYD0/LGBDVVNUX1BIT05FYD0/LGBDVVNUX09XTkVSYD0/LGBDVVNUX0lVUkFOYD0/LGBDVVNUX1NUQVRVU2A9PyxgdXBkYXRlZEF0YD0/IFdIRVJFIGBDVVNUX0NPREVgID0gPyJ9','2025-06-12 07:36:48','PSR0004'),(359,'CUST00001','USR001','update','success','eyJ1c2VyIjp7ImlkIjoiVVNSMDAxIiwibmFtZSI6InN1cGVyYWRtaW4iLCJsZXZlbCI6IlNVQSIsIm93bmVyIjoiUFNSMDAwNCJ9LCJxdWVyeSI6IkV4ZWN1dGluZyAoZGVmYXVsdCk6IFVQREFURSBgREJfTEFQQUtgIFNFVCBgTEFQQUtfU1RBVFVTYD0/LGBMQVBBS19QRU5ZRVdBYD0/LGBMQVBBS19NVUxBSWA9PyxgTEFQQUtfQUtISVJgPT8sYExBUEFLX0JVS1RJX0ZPVE9gPT8sYHVwZGF0ZWRBdGA9PyBXSEVSRSBgTEFQQUtfQ09ERWAgPSA/In0=','2025-06-12 07:36:48','PSR0004'),(360,'CUST00001','USR001','update','success','eyJ1c2VyIjp7ImlkIjoiVVNSMDAxIiwibmFtZSI6InN1cGVyYWRtaW4iLCJsZXZlbCI6IlNVQSIsIm93bmVyIjoiUFNSMDAwNCJ9LCJxdWVyeSI6IkV4ZWN1dGluZyAoYzEyMzVhZjEtZjgwNy00MWMzLTg2MjAtOWVlYjk0ODEzMGE5KTogVVBEQVRFIGBEQl9QRURBR0FOR2AgU0VUIGBDVVNUX05BTUFgPT8sYENVU1RfTklLYD0/LGBDVVNUX1BIT05FYD0/LGBDVVNUX09XTkVSYD0/LGBDVVNUX0lVUkFOYD0/LGBDVVNUX1NUQVRVU2A9PyxgdXBkYXRlZEF0YD0/IFdIRVJFIGBDVVNUX0NPREVgID0gPyJ9','2025-06-12 07:37:54','PSR0004'),(361,'CUST00001','USR001','update','success','eyJ1c2VyIjp7ImlkIjoiVVNSMDAxIiwibmFtZSI6InN1cGVyYWRtaW4iLCJsZXZlbCI6IlNVQSIsIm93bmVyIjoiUFNSMDAwNCJ9LCJxdWVyeSI6IkV4ZWN1dGluZyAoZGVmYXVsdCk6IFVQREFURSBgREJfTEFQQUtgIFNFVCBgTEFQQUtfU1RBVFVTYD0/LGBMQVBBS19QRU5ZRVdBYD0/LGBMQVBBS19NVUxBSWA9PyxgTEFQQUtfQUtISVJgPT8sYExBUEFLX0JVS1RJX0ZPVE9gPT8sYHVwZGF0ZWRBdGA9PyBXSEVSRSBgTEFQQUtfQ09ERWAgPSA/In0=','2025-06-12 07:37:54','PSR0004'),(362,'CUST00001','USR001','update','success','eyJ1c2VyIjp7ImlkIjoiVVNSMDAxIiwibmFtZSI6InN1cGVyYWRtaW4iLCJsZXZlbCI6IlNVQSIsIm93bmVyIjoiUFNSMDAwNCJ9LCJxdWVyeSI6IkV4ZWN1dGluZyAoZGVmYXVsdCk6IFVQREFURSBgREJfTEFQQUtgIFNFVCBgTEFQQUtfU1RBVFVTYD0/LGBMQVBBS19QRU5ZRVdBYD0/LGBMQVBBS19NVUxBSWA9PyxgTEFQQUtfQUtISVJgPT8sYExBUEFLX0JVS1RJX0ZPVE9gPT8sYHVwZGF0ZWRBdGA9PyBXSEVSRSBgTEFQQUtfQ09ERWAgPSA/In0=','2025-06-12 07:37:54','PSR0004'),(363,'CUST00001','USR001','update','success','eyJ1c2VyIjp7ImlkIjoiVVNSMDAxIiwibmFtZSI6InN1cGVyYWRtaW4iLCJsZXZlbCI6IlNVQSIsIm93bmVyIjoiUFNSMDAwNCJ9LCJxdWVyeSI6IkV4ZWN1dGluZyAoNjAyNjQ1NmQtNDA3YS00YTQ0LTlkODItMWE5NzU5YmU3NGMyKTogVVBEQVRFIGBEQl9QRURBR0FOR2AgU0VUIGBDVVNUX05BTUFgPT8sYENVU1RfTklLYD0/LGBDVVNUX1BIT05FYD0/LGBDVVNUX09XTkVSYD0/LGBDVVNUX0lVUkFOYD0/LGBDVVNUX1NUQVRVU2A9PyxgdXBkYXRlZEF0YD0/IFdIRVJFIGBDVVNUX0NPREVgID0gPyJ9','2025-06-12 07:38:00','PSR0004'),(364,'CUST00001','USR001','update','success','eyJ1c2VyIjp7ImlkIjoiVVNSMDAxIiwibmFtZSI6InN1cGVyYWRtaW4iLCJsZXZlbCI6IlNVQSIsIm93bmVyIjoiUFNSMDAwNCJ9LCJxdWVyeSI6IkV4ZWN1dGluZyAoZGVmYXVsdCk6IFVQREFURSBgREJfTEFQQUtgIFNFVCBgTEFQQUtfU1RBVFVTYD0/LGBMQVBBS19QRU5ZRVdBYD0/LGBMQVBBS19NVUxBSWA9PyxgTEFQQUtfQUtISVJgPT8sYExBUEFLX0JVS1RJX0ZPVE9gPT8sYHVwZGF0ZWRBdGA9PyBXSEVSRSBgTEFQQUtfQ09ERWAgPSA/In0=','2025-06-12 07:38:00','PSR0004'),(365,'CUST00001','USR001','update','success','eyJ1c2VyIjp7ImlkIjoiVVNSMDAxIiwibmFtZSI6InN1cGVyYWRtaW4iLCJsZXZlbCI6IlNVQSIsIm93bmVyIjoiUFNSMDAwNCJ9LCJxdWVyeSI6IkV4ZWN1dGluZyAoNTY0Yjg1OWUtYjVmOC00YjMwLTlhZDMtNDdkM2YzOTNiOGQ0KTogVVBEQVRFIGBEQl9QRURBR0FOR2AgU0VUIGBDVVNUX05BTUFgPT8sYENVU1RfTklLYD0/LGBDVVNUX1BIT05FYD0/LGBDVVNUX09XTkVSYD0/LGBDVVNUX0lVUkFOYD0/LGBDVVNUX1NUQVRVU2A9PyxgdXBkYXRlZEF0YD0/IFdIRVJFIGBDVVNUX0NPREVgID0gPyJ9','2025-06-12 07:55:39','PSR0004'),(366,'CUST00001','USR001','update','success','eyJ1c2VyIjp7ImlkIjoiVVNSMDAxIiwibmFtZSI6InN1cGVyYWRtaW4iLCJsZXZlbCI6IlNVQSIsIm93bmVyIjoiUFNSMDAwNCJ9LCJxdWVyeSI6IkV4ZWN1dGluZyAoZDA2Njk3OGItNGUxMC00NWRiLTkzYjYtM2RiZDAzZjIxMDYyKTogVVBEQVRFIGBEQl9QRURBR0FOR2AgU0VUIGBDVVNUX05BTUFgPT8sYENVU1RfTklLYD0/LGBDVVNUX1BIT05FYD0/LGBDVVNUX09XTkVSYD0/LGBDVVNUX0lVUkFOYD0/LGBDVVNUX1NUQVRVU2A9PyxgdXBkYXRlZEF0YD0/IFdIRVJFIGBDVVNUX0NPREVgID0gPyJ9','2025-06-12 07:55:46','PSR0004'),(367,'CUST00001','USR001','update','success','eyJ1c2VyIjp7ImlkIjoiVVNSMDAxIiwibmFtZSI6InN1cGVyYWRtaW4iLCJsZXZlbCI6IlNVQSIsIm93bmVyIjoiUFNSMDAwNCJ9LCJxdWVyeSI6IkV4ZWN1dGluZyAoNGVmODg5YjYtZDBmMS00MGZiLWJmYzgtYjZmYjYzMDA2NzYwKTogVVBEQVRFIGBEQl9QRURBR0FOR2AgU0VUIGBDVVNUX05BTUFgPT8sYENVU1RfTklLYD0/LGBDVVNUX1BIT05FYD0/LGBDVVNUX09XTkVSYD0/LGBDVVNUX0lVUkFOYD0/LGBDVVNUX1NUQVRVU2A9PyxgdXBkYXRlZEF0YD0/IFdIRVJFIGBDVVNUX0NPREVgID0gPyJ9','2025-06-12 07:55:51','PSR0004'),(368,'CUST00008','USR001','update','success','eyJ1c2VyIjp7ImlkIjoiVVNSMDAxIiwibmFtZSI6InN1cGVyYWRtaW4iLCJsZXZlbCI6IlNVQSIsIm93bmVyIjoiUFNSMDAwNCJ9LCJxdWVyeSI6IkV4ZWN1dGluZyAoOWIxMzhlYmItMjkwZS00OTYwLWEzZDItZDA1NzJlMWIwYTYxKTogVVBEQVRFIGBEQl9QRURBR0FOR2AgU0VUIGBDVVNUX05BTUFgPT8sYENVU1RfTklLYD0/LGBDVVNUX1BIT05FYD0/LGBDVVNUX09XTkVSYD0/LGBDVVNUX0lVUkFOYD0/LGBDVVNUX1NUQVRVU2A9PyxgdXBkYXRlZEF0YD0/IFdIRVJFIGBDVVNUX0NPREVgID0gPyJ9','2025-06-12 07:57:04','PSR0004'),(369,'CUST00011','USR001','update','success','eyJ1c2VyIjp7ImlkIjoiVVNSMDAxIiwibmFtZSI6InN1cGVyYWRtaW4iLCJsZXZlbCI6IlNVQSIsIm93bmVyIjoiUFNSMDAwNCJ9LCJxdWVyeSI6IkV4ZWN1dGluZyAoZmI0ZjA3YTctYTM4ZS00ZGJmLWIwYTgtNDlhMzcyNjdmNjgwKTogVVBEQVRFIGBEQl9QRURBR0FOR2AgU0VUIGBDVVNUX05BTUFgPT8sYENVU1RfTklLYD0/LGBDVVNUX1BIT05FYD0/LGBDVVNUX09XTkVSYD0/LGBDVVNUX0lVUkFOYD0/LGBDVVNUX1NUQVRVU2A9PyxgdXBkYXRlZEF0YD0/IFdIRVJFIGBDVVNUX0NPREVgID0gPyJ9','2025-06-12 07:57:16','PSR0004'),(370,'CUST00001','PSR0001002','update','success','eyJ1c2VyIjp7ImlkIjoiUFNSMDAwMTAwMiIsIm5hbWUiOiJwZXR1Z2FzNCIsImxldmVsIjoiUFRHIiwib3duZXIiOiJQU1IwMDAxIn0sInF1ZXJ5IjoiRXhlY3V0aW5nICg4ZmU1NzQ3Yy0xZjFhLTQwZDgtOWIwMC0wZTY5MTI2MTMzMzIpOiBVUERBVEUgYERCX1BFREFHQU5HYCBTRVQgYENVU1RfTkFNQWA9PyxgQ1VTVF9OSUtgPT8sYENVU1RfUEhPTkVgPT8sYENVU1RfT1dORVJgPT8sYENVU1RfSVVSQU5gPT8sYENVU1RfU1RBVFVTYD0/LGB1cGRhdGVkQXRgPT8gV0hFUkUgYENVU1RfQ09ERWAgPSA/In0=','2025-06-12 08:08:45','PSR0001'),(371,'CUST00001','PSR0001002','update','success','eyJ1c2VyIjp7ImlkIjoiUFNSMDAwMTAwMiIsIm5hbWUiOiJwZXR1Z2FzNCIsImxldmVsIjoiUFRHIiwib3duZXIiOiJQU1IwMDAxIn0sInF1ZXJ5IjoiRXhlY3V0aW5nICg1ODNmOGExMi00ZDZjLTRlZjEtYmE4Zi00ZDUyZTk4M2MyNDEpOiBVUERBVEUgYERCX1BFREFHQU5HYCBTRVQgYENVU1RfTkFNQWA9PyxgQ1VTVF9OSUtgPT8sYENVU1RfUEhPTkVgPT8sYENVU1RfT1dORVJgPT8sYENVU1RfSVVSQU5gPT8sYENVU1RfU1RBVFVTYD0/LGB1cGRhdGVkQXRgPT8gV0hFUkUgYENVU1RfQ09ERWAgPSA/In0=','2025-06-12 08:08:48','PSR0001'),(372,'CUST00001','PSR0001002','update','success','eyJ1c2VyIjp7ImlkIjoiUFNSMDAwMTAwMiIsIm5hbWUiOiJwZXR1Z2FzNCIsImxldmVsIjoiUFRHIiwib3duZXIiOiJQU1IwMDAxIn0sInF1ZXJ5IjoiRXhlY3V0aW5nIChhZmU2NDkzNC0yMDExLTQzZjAtYjliNC1hZmY4MGI2YTQ1MzMpOiBVUERBVEUgYERCX1BFREFHQU5HYCBTRVQgYENVU1RfTkFNQWA9PyxgQ1VTVF9OSUtgPT8sYENVU1RfUEhPTkVgPT8sYENVU1RfT1dORVJgPT8sYENVU1RfSVVSQU5gPT8sYENVU1RfU1RBVFVTYD0/LGB1cGRhdGVkQXRgPT8gV0hFUkUgYENVU1RfQ09ERWAgPSA/In0=','2025-06-12 08:08:57','PSR0001'),(373,'CUST00001','PSR0001002','update','success','eyJ1c2VyIjp7ImlkIjoiUFNSMDAwMTAwMiIsIm5hbWUiOiJwZXR1Z2FzNCIsImxldmVsIjoiUFRHIiwib3duZXIiOiJQU1IwMDAxIn0sInF1ZXJ5IjoiRXhlY3V0aW5nICg4Njg5MTEwNC0xODE3LTQzNmYtYjU1OS01NDI5NWQwMDI1NDApOiBVUERBVEUgYERCX1BFREFHQU5HYCBTRVQgYENVU1RfTkFNQWA9PyxgQ1VTVF9OSUtgPT8sYENVU1RfUEhPTkVgPT8sYENVU1RfT1dORVJgPT8sYENVU1RfSVVSQU5gPT8sYENVU1RfU1RBVFVTYD0/LGB1cGRhdGVkQXRgPT8gV0hFUkUgYENVU1RfQ09ERWAgPSA/In0=','2025-06-12 08:09:17','PSR0001'),(374,'PSR0001LAP003','PSR0001003','update','success','eyJ1c2VyIjp7ImlkIjoiUFNSMDAwMTAwMyIsIm5hbWUiOiJwZW5nZ3VuYTIiLCJsZXZlbCI6IlBHTiIsIm93bmVyIjoiUFNSMDAwMSJ9LCJxdWVyeSI6IkV4ZWN1dGluZyAoZGVmYXVsdCk6IFVQREFURSBgREJfTEFQQUtgIFNFVCBgTEFQQUtfU1RBVFVTYD0/LGBMQVBBS19CVUtUSV9GT1RPYD0/LGB1cGRhdGVkQXRgPT8gV0hFUkUgYExBUEFLX0NPREVgID0gPyJ9','2025-06-12 08:45:39','PSR0001'),(375,'PSR0001LAP003','PSR0001003','update','success','eyJ1c2VyIjp7ImlkIjoiUFNSMDAwMTAwMyIsIm5hbWUiOiJwZW5nZ3VuYTIiLCJsZXZlbCI6IlBHTiIsIm93bmVyIjoiUFNSMDAwMSJ9LCJxdWVyeSI6IkV4ZWN1dGluZyAoZGVmYXVsdCk6IFVQREFURSBgREJfTEFQQUtgIFNFVCBgTEFQQUtfU1RBVFVTYD0/LGBMQVBBS19CVUtUSV9GT1RPYD0/LGB1cGRhdGVkQXRgPT8gV0hFUkUgYExBUEFLX0NPREVgID0gPyJ9','2025-06-12 08:46:15','PSR0001'),(376,'IU2025061200002','PSR0001003','create','success','eyJ1c2VyIjp7ImlkIjoiUFNSMDAwMTAwMyIsIm5hbWUiOiJwZW5nZ3VuYTIiLCJsZXZlbCI6IlBHTiIsIm93bmVyIjoiUFNSMDAwMSJ9LCJxdWVyeSI6IkV4ZWN1dGluZyAoZTZkMTIxNWItM2Y5Ni00MzAxLWFlOWEtYTVmYTQxZDlmOTBkKTogSU5TRVJUIElOVE8gYERCX0lVUkFOYCAoYElVUkFOX0NPREVgLGBJVVJBTl9QRURBR0FOR2AsYElVUkFOX1RBTkdHQUxgLGBJVVJBTl9KVU1MQUhgLGBJVVJBTl9TVEFUVVNgLGBJVVJBTl9NRVRPREVfQkFZQVJgLGBJVVJBTl9XQUtUVV9CQVlBUmAsYElVUkFOX1VTRVJgLGBJVVJBTl9CVUtUSV9GT1RPYCxgY3JlYXRlZEF0YCxgdXBkYXRlZEF0YCkgVkFMVUVTICg/LD8sPyw/LD8sPyw/LD8sPyw/LD8pOyJ9','2025-06-12 08:46:29','PSR0001'),(377,'IU2025061200002','PSR0001003','update','success','eyJ1c2VyIjp7ImlkIjoiUFNSMDAwMTAwMyIsIm5hbWUiOiJwZW5nZ3VuYTIiLCJsZXZlbCI6IlBHTiIsIm93bmVyIjoiUFNSMDAwMSJ9LCJxdWVyeSI6IkV4ZWN1dGluZyAoYzRiYmMxYzQtYzNjMC00ZTU4LThjMGYtMDc1Mzk4Y2FkY2E0KTogVVBEQVRFIGBEQl9JVVJBTmAgU0VUIGBJVVJBTl9TVEFUVVNgPT8sYElVUkFOX01FVE9ERV9CQVlBUmA9PyxgSVVSQU5fVVNFUmA9PyxgSVVSQU5fV0FLVFVfQkFZQVJgPT8sYElVUkFOX0JVS1RJX0ZPVE9gPT8sYHVwZGF0ZWRBdGA9PyBXSEVSRSBgSVVSQU5fQ09ERWAgPSA/In0=','2025-06-12 08:46:40','PSR0001'),(378,'IU2025061200003','PSR0001003','create','success','eyJ1c2VyIjp7ImlkIjoiUFNSMDAwMTAwMyIsIm5hbWUiOiJwZW5nZ3VuYTIiLCJsZXZlbCI6IlBHTiIsIm93bmVyIjoiUFNSMDAwMSJ9LCJxdWVyeSI6IkV4ZWN1dGluZyAoMTViM2I2Y2QtNTQwMy00YjMwLTkxYjktMDczNjUyM2YwZjRjKTogSU5TRVJUIElOVE8gYERCX0lVUkFOYCAoYElVUkFOX0NPREVgLGBJVVJBTl9QRURBR0FOR2AsYElVUkFOX1RBTkdHQUxgLGBJVVJBTl9KVU1MQUhgLGBJVVJBTl9TVEFUVVNgLGBJVVJBTl9NRVRPREVfQkFZQVJgLGBJVVJBTl9XQUtUVV9CQVlBUmAsYElVUkFOX1VTRVJgLGBJVVJBTl9CVUtUSV9GT1RPYCxgY3JlYXRlZEF0YCxgdXBkYXRlZEF0YCkgVkFMVUVTICg/LD8sPyw/LD8sPyw/LD8sPyw/LD8pOyJ9','2025-06-12 08:46:55','PSR0001'),(379,'PSR0001LAP003','PSR0001003','update','success','eyJ1c2VyIjp7ImlkIjoiUFNSMDAwMTAwMyIsIm5hbWUiOiJwZW5nZ3VuYTIiLCJsZXZlbCI6IlBHTiIsIm93bmVyIjoiUFNSMDAwMSJ9LCJxdWVyeSI6IkV4ZWN1dGluZyAoZGVmYXVsdCk6IFVQREFURSBgREJfTEFQQUtgIFNFVCBgTEFQQUtfU1RBVFVTYD0/LGBMQVBBS19CVUtUSV9GT1RPYD0/LGB1cGRhdGVkQXRgPT8gV0hFUkUgYExBUEFLX0NPREVgID0gPyJ9','2025-06-12 08:47:04','PSR0001'),(380,'IU2025061200004','PSR0001003','create','success','eyJ1c2VyIjp7ImlkIjoiUFNSMDAwMTAwMyIsIm5hbWUiOiJwZW5nZ3VuYTIiLCJsZXZlbCI6IlBHTiIsIm93bmVyIjoiUFNSMDAwMSJ9LCJxdWVyeSI6IkV4ZWN1dGluZyAoYTcxODNmOGMtYWQ2NC00NTMwLWI2YjUtZDYwYTc0NjQ2MmNmKTogSU5TRVJUIElOVE8gYERCX0lVUkFOYCAoYElVUkFOX0NPREVgLGBJVVJBTl9QRURBR0FOR2AsYElVUkFOX1RBTkdHQUxgLGBJVVJBTl9KVU1MQUhgLGBJVVJBTl9TVEFUVVNgLGBJVVJBTl9NRVRPREVfQkFZQVJgLGBJVVJBTl9XQUtUVV9CQVlBUmAsYElVUkFOX1VTRVJgLGBJVVJBTl9CVUtUSV9GT1RPYCxgY3JlYXRlZEF0YCxgdXBkYXRlZEF0YCkgVkFMVUVTICg/LD8sPyw/LD8sPyw/LD8sPyw/LD8pOyJ9','2025-06-12 08:49:05','PSR0001'),(381,'IU2025061200003','PSR0001003','update','success','eyJ1c2VyIjp7ImlkIjoiUFNSMDAwMTAwMyIsIm5hbWUiOiJwZW5nZ3VuYTIiLCJsZXZlbCI6IlBHTiIsIm93bmVyIjoiUFNSMDAwMSJ9LCJxdWVyeSI6IkV4ZWN1dGluZyAoNDVkMmJkZTctMDAwMC00YmJkLTg1MTYtMmNjYjc0YTQyZDdiKTogVVBEQVRFIGBEQl9JVVJBTmAgU0VUIGBJVVJBTl9TVEFUVVNgPT8sYElVUkFOX01FVE9ERV9CQVlBUmA9PyxgSVVSQU5fVVNFUmA9PyxgSVVSQU5fV0FLVFVfQkFZQVJgPT8sYElVUkFOX0JVS1RJX0ZPVE9gPT8sYHVwZGF0ZWRBdGA9PyBXSEVSRSBgSVVSQU5fQ09ERWAgPSA/In0=','2025-06-12 08:50:43','PSR0001'),(382,'IU2025061200004','PSR0001003','update','success','eyJ1c2VyIjp7ImlkIjoiUFNSMDAwMTAwMyIsIm5hbWUiOiJwZW5nZ3VuYTIiLCJsZXZlbCI6IlBHTiIsIm93bmVyIjoiUFNSMDAwMSJ9LCJxdWVyeSI6IkV4ZWN1dGluZyAoNGY0OGZhNDUtMTA2NS00NTlmLWEwMWQtOTYyYjYwNzJlMzI3KTogVVBEQVRFIGBEQl9JVVJBTmAgU0VUIGBJVVJBTl9TVEFUVVNgPT8sYElVUkFOX01FVE9ERV9CQVlBUmA9PyxgSVVSQU5fVVNFUmA9PyxgSVVSQU5fV0FLVFVfQkFZQVJgPT8sYElVUkFOX0JVS1RJX0ZPVE9gPT8sYHVwZGF0ZWRBdGA9PyBXSEVSRSBgSVVSQU5fQ09ERWAgPSA/In0=','2025-06-12 08:53:07','PSR0001');
/*!40000 ALTER TABLE `LOG_ACTIVITY` ENABLE KEYS */;
UNLOCK TABLES;

--
-- Table structure for table `LOG_AKSES`
--

DROP TABLE IF EXISTS `LOG_AKSES`;
/*!40101 SET @saved_cs_client     = @@character_set_client */;
/*!50503 SET character_set_client = utf8mb4 */;
CREATE TABLE `LOG_AKSES` (
  `id` int NOT NULL AUTO_INCREMENT,
  `AKSES_USER` varchar(255) DEFAULT NULL,
  `AKSES_IP` varchar(255) DEFAULT NULL,
  `AKSES_BROWSER` varchar(255) DEFAULT NULL,
  `AKSES_STATUS` varchar(255) DEFAULT NULL,
  `AKSES_RECORD` datetime DEFAULT NULL,
  PRIMARY KEY (`id`)
) ENGINE=InnoDB AUTO_INCREMENT=311 DEFAULT CHARSET=utf8mb4 COLLATE=utf8mb4_general_ci;
/*!40101 SET character_set_client = @saved_cs_client */;

--
-- Dumping data for table `LOG_AKSES`
--

LOCK TABLES `LOG_AKSES` WRITE;
/*!40000 ALTER TABLE `LOG_AKSES` DISABLE KEYS */;
INSERT INTO `LOG_AKSES` VALUES (47,'Unknown','::1','Chrome','Success','2025-05-09 04:38:20'),(48,'Unknown','::1','Chrome','Success','2025-05-09 04:39:49'),(49,'Unknown','::1','Chrome','Failed','2025-05-09 04:39:49'),(50,'Unknown','::1','Chrome','Success','2025-05-09 04:39:52'),(51,'Unknown','::1','Other','Success','2025-05-09 04:41:37'),(52,'Unknown','::1','Other','Failed','2025-05-09 04:41:37'),(53,'Unknown','::1','Other','Success','2025-05-09 04:41:41'),(54,'Unknown','::1','Chrome','Success','2025-05-09 04:43:49'),(55,'Unknown','::1','Safari','Failed','2025-05-09 04:44:02'),(56,'Unknown','::1','Safari','Failed','2025-05-09 04:44:06'),(57,'Unknown','::1','Safari','Failed','2025-05-09 04:44:14'),(58,'Unknown','::1','Safari','Failed','2025-05-09 04:44:19'),(59,'Unknown','::1','Safari','Success','2025-05-09 04:44:22'),(60,'Unknown','::1','Safari','Failed','2025-05-09 04:44:22'),(61,'Unknown','::1','Safari','Success','2025-05-09 04:44:28'),(62,'USR001','::1','Chrome','Success','2025-05-09 06:01:15'),(63,'PSR0001001','::1','Safari','Success','2025-05-09 07:33:57'),(64,'USR001','::1','Chrome','Success','2025-05-09 08:40:08'),(65,'USR001','::1','Chrome','Success','2025-05-09 08:40:12'),(66,'USR001','::1','Chrome','Success','2025-05-09 09:09:12'),(67,'PSR0001001','::1','Chrome','Success','2025-05-09 09:36:15'),(68,'USR001','::1','Chrome','Success','2025-05-09 11:13:35'),(69,'USR001','::1','Chrome','Success','2025-05-09 11:57:20'),(70,'USR001','::1','Chrome','Success','2025-05-09 11:58:10'),(71,'USR001','::1','Chrome','Success','2025-05-09 12:00:19'),(72,'PSR0001001','::1','Safari','Success','2025-05-09 17:00:07'),(73,'PSR0001001','::1','Safari','Success','2025-05-09 17:00:11'),(74,'PSR0001001','::1','Safari','Success','2025-05-09 17:00:12'),(75,'PSR0001001','::1','Safari','Success','2025-05-09 17:00:19'),(76,'PSR0001001','::1','Safari','Success','2025-05-09 17:00:38'),(77,'PSR0001002','::1','Safari','Success','2025-05-09 17:01:19'),(78,'PSR0001001','::1','Safari','Success','2025-05-10 17:18:33'),(79,'PSR0001001','::1','Safari','Success','2025-05-10 17:18:41'),(80,'PSR0001001','::1','Safari','Success','2025-05-10 17:18:42'),(81,'PSR0001001','::1','Safari','Success','2025-05-10 17:18:45'),(82,'PSR0001001','::1','Safari','Success','2025-05-10 17:18:48'),(83,'PSR0001001','::1','Safari','Success','2025-05-10 17:18:52'),(84,'PSR0002001','::1','Safari','Success','2025-05-10 17:19:20'),(85,'PSR0001002','::1','Safari','Success','2025-05-10 17:24:21'),(86,'PSR0002001','::1','Safari','Success','2025-05-10 17:25:20'),(87,'PSR0002001','::1','Chrome','Success','2025-05-11 13:43:46'),(88,'PSR0001001','::1','Safari','Success','2025-05-13 06:59:01'),(89,'PSR0001001','::1','Safari','Success','2025-05-13 06:59:04'),(90,'PSR0001001','::1','Safari','Success','2025-05-13 06:59:06'),(91,'PSR0001001','::1','Safari','Success','2025-05-13 06:59:08'),(92,'PSR0001002','::1','Safari','Success','2025-05-13 06:59:21'),(93,'PSR0004002','::1','Safari','Success','2025-05-13 08:39:09'),(94,'PSR0001002','::1','Chrome','Success','2025-05-14 02:31:34'),(95,'PSR0001002','::1','Chrome','Success','2025-05-14 02:42:03'),(96,'PSR0001002','::1','Safari','Success','2025-05-14 03:04:23'),(97,'USR001','::1','Chrome','Success','2025-05-14 03:05:57'),(98,'USR001','::1','Chrome','Success','2025-05-14 03:06:02'),(99,'USR001','::1','Safari','Success','2025-05-14 03:09:09'),(100,'USR001','::1','Safari','Success','2025-05-14 03:09:31'),(101,'USR001','::1','Safari','Success','2025-05-14 03:16:05'),(102,'USR001','::1','Chrome','Success','2025-05-14 03:23:09'),(103,'USR001','::1','Chrome','Success','2025-05-14 03:31:10'),(104,'USR001','::1','Chrome','Success','2025-05-14 03:31:46'),(105,'USR001','::1','Chrome','Success','2025-05-14 03:31:52'),(106,'USR001','::1','Chrome','Success','2025-05-14 03:33:29'),(107,'USR001','::1','Safari','Success','2025-05-14 03:33:34'),(108,'USR001','::1','Safari','Success','2025-05-14 03:35:05'),(109,'USR001','::1','Safari','Success','2025-05-14 03:35:08'),(110,'USR001','::1','Safari','Success','2025-05-14 03:35:17'),(111,'USR001','::1','Safari','Success','2025-05-14 03:35:24'),(112,'USR001','::1','Safari','Success','2025-05-14 03:38:24'),(113,'USR001','::1','Safari','Success','2025-05-14 03:46:46'),(114,'PSR0001002','::1','Chrome','Success','2025-05-14 03:49:15'),(115,'PSR0001002','::1','Chrome','Success','2025-05-14 03:49:43'),(116,'PSR0001002','::1','Chrome','Success','2025-05-14 03:50:02'),(117,'PSR0001002','::1','Safari','Success','2025-05-14 03:56:52'),(118,'USR001','::1','Chrome','Success','2025-05-14 03:57:03'),(119,'USR001','::1','Safari','Success','2025-05-14 03:59:31'),(120,'USR001','::1','Chrome','Success','2025-05-14 04:01:28'),(121,'USR001','::1','Chrome','Success','2025-05-14 04:02:32'),(122,'USR001','::1','Chrome','Success','2025-05-14 04:14:03'),(123,'PSR0001002','::1','Chrome','Success','2025-05-14 04:14:13'),(124,'USR001','::1','Chrome','Success','2025-05-14 04:21:22'),(125,'USR001','::1','Chrome','Success','2025-05-14 04:21:25'),(126,'PSR0001002','::1','Safari','Success','2025-05-14 08:12:56'),(127,'PSR0002001','::1','Safari','Success','2025-05-14 08:13:39'),(128,'PSR0001002','::1','Chrome','Success','2025-05-14 08:14:13'),(129,'USR001','::1','Chrome','Success','2025-05-14 08:35:14'),(130,'PSR0004002','::1','Chrome','Success','2025-05-14 08:38:34'),(131,'PSR0001002','::1','Chrome','Success','2025-05-14 08:39:17'),(132,'USR001','127.0.0.1','Other','Success','2025-05-14 10:13:19'),(133,'USR001','127.0.0.1','Other','Success','2025-05-14 10:13:45'),(134,'USR001','127.0.0.1','Other','Success','2025-05-14 10:15:13'),(135,'USR001','127.0.0.1','Other','Success','2025-05-14 10:18:00'),(136,'USR001','127.0.0.1','Other','Success','2025-05-14 12:18:28'),(137,'USR001','127.0.0.1','Other','Success','2025-05-14 12:18:35'),(138,'USR001','127.0.0.1','Other','Success','2025-05-14 12:19:01'),(139,'USR001','127.0.0.1','Other','Success','2025-05-14 12:20:07'),(140,'USR001','127.0.0.1','Other','Success','2025-05-14 12:20:25'),(141,'USR001','127.0.0.1','Other','Success','2025-05-14 12:20:43'),(142,'USR001','127.0.0.1','Other','Success','2025-05-14 12:22:03'),(143,'USR001','127.0.0.1','Other','Success','2025-05-14 12:24:44'),(144,'USR001','127.0.0.1','Other','Success','2025-05-14 12:30:04'),(145,'USR001','127.0.0.1','Other','Success','2025-05-14 12:30:26'),(146,'USR001','127.0.0.1','Other','Success','2025-05-14 12:38:53'),(147,'USR001','127.0.0.1','Other','Success','2025-05-14 12:48:08'),(148,'USR001','127.0.0.1','Other','Success','2025-05-14 14:22:52'),(149,'USR001','127.0.0.1','Other','Success','2025-05-14 15:24:12'),(150,'USR001','127.0.0.1','Other','Success','2025-05-14 16:12:50'),(151,'USR001','127.0.0.1','Other','Success','2025-05-14 16:27:56'),(152,'USR001','127.0.0.1','Other','Success','2025-05-14 16:28:25'),(153,'PSR0001002','127.0.0.1','Other','Success','2025-05-14 16:48:18'),(154,'USR001','127.0.0.1','Other','Success','2025-05-14 16:51:38'),(155,'PSR0001002','127.0.0.1','Other','Success','2025-05-14 16:59:46'),(156,'USR001','127.0.0.1','Other','Success','2025-05-14 17:00:28'),(157,'USR001','127.0.0.1','Other','Success','2025-05-14 17:10:45'),(158,'USR001','127.0.0.1','Other','Success','2025-05-15 02:07:14'),(159,'USR001','127.0.0.1','Other','Success','2025-05-15 02:29:17'),(160,'USR001','127.0.0.1','Safari','Success','2025-05-15 02:49:53'),(161,'USR001','127.0.0.1','Other','Success','2025-05-15 03:06:33'),(162,'USR001','127.0.0.1','Other','Success','2025-05-15 03:07:11'),(163,'USR001','127.0.0.1','Safari','Success','2025-05-15 03:11:52'),(164,'USR001','127.0.0.1','Other','Success','2025-05-15 03:27:54'),(165,'USR001','127.0.0.1','Other','Success','2025-05-15 03:31:07'),(166,'PSR0001002','127.0.0.1','Safari','Success','2025-05-15 03:36:12'),(167,'PSR0001002','127.0.0.1','Safari','Success','2025-05-15 03:36:14'),(168,'USR001','127.0.0.1','Other','Success','2025-05-15 03:59:29'),(169,'USR001','127.0.0.1','Other','Success','2025-05-15 04:03:02'),(170,'USR001','127.0.0.1','Other','Success','2025-05-15 04:14:04'),(171,'USR001','127.0.0.1','Other','Success','2025-05-15 04:23:00'),(172,'USR001','127.0.0.1','Other','Success','2025-05-15 04:24:10'),(173,'USR001','127.0.0.1','Other','Success','2025-05-15 04:37:14'),(174,'USR001','127.0.0.1','Other','Success','2025-05-15 04:56:25'),(175,'USR001','127.0.0.1','Other','Success','2025-05-15 04:57:01'),(176,'USR001','127.0.0.1','Other','Success','2025-05-15 06:38:21'),(177,'USR001','127.0.0.1','Other','Success','2025-05-15 06:43:27'),(178,'USR001','127.0.0.1','Other','Success','2025-05-15 06:43:56'),(179,'USR001','127.0.0.1','Other','Success','2025-05-15 07:08:44'),(180,'USR001','127.0.0.1','Other','Success','2025-05-15 07:11:42'),(181,'USR001','127.0.0.1','Other','Success','2025-05-15 07:21:04'),(182,'USR001','127.0.0.1','Other','Success','2025-05-15 07:36:19'),(183,'USR001','127.0.0.1','Other','Success','2025-05-15 07:39:02'),(184,'USR001','127.0.0.1','Other','Success','2025-05-15 07:40:16'),(185,'USR001','127.0.0.1','Other','Success','2025-05-15 07:52:02'),(186,'USR001','127.0.0.1','Other','Success','2025-05-15 07:57:22'),(187,'PSR0001002','127.0.0.1','Other','Success','2025-05-15 08:23:23'),(188,'USR001','127.0.0.1','Other','Success','2025-05-15 08:47:30'),(189,'USR001','172.20.10.3','Other','Success','2025-05-15 09:50:49'),(190,'USR001','172.20.10.3','Other','Success','2025-05-15 09:52:17'),(191,'USR001','172.20.10.3','Other','Success','2025-05-15 10:00:24'),(192,'USR001','172.20.10.3','Other','Success','2025-05-15 10:01:53'),(193,'USR001','172.20.10.3','Other','Success','2025-05-15 10:04:44'),(194,'USR001','172.20.10.3','Other','Success','2025-05-15 10:06:30'),(195,'USR001','172.20.10.3','Other','Success','2025-05-15 10:10:51'),(196,'USR001','172.20.10.3','Other','Success','2025-05-15 10:15:30'),(197,'USR001','172.20.10.3','Other','Success','2025-05-15 10:16:37'),(198,'USR001','192.168.18.85','Other','Success','2025-05-15 11:56:47'),(199,'PSR0001002','127.0.0.1','Chrome','Success','2025-05-15 11:58:38'),(200,'USR001','192.168.18.85','Other','Success','2025-05-15 12:12:47'),(201,'PSR0001002','192.168.18.85','Other','Success','2025-05-15 12:15:09'),(202,'PSR0001002','192.168.103.39','Other','Success','2025-05-15 12:40:58'),(203,'PSR0001002','192.168.103.39','Other','Success','2025-05-15 12:48:13'),(204,'USR001','192.168.103.39','Other','Success','2025-05-15 12:51:47'),(205,'USR001','192.168.103.39','Other','Success','2025-05-15 12:51:59'),(206,'USR001','192.168.103.39','Other','Success','2025-05-15 12:52:17'),(207,'USR001','192.168.103.39','Other','Success','2025-05-15 13:11:15'),(208,'USR001','192.168.103.39','Other','Success','2025-05-15 13:27:27'),(209,'USR001','192.168.103.39','Other','Success','2025-05-15 13:38:16'),(210,'USR001','192.168.103.39','Other','Success','2025-05-15 13:43:07'),(211,'USR001','192.168.103.39','Other','Success','2025-05-15 13:56:53'),(212,'PSR0001002','127.0.0.1','Chrome','Success','2025-05-15 13:57:51'),(213,'USR001','192.168.103.39','Other','Success','2025-05-15 14:11:20'),(214,'USR001','192.168.103.39','Other','Success','2025-05-15 14:14:56'),(215,'USR001','192.168.103.39','Other','Success','2025-05-15 14:29:39'),(216,'PSR0001002','192.168.103.43','Other','Success','2025-05-15 14:45:20'),(217,'PSR0001002','192.168.103.43','Other','Success','2025-05-15 14:46:10'),(218,'USR001','192.168.103.43','Other','Success','2025-05-15 14:49:18'),(219,'PSR0001002','192.168.103.39','Other','Success','2025-05-15 14:52:20'),(220,'USR001','192.168.103.39','Other','Success','2025-05-15 14:58:10'),(221,'PSR0001002','127.0.0.1','Chrome','Success','2025-05-15 14:58:30'),(222,'USR001','192.168.10.67','Other','Success','2025-05-16 02:47:20'),(223,'USR001','192.168.10.67','Other','Success','2025-05-16 02:48:15'),(224,'PSR0001002','192.168.10.67','Other','Success','2025-05-16 02:55:07'),(225,'PSR0001002','192.168.10.67','Other','Success','2025-05-16 02:55:12'),(226,'USR001','192.168.10.67','Other','Success','2025-05-16 03:12:25'),(227,'PSR0001002','127.0.0.1','Chrome','Success','2025-05-16 03:14:58'),(228,'USR001','192.168.10.67','Other','Success','2025-05-16 03:44:39'),(229,'USR001','192.168.10.67','Other','Success','2025-05-16 03:52:25'),(230,'PSR0001002','192.168.10.67','Other','Success','2025-05-16 03:53:48'),(231,'PSR0001002','192.168.10.67','Other','Success','2025-05-16 04:07:26'),(232,'USR001','192.168.10.67','Other','Success','2025-05-16 04:10:06'),(233,'PSR0001002','192.168.10.67','Other','Success','2025-05-16 04:12:31'),(234,'USR001','192.168.10.67','Other','Success','2025-05-16 04:34:09'),(235,'PSR0001002','192.168.10.67','Other','Success','2025-05-16 06:09:42'),(236,'USR001','127.0.0.1','Safari','Success','2025-05-16 06:09:56'),(237,'PSR0001002','192.168.18.191','Other','Success','2025-05-17 14:33:53'),(238,'PSR0001002','192.168.18.191','Other','Success','2025-05-17 14:34:03'),(239,'PSR0001002','127.0.0.1','Safari','Success','2025-05-17 14:41:07'),(240,'PSR0001002','192.168.18.191','Other','Success','2025-05-17 14:43:58'),(241,'USR001','127.0.0.1','Safari','Success','2025-05-17 14:45:07'),(242,'USR001','127.0.0.1','Safari','Success','2025-05-17 14:45:18'),(243,'USR001','127.0.0.1','Safari','Success','2025-05-17 14:45:20'),(244,'USR001','127.0.0.1','Safari','Success','2025-05-17 14:45:22'),(245,'USR001','127.0.0.1','Safari','Success','2025-05-17 14:45:34'),(246,'USR001','127.0.0.1','Chrome','Success','2025-05-17 15:21:34'),(247,'USR001','127.0.0.1','Chrome','Success','2025-05-17 15:25:12'),(248,'USR001','127.0.0.1','Safari','Success','2025-05-19 02:34:07'),(249,'USR001','127.0.0.1','Safari','Success','2025-05-19 07:18:56'),(250,'USR001','::ffff:127.0.0.1','Safari','Success','2025-05-19 13:09:31'),(251,'PSR0001002','::ffff:127.0.0.1','Chrome','Success','2025-05-30 11:04:21'),(252,'PSR0001002','::ffff:127.0.0.1','Chrome','Success','2025-05-30 11:18:42'),(253,'PSR0001002','::ffff:127.0.0.1','Safari','Success','2025-05-30 11:19:01'),(254,'PSR0001002','::ffff:127.0.0.1','Safari','Success','2025-05-30 11:19:58'),(255,'PSR0001002','::ffff:127.0.0.1','Safari','Success','2025-05-30 11:20:47'),(256,'PSR0001002','::ffff:127.0.0.1','Safari','Success','2025-05-30 11:30:21'),(257,'PSR0001002','::ffff:127.0.0.1','Safari','Success','2025-05-30 11:35:04'),(258,'PSR0001002','::ffff:127.0.0.1','Safari','Success','2025-05-30 11:40:13'),(259,'PSR0001002','::ffff:127.0.0.1','Safari','Success','2025-05-30 11:51:20'),(260,'PSR0001002','::ffff:127.0.0.1','Safari','Success','2025-05-30 11:53:05'),(261,'USR001','::ffff:127.0.0.1','Chrome','Success','2025-05-30 11:53:33'),(262,'USR001','::ffff:127.0.0.1','Chrome','Success','2025-06-10 02:47:16'),(263,'PSR0004002','::ffff:127.0.0.1','Chrome','Success','2025-06-10 06:14:29'),(264,'USR001','::ffff:127.0.0.1','Chrome','Success','2025-06-10 06:19:47'),(265,'USR001','::ffff:127.0.0.1','Chrome','Success','2025-06-10 06:20:00'),(266,'PSR0001003','::ffff:127.0.0.1','Chrome','Success','2025-06-10 06:20:41'),(267,'PSR0001003','::ffff:127.0.0.1','Chrome','Success','2025-06-10 06:25:32'),(268,'USR001','::ffff:127.0.0.1','Chrome','Success','2025-06-10 06:25:48'),(269,'PSR0001003','::ffff:127.0.0.1','Chrome','Success','2025-06-10 06:35:04'),(270,'USR001','::ffff:127.0.0.1','Chrome','Success','2025-06-10 06:35:30'),(271,'PSR0001003','::ffff:127.0.0.1','Chrome','Success','2025-06-10 06:35:52'),(272,'PSR0001001','::ffff:127.0.0.1','Chrome','Success','2025-06-10 06:36:27'),(273,'PSR0001001','::ffff:127.0.0.1','Chrome','Success','2025-06-10 06:36:31'),(274,'PSR0001002','::ffff:127.0.0.1','Chrome','Success','2025-06-10 06:36:39'),(275,'PSR0001003','::ffff:127.0.0.1','Chrome','Success','2025-06-10 07:51:28'),(276,'PSR0001002','::ffff:127.0.0.1','Chrome','Success','2025-06-10 07:51:35'),(277,'USR001','::ffff:127.0.0.1','Other','Success','2025-06-10 16:19:36'),(278,'USR001','::ffff:127.0.0.1','Other','Success','2025-06-11 01:47:01'),(279,'USR001','::ffff:127.0.0.1','Chrome','Success','2025-06-11 01:47:33'),(280,'PSR0001002','::ffff:127.0.0.1','Chrome','Success','2025-06-11 01:49:19'),(281,'PSR0001003','::ffff:127.0.0.1','Chrome','Success','2025-06-11 01:49:40'),(282,'PSR0001002','::ffff:127.0.0.1','Chrome','Success','2025-06-11 01:50:15'),(283,'PSR0001003','::ffff:127.0.0.1','Chrome','Success','2025-06-11 01:50:36'),(284,'USR001','::ffff:127.0.0.1','Chrome','Success','2025-06-11 01:50:49'),(285,'USR001','::ffff:127.0.0.1','Chrome','Success','2025-06-11 01:50:51'),(286,'PSR0001003','::ffff:127.0.0.1','Other','Success','2025-06-11 01:58:00'),(287,'PSR0001003','::ffff:127.0.0.1','Other','Success','2025-06-11 02:43:14'),(288,'PSR0001003','::ffff:127.0.0.1','Other','Success','2025-06-11 03:07:53'),(289,'PSR0001003','::ffff:127.0.0.1','Other','Success','2025-06-11 03:57:59'),(290,'USR001','::ffff:127.0.0.1','Other','Success','2025-06-11 04:03:58'),(291,'USR001','::ffff:127.0.0.1','Chrome','Success','2025-06-11 04:07:18'),(292,'PSR0001003','::ffff:127.0.0.1','Other','Success','2025-06-11 04:07:29'),(293,'PSR0001003','::ffff:127.0.0.1','Other','Success','2025-06-11 04:27:18'),(294,'PSR0001003','::ffff:127.0.0.1','Other','Success','2025-06-11 04:47:06'),(295,'PSR0001003','::ffff:127.0.0.1','Other','Success','2025-06-11 04:47:14'),(296,'PSR0001003','::ffff:127.0.0.1','Other','Success','2025-06-11 06:21:41'),(297,'PSR0001003','::ffff:127.0.0.1','Other','Success','2025-06-11 06:24:08'),(298,'PSR0001003','::ffff:127.0.0.1','Other','Success','2025-06-11 06:50:26'),(299,'PSR0001003','::ffff:127.0.0.1','Other','Success','2025-06-11 07:18:23'),(300,'PSR0001003','::ffff:127.0.0.1','Other','Success','2025-06-11 07:28:03'),(301,'PSR0001003','::ffff:127.0.0.1','Other','Success','2025-06-11 07:42:42'),(302,'PSR0001003','::ffff:127.0.0.1','Other','Success','2025-06-11 07:50:18'),(303,'PSR0001003','::ffff:127.0.0.1','Other','Success','2025-06-11 08:48:33'),(304,'PSR0001003','::ffff:127.0.0.1','Other','Success','2025-06-11 08:55:39'),(305,'PSR0001003','::ffff:127.0.0.1','Other','Success','2025-06-11 11:29:34'),(306,'PSR0001003','::ffff:127.0.0.1','Other','Success','2025-06-11 11:39:46'),(307,'PSR0001003','::ffff:127.0.0.1','Other','Success','2025-06-12 04:08:14'),(308,'PSR0001003','::ffff:127.0.0.1','Chrome','Success','2025-06-12 08:08:04'),(309,'PSR0001002','::ffff:127.0.0.1','Chrome','Success','2025-06-12 08:08:22'),(310,'PSR0001003','::ffff:127.0.0.1','Other','Success','2025-06-12 08:45:12');
/*!40000 ALTER TABLE `LOG_AKSES` ENABLE KEYS */;
UNLOCK TABLES;

--
-- Table structure for table `MENU`
--

DROP TABLE IF EXISTS `MENU`;
/*!40101 SET @saved_cs_client     = @@character_set_client */;
/*!50503 SET character_set_client = utf8mb4 */;
CREATE TABLE `MENU` (
  `id` int NOT NULL AUTO_INCREMENT,
  `MENU_GROUP` varchar(255) DEFAULT NULL,
  `MENU_NAMA` varchar(255) DEFAULT NULL,
  `MENU_PATH` varchar(255) DEFAULT NULL,
  `MENU_PARENT_ID` int DEFAULT NULL,
  PRIMARY KEY (`id`),
  KEY `MENU_MENU_PARENT_ID_foreign_idx` (`MENU_PARENT_ID`),
  CONSTRAINT `MENU_MENU_PARENT_ID_foreign_idx` FOREIGN KEY (`MENU_PARENT_ID`) REFERENCES `MENU` (`id`) ON DELETE SET NULL ON UPDATE CASCADE
) ENGINE=InnoDB AUTO_INCREMENT=11 DEFAULT CHARSET=utf8mb4 COLLATE=utf8mb4_general_ci;
/*!40101 SET character_set_client = @saved_cs_client */;

--
-- Dumping data for table `MENU`
--

LOCK TABLES `MENU` WRITE;
/*!40000 ALTER TABLE `MENU` DISABLE KEYS */;
INSERT INTO `MENU` VALUES (1,'1','Dashboard','/dashboard',NULL),(2,'1','Iuran Management','/iuran-management',NULL),(3,'2','Data Lapak','',NULL),(4,'2','Tipe Lapak','/tipe-lapak',3),(5,'2','Pedagang','/pedagang-management',NULL),(6,'3','Data Pasar','/pasar-management',NULL),(7,'3','User Management','/user-management',NULL),(8,'3','Log Akses','/log-akses',NULL),(9,'3','Log Activity','/log-activity',NULL),(10,'2','List Lapak','/lapak-management',3);
/*!40000 ALTER TABLE `MENU` ENABLE KEYS */;
UNLOCK TABLES;

--
-- Table structure for table `SequelizeMeta`
--

DROP TABLE IF EXISTS `SequelizeMeta`;
/*!40101 SET @saved_cs_client     = @@character_set_client */;
/*!50503 SET character_set_client = utf8mb4 */;
CREATE TABLE `SequelizeMeta` (
  `name` varchar(255) CHARACTER SET utf8mb3 COLLATE utf8mb3_unicode_ci NOT NULL,
  PRIMARY KEY (`name`),
  UNIQUE KEY `name` (`name`)
) ENGINE=InnoDB DEFAULT CHARSET=utf8mb3 COLLATE=utf8mb3_unicode_ci;
/*!40101 SET character_set_client = @saved_cs_client */;

--
-- Dumping data for table `SequelizeMeta`
--

LOCK TABLES `SequelizeMeta` WRITE;
/*!40000 ALTER TABLE `SequelizeMeta` DISABLE KEYS */;
INSERT INTO `SequelizeMeta` VALUES ('20250429033044-create-userakses.js'),('20250429033448-create-data-pasar.js'),('20250429033727-create-user-level.js'),('20250429083618-change-user-code-to-string-in-userakses.js'),('20250429090835-change-level-code-to-string-in-user-levels.js'),('20250429090908-change-level-code-to-string-in-data-pasar.js'),('20250502132439-create-db-pedagang.js'),('20250502132448-create-db-lapak.js'),('20250502132456-create-db-iuran.js'),('20250503015438-create-log-akses.js'),('20250503015446-create-log-activity.js'),('20250506012902-create-db-type-lapak.js'),('20250507070607-add-status-to-db-pedagang.js'),('20250509085433-add-pedagang-iuran.js'),('20250509130723-create-user-level-akses.js'),('20250509131037-create-menu.js'),('20250513071208-add-parent-id-to-menu.js'),('20250604014416-add-lapak-bukti-foto-to-db-lapak.js');
/*!40000 ALTER TABLE `SequelizeMeta` ENABLE KEYS */;
UNLOCK TABLES;

--
-- Table structure for table `USER_LEVEL_AKSES`
--

DROP TABLE IF EXISTS `USER_LEVEL_AKSES`;
/*!40101 SET @saved_cs_client     = @@character_set_client */;
/*!50503 SET character_set_client = utf8mb4 */;
CREATE TABLE `USER_LEVEL_AKSES` (
  `LEVAC_CODE` varchar(50) NOT NULL,
  `LEVAC_MASTER` varchar(255) DEFAULT NULL,
  `LEVAC_MENU` varchar(255) CHARACTER SET utf8mb4 COLLATE utf8mb4_general_ci DEFAULT NULL,
  PRIMARY KEY (`LEVAC_CODE`)
) ENGINE=InnoDB DEFAULT CHARSET=utf8mb4 COLLATE=utf8mb4_general_ci;
/*!40101 SET character_set_client = @saved_cs_client */;

--
-- Dumping data for table `USER_LEVEL_AKSES`
--

LOCK TABLES `USER_LEVEL_AKSES` WRITE;
/*!40000 ALTER TABLE `USER_LEVEL_AKSES` DISABLE KEYS */;
INSERT INTO `USER_LEVEL_AKSES` VALUES ('PGN_AKSES_01','PGN','1'),('PGN_AKSES_02','PGN','2'),('PGN_AKSES_03','PGN','3'),('PGN_AKSES_04','PGN','10'),('PTG_AKSES_01','PTG','1'),('PTG_AKSES_02','PTG','2'),('PTG_AKSES_03','PTG','3'),('PTG_AKSES_04','PTG','4'),('PTG_AKSES_05','PTG','5'),('PTG_AKSES_06','PTG','10'),('SUA_AKSES_01','SUA','1'),('SUA_AKSES_02','SUA','2'),('SUA_AKSES_03','SUA','3'),('SUA_AKSES_04','SUA','4'),('SUA_AKSES_05','SUA','5'),('SUA_AKSES_06','SUA','6'),('SUA_AKSES_07','SUA','7'),('SUA_AKSES_08','SUA','8'),('SUA_AKSES_09','SUA','9'),('SUA_AKSES_10','SUA','10');
/*!40000 ALTER TABLE `USER_LEVEL_AKSES` ENABLE KEYS */;
UNLOCK TABLES;

--
-- Table structure for table `data_pasars`
--

DROP TABLE IF EXISTS `data_pasars`;
/*!40101 SET @saved_cs_client     = @@character_set_client */;
/*!50503 SET character_set_client = utf8mb4 */;
CREATE TABLE `data_pasars` (
  `pasar_code` varchar(255) NOT NULL,
  `pasar_nama` varchar(255) DEFAULT NULL,
  `pasar_logo` text,
  `pasar_status` enum('A','N') DEFAULT NULL,
  `pasar_token` text,
  `createdAt` datetime NOT NULL,
  `updatedAt` datetime NOT NULL,
  PRIMARY KEY (`pasar_code`),
  UNIQUE KEY `pasar_code` (`pasar_code`)
) ENGINE=InnoDB DEFAULT CHARSET=utf8mb4 COLLATE=utf8mb4_general_ci;
/*!40101 SET character_set_client = @saved_cs_client */;

--
-- Dumping data for table `data_pasars`
--

LOCK TABLES `data_pasars` WRITE;
/*!40000 ALTER TABLE `data_pasars` DISABLE KEYS */;
INSERT INTO `data_pasars` VALUES ('PSR0001','Pasar Banjarbaru Utara 1','1746180577625-pasar_logo.jpg','A',NULL,'2025-04-29 09:13:10','2025-06-10 03:10:42'),('PSR0002','Pasar Martapura Lama','1746180585743-pasar_logo.jpg','N',NULL,'2025-04-29 09:13:10','2025-05-05 11:59:14'),('PSR0003','Pasar Pagi','1746178626360-pasar_logo.jpg','A',NULL,'2025-05-02 09:30:03','2025-05-02 09:37:06'),('PSR0004','Pasar Randugunting','1746257120902-pasar_logo.png','A',NULL,'2025-05-03 07:25:20','2025-05-03 07:25:20'),('PSR0005','Pasar Pagi Sore',NULL,'N',NULL,'2025-05-05 03:13:57','2025-05-05 03:13:57'),('PSR0006','Pasar Merdeka',NULL,'A',NULL,'2025-05-06 08:32:15','2025-05-06 08:32:15'),('PSR0007','Pasar Pejuang',NULL,'A',NULL,'2025-05-06 08:32:24','2025-05-06 08:32:24'),('PSR0008','Pasar Terang',NULL,'A',NULL,'2025-05-06 08:32:33','2025-05-06 08:32:33'),('PSR0009','Pasar Bangsa',NULL,'A',NULL,'2025-05-06 08:32:37','2025-05-06 08:32:37'),('PSR0010','Pasar Terbang',NULL,'A',NULL,'2025-05-06 08:32:44','2025-05-06 08:32:44'),('PSR0013','Pasar 3',NULL,'A',NULL,'2025-05-06 08:32:54','2025-05-09 11:15:29'),('PSR0015','Pasar 5',NULL,'A',NULL,'2025-05-06 08:33:00','2025-05-06 08:33:00'),('PSR0016','Pasar 6',NULL,'A',NULL,'2025-05-06 08:33:04','2025-05-06 08:33:04'),('PSR0017','Pasar 7',NULL,'A',NULL,'2025-05-06 08:33:07','2025-05-06 08:33:07'),('PSR0019','Pasar 9',NULL,'A',NULL,'2025-05-06 08:33:16','2025-05-06 08:33:16'),('PSR0020','Pasar 10',NULL,'A',NULL,'2025-05-06 08:33:20','2025-05-06 08:33:20'),('PSR0021','Pasar Batu',NULL,'N',NULL,'2025-05-09 07:07:28','2025-05-09 07:07:28'),('PSR0022','Pasar empat',NULL,'N',NULL,'2025-05-09 07:13:31','2025-05-09 07:13:31');
/*!40000 ALTER TABLE `data_pasars` ENABLE KEYS */;
UNLOCK TABLES;

--
-- Table structure for table `user_levels`
--

DROP TABLE IF EXISTS `user_levels`;
/*!40101 SET @saved_cs_client     = @@character_set_client */;
/*!50503 SET character_set_client = utf8mb4 */;
CREATE TABLE `user_levels` (
  `level_code` varchar(255) NOT NULL,
  `level_name` varchar(255) DEFAULT NULL,
  `createdAt` datetime NOT NULL,
  `updatedAt` datetime NOT NULL,
  PRIMARY KEY (`level_code`),
  UNIQUE KEY `level_code` (`level_code`)
) ENGINE=InnoDB DEFAULT CHARSET=utf8mb4 COLLATE=utf8mb4_general_ci;
/*!40101 SET character_set_client = @saved_cs_client */;

--
-- Dumping data for table `user_levels`
--

LOCK TABLES `user_levels` WRITE;
/*!40000 ALTER TABLE `user_levels` DISABLE KEYS */;
INSERT INTO `user_levels` VALUES ('PGN','Pengguna','2025-04-29 09:10:47','2025-04-29 09:10:47'),('PTG','Petugas','2025-04-29 09:10:47','2025-04-29 09:10:47'),('SUA','Super Admin','2025-04-29 09:10:47','2025-04-29 09:10:47');
/*!40000 ALTER TABLE `user_levels` ENABLE KEYS */;
UNLOCK TABLES;

--
-- Table structure for table `userakses`
--

DROP TABLE IF EXISTS `userakses`;
/*!40101 SET @saved_cs_client     = @@character_set_client */;
/*!50503 SET character_set_client = utf8mb4 */;
CREATE TABLE `userakses` (
  `user_code` varchar(255) NOT NULL,
  `user_name` varchar(255) DEFAULT NULL,
  `user_pass` text,
  `user_phone` varchar(255) DEFAULT NULL,
  `user_email` varchar(255) DEFAULT NULL,
  `user_level` varchar(255) DEFAULT NULL,
  `user_foto` text,
  `user_owner` varchar(255) DEFAULT NULL,
  `user_status` enum('A','N') DEFAULT NULL,
  `user_validation` text,
  `createdAt` datetime NOT NULL,
  `updatedAt` datetime NOT NULL,
  PRIMARY KEY (`user_code`)
) ENGINE=InnoDB DEFAULT CHARSET=utf8mb4 COLLATE=utf8mb4_general_ci;
/*!40101 SET character_set_client = @saved_cs_client */;

--
-- Dumping data for table `userakses`
--

LOCK TABLES `userakses` WRITE;
/*!40000 ALTER TABLE `userakses` DISABLE KEYS */;
INSERT INTO `userakses` VALUES ('PSR0001001','petugas1','$2b$10$EO4UR.crRSNWKJuq3NavseNuiEVYQJ114GWsKPFDonYTPQzOPnkou','081234567890','admin@example.com','PTG','1746181067861-user_foto.jpg','PSR0001','A','eyJhbGciOiJIUzI1NiIsInR5cCI6IkpXVCJ9.eyJ1c2VyX2NvZGUiOiJQU1IwMDAxMDAxIiwidXNlcl9uYW1lIjoicGV0dWdhczEiLCJsZXZlbCI6IlBURyIsInBhc2FyX2NvZGUiOiJQU1IwMDAxIiwiaWF0IjoxNzQ5NTM3MzkxfQ.zF2XxqHePewbLHgMtIgdQuM7qwD4ohvdxzZv7DMIRQg','2025-04-29 11:07:54','2025-06-10 06:36:31'),('PSR0001002','petugas4','$2b$10$bewzBHHOd1bWteo1022C1.ObLz9c80GvPuSyq6TsilKrgRNu63ABy','081234567890','petugas2@example.com','PTG','1746175860403-user_foto.jpg','PSR0001','A','eyJhbGciOiJIUzI1NiIsInR5cCI6IkpXVCJ9.eyJ1c2VyX2NvZGUiOiJQU1IwMDAxMDAyIiwidXNlcl9uYW1lIjoicGV0dWdhczQiLCJsZXZlbCI6IlBURyIsInBhc2FyX2NvZGUiOiJQU1IwMDAxIiwiaWF0IjoxNzQ5NzE1NzAyfQ.Zx714_t65rOcDMkl4oOIepXyHORnmRJcL5Fs292KoXU','2025-04-30 09:04:42','2025-06-12 16:02:18'),('PSR0001003','pengguna2','$2b$10$hp.LIPdftiyikxrQqH1JQukHvAzrS8frRPlbUrgr9I8.E9XnVWPxq','081234567910','pengguna2@example.com','PGN',NULL,'PSR0001','A','eyJhbGciOiJIUzI1NiIsInR5cCI6IkpXVCJ9.eyJ1c2VyX2NvZGUiOiJQU1IwMDAxMDAzIiwidXNlcl9uYW1lIjoicGVuZ2d1bmEyIiwibGV2ZWwiOiJQR04iLCJwYXNhcl9jb2RlIjoiUFNSMDAwMSIsImlhdCI6MTc0OTcxNzkxMn0.cYJjJYAGc0wRWs4RAXkDnR6df8EEniXhpFQuDazt9Sg','2025-06-10 06:20:33','2025-06-12 08:45:12'),('PSR0002001','petugas11','$2b$10$a8vEtS028JpqISSdYE4u9uqbISKZ8vEyTcph2gKNnzpCEWNZrM1om','081234567879','petugas3@example.com','PTG','1746177309031-user_foto.jpg','PSR0002','A',NULL,'2025-05-02 09:15:09','2025-06-12 16:02:33'),('PSR0004001','petugas5','$2b$10$eYbXRzkGRWvzj1EhKoP1HeQsgsFTWLmACoCUqPfvWec60eAnHGGpm','08976543212','petugas5@gmail.com','PTG',NULL,'PSR0004','A',NULL,'2025-05-06 01:23:29','2025-05-08 05:40:25'),('PSR0004002','pengguna1','$2b$10$klv4Tu4x7CY6BePRyuzMwu5yKU13WoIB8HEMjo7pKK0Sk6tZ5XOCy','081234567999','pengguna@example.com','PGN','1747125478573-user_foto.jpg','PSR0004','A',NULL,'2025-05-13 08:37:58','2025-06-10 06:18:14'),('USR001','superadmin','$2b$10$HacrVFNCQZ6wnEwRnwCdOuMV.m8YA4obruOLthVy/ZcMd/2Jt6XfG','081234567895','superadmin@example.com','SUA','1746182008329-user_foto.jpg','PSR0004','A','eyJhbGciOiJIUzI1NiIsInR5cCI6IkpXVCJ9.eyJ1c2VyX2NvZGUiOiJVU1IwMDEiLCJ1c2VyX25hbWUiOiJzdXBlcmFkbWluIiwibGV2ZWwiOiJTVUEiLCJwYXNhcl9jb2RlIjoiUFNSMDAwNCIsImlhdCI6MTc0OTYxNDgzOH0.zOzInKr8w15zC-TILI7OHMUE3yEGYe8iN85gtIJ7hos','2025-04-29 09:10:47','2025-06-11 04:07:18');
/*!40000 ALTER TABLE `userakses` ENABLE KEYS */;
UNLOCK TABLES;
/*!40103 SET TIME_ZONE=@OLD_TIME_ZONE */;

/*!40101 SET SQL_MODE=@OLD_SQL_MODE */;
/*!40014 SET FOREIGN_KEY_CHECKS=@OLD_FOREIGN_KEY_CHECKS */;
/*!40014 SET UNIQUE_CHECKS=@OLD_UNIQUE_CHECKS */;
/*!40101 SET CHARACTER_SET_CLIENT=@OLD_CHARACTER_SET_CLIENT */;
/*!40101 SET CHARACTER_SET_RESULTS=@OLD_CHARACTER_SET_RESULTS */;
/*!40101 SET COLLATION_CONNECTION=@OLD_COLLATION_CONNECTION */;
/*!40111 SET SQL_NOTES=@OLD_SQL_NOTES */;

-- Dump completed on 2025-06-12 16:12:47
